ERROR: Unable to locate a modulefile for 'cuda/11.8.0-gcc-11.2.0-411'
==================================================
   STARTING LLAMA 2 MULTI-EPOCH PIPELINE
   Date: Tue Jan 27 18:28:32 CET 2026
==================================================

>>> [1/5] Evaluating BASE Model (No LoRA)...
   [Config] Detected CLUSTER Environment (Linux).
========================================
   STARTING JOB: llama2_reuters
   Device: cuda
========================================
   [Data] Loading Reuters (C50train)...
   [Data] Loading Reuters (C50test)...
   [Data] Final Test Size: 2500 samples
   [llama2] Loading Base Model from: /gpfs/data/fs71186/ziegler/ThesisProject/models/Llama-2-7b-hf
   [Pipeline] Generating Train Embeddings...
   [Pipeline] Generating Test Embeddings...
   [Save] Saving embeddings to: /gpfs/data/fs71186/ziegler/ThesisProject/results/embeddings/llama2_reuters_base.pt
   [Eval] Calculating metrics for llama2 on reuters...
   [Eval] Report saved: /gpfs/data/fs71186/ziegler/ThesisProject/results/logs/llama2_reuters_2026-01-27_18-36-34_report.txt
   [Eval] Plot saved: /gpfs/data/fs71186/ziegler/ThesisProject/results/plots/llama2_reuters_2026-01-27_18-36-34_matrix.png
------------------------------------------------

========================================
   JOB COMPLETE: llama2_reuters
==========================================
   [Config] Detected CLUSTER Environment (Linux).
========================================
   STARTING JOB: llama2_darkreddit
   Device: cuda
========================================
   [Data] Loading DarkReddit (darkreddit_authorship_attribution_train_anon.jsonl)...
   [Info] Detected keys - Text: 'comment', Author: 'author'
   [Data] Loading DarkReddit (darkreddit_authorship_attribution_test_anon.jsonl)...
   [Info] Detected keys - Text: 'comment', Author: 'author'
   [Data] Final Test Size: 2276 samples
   [llama2] Loading Base Model from: /gpfs/data/fs71186/ziegler/ThesisProject/models/Llama-2-7b-hf
   [Pipeline] Generating Train Embeddings...
   [Pipeline] Generating Test Embeddings...
   [Save] Saving embeddings to: /gpfs/data/fs71186/ziegler/ThesisProject/results/embeddings/llama2_darkreddit_base.pt
   [Eval] Calculating metrics for llama2 on darkreddit...
   [Eval] Report saved: /gpfs/data/fs71186/ziegler/ThesisProject/results/logs/llama2_darkreddit_2026-01-27_18-44-13_report.txt
   [Eval] Plot saved: /gpfs/data/fs71186/ziegler/ThesisProject/results/plots/llama2_darkreddit_2026-01-27_18-44-13_matrix.png
------------------------------------------------

========================================
   JOB COMPLETE: llama2_darkreddit
==========================================

>>> [2/5] Training LoRA (3 Epochs)...
   [Config] Detected CLUSTER Environment (Linux).
========================================
   STARTING LORA TRAINING (STANDARD BASE)
   Model:   llama2
   Dataset: reuters
========================================
   [Data] Loading dataset...
   [Data] Loading Reuters (C50train)...
   [Model] Loading Base: /gpfs/data/fs71186/ziegler/ThesisProject/models/Llama-2-7b-hf
trainable params: 4,194,304 || all params: 6,742,609,920 || trainable%: 0.0622
   [Train] Starting training loop...
{'loss': 1.8771, 'grad_norm': 0.16603383421897888, 'learning_rate': 0.00019904, 'epoch': 0.02}
{'loss': 1.8417, 'grad_norm': 0.20196311175823212, 'learning_rate': 0.00019797333333333334, 'epoch': 0.03}
{'loss': 1.8239, 'grad_norm': 0.24068355560302734, 'learning_rate': 0.0001969066666666667, 'epoch': 0.05}
{'loss': 1.8205, 'grad_norm': 0.2402787059545517, 'learning_rate': 0.00019584, 'epoch': 0.06}
{'loss': 1.7896, 'grad_norm': 0.3049714267253876, 'learning_rate': 0.00019477333333333335, 'epoch': 0.08}
{'loss': 1.8609, 'grad_norm': 0.24272947013378143, 'learning_rate': 0.00019370666666666667, 'epoch': 0.1}
{'loss': 1.8506, 'grad_norm': 0.23193928599357605, 'learning_rate': 0.00019264, 'epoch': 0.11}
{'loss': 1.7265, 'grad_norm': 0.25612878799438477, 'learning_rate': 0.00019157333333333335, 'epoch': 0.13}
{'loss': 1.7956, 'grad_norm': 0.26649901270866394, 'learning_rate': 0.00019050666666666668, 'epoch': 0.14}
{'loss': 1.7789, 'grad_norm': 0.25197720527648926, 'learning_rate': 0.00018944000000000003, 'epoch': 0.16}
{'loss': 1.7754, 'grad_norm': 0.24823912978172302, 'learning_rate': 0.00018837333333333333, 'epoch': 0.18}
{'loss': 1.761, 'grad_norm': 0.24459682404994965, 'learning_rate': 0.00018730666666666668, 'epoch': 0.19}
{'loss': 1.8309, 'grad_norm': 0.23787491023540497, 'learning_rate': 0.00018624, 'epoch': 0.21}
{'loss': 1.7982, 'grad_norm': 0.27546995878219604, 'learning_rate': 0.00018517333333333333, 'epoch': 0.22}
{'loss': 1.7882, 'grad_norm': 0.22722594439983368, 'learning_rate': 0.00018410666666666668, 'epoch': 0.24}
{'loss': 1.7862, 'grad_norm': 0.25419169664382935, 'learning_rate': 0.00018304, 'epoch': 0.26}
{'loss': 1.7777, 'grad_norm': 0.27465957403182983, 'learning_rate': 0.00018197333333333336, 'epoch': 0.27}
{'loss': 1.7587, 'grad_norm': 0.27082857489585876, 'learning_rate': 0.00018090666666666666, 'epoch': 0.29}
{'loss': 1.7289, 'grad_norm': 0.2577798366546631, 'learning_rate': 0.00017984, 'epoch': 0.3}
{'loss': 1.7818, 'grad_norm': 0.23316574096679688, 'learning_rate': 0.00017877333333333334, 'epoch': 0.32}
{'loss': 1.7876, 'grad_norm': 0.2684493362903595, 'learning_rate': 0.00017770666666666666, 'epoch': 0.34}
{'loss': 1.7703, 'grad_norm': 0.2686074376106262, 'learning_rate': 0.00017664000000000002, 'epoch': 0.35}
{'loss': 1.7467, 'grad_norm': 0.2722577154636383, 'learning_rate': 0.00017557333333333334, 'epoch': 0.37}
{'loss': 1.7819, 'grad_norm': 0.2825722098350525, 'learning_rate': 0.0001745066666666667, 'epoch': 0.38}
{'loss': 1.8212, 'grad_norm': 0.24605250358581543, 'learning_rate': 0.00017344, 'epoch': 0.4}
{'loss': 1.7528, 'grad_norm': 0.23920433223247528, 'learning_rate': 0.00017237333333333335, 'epoch': 0.42}
{'loss': 1.754, 'grad_norm': 0.2407701462507248, 'learning_rate': 0.00017130666666666667, 'epoch': 0.43}
{'loss': 1.7843, 'grad_norm': 0.274784654378891, 'learning_rate': 0.00017024, 'epoch': 0.45}
{'loss': 1.7694, 'grad_norm': 0.2697872519493103, 'learning_rate': 0.00016917333333333335, 'epoch': 0.46}
{'loss': 1.77, 'grad_norm': 0.2730675935745239, 'learning_rate': 0.00016810666666666667, 'epoch': 0.48}
{'loss': 1.7602, 'grad_norm': 0.2617678940296173, 'learning_rate': 0.00016704000000000003, 'epoch': 0.5}
{'loss': 1.7391, 'grad_norm': 0.2764892578125, 'learning_rate': 0.00016597333333333333, 'epoch': 0.51}
{'loss': 1.7652, 'grad_norm': 0.2667554020881653, 'learning_rate': 0.00016490666666666668, 'epoch': 0.53}
{'loss': 1.7913, 'grad_norm': 0.27718257904052734, 'learning_rate': 0.00016384, 'epoch': 0.54}
{'loss': 1.762, 'grad_norm': 0.26298317313194275, 'learning_rate': 0.00016277333333333333, 'epoch': 0.56}
{'loss': 1.8169, 'grad_norm': 0.3191492259502411, 'learning_rate': 0.00016170666666666668, 'epoch': 0.58}
{'loss': 1.7169, 'grad_norm': 0.2808402180671692, 'learning_rate': 0.00016064, 'epoch': 0.59}
{'loss': 1.7524, 'grad_norm': 0.2951973080635071, 'learning_rate': 0.00015957333333333333, 'epoch': 0.61}
{'loss': 1.764, 'grad_norm': 0.28418686985969543, 'learning_rate': 0.00015850666666666666, 'epoch': 0.62}
{'loss': 1.8054, 'grad_norm': 0.3227766752243042, 'learning_rate': 0.00015744, 'epoch': 0.64}
{'loss': 1.7854, 'grad_norm': 0.3246171176433563, 'learning_rate': 0.00015637333333333334, 'epoch': 0.66}
{'loss': 1.7485, 'grad_norm': 0.31120041012763977, 'learning_rate': 0.00015530666666666666, 'epoch': 0.67}
{'loss': 1.7281, 'grad_norm': 0.27286481857299805, 'learning_rate': 0.00015424000000000001, 'epoch': 0.69}
{'loss': 1.7191, 'grad_norm': 0.30010896921157837, 'learning_rate': 0.00015317333333333334, 'epoch': 0.7}
{'loss': 1.8117, 'grad_norm': 0.27267953753471375, 'learning_rate': 0.00015210666666666666, 'epoch': 0.72}
{'loss': 1.7403, 'grad_norm': 0.26335152983665466, 'learning_rate': 0.00015104, 'epoch': 0.74}
{'loss': 1.7456, 'grad_norm': 0.2627798616886139, 'learning_rate': 0.00014997333333333334, 'epoch': 0.75}
{'loss': 1.6901, 'grad_norm': 0.2762957513332367, 'learning_rate': 0.0001489066666666667, 'epoch': 0.77}
{'loss': 1.798, 'grad_norm': 0.36708611249923706, 'learning_rate': 0.00014784, 'epoch': 0.78}
{'loss': 1.7726, 'grad_norm': 0.29208308458328247, 'learning_rate': 0.00014677333333333335, 'epoch': 0.8}
{'loss': 1.7817, 'grad_norm': 0.29097801446914673, 'learning_rate': 0.00014570666666666667, 'epoch': 0.82}
{'loss': 1.7789, 'grad_norm': 0.3483703136444092, 'learning_rate': 0.00014464, 'epoch': 0.83}
{'loss': 1.7705, 'grad_norm': 0.3394376337528229, 'learning_rate': 0.00014357333333333335, 'epoch': 0.85}
{'loss': 1.7802, 'grad_norm': 0.3211602568626404, 'learning_rate': 0.00014250666666666668, 'epoch': 0.86}
{'loss': 1.7039, 'grad_norm': 0.2820453345775604, 'learning_rate': 0.00014144000000000003, 'epoch': 0.88}
{'loss': 1.7568, 'grad_norm': 0.2795347571372986, 'learning_rate': 0.00014037333333333333, 'epoch': 0.9}
{'loss': 1.7514, 'grad_norm': 0.29222914576530457, 'learning_rate': 0.00013930666666666668, 'epoch': 0.91}
{'loss': 1.7485, 'grad_norm': 0.36952245235443115, 'learning_rate': 0.00013824, 'epoch': 0.93}
{'loss': 1.7194, 'grad_norm': 0.2816847562789917, 'learning_rate': 0.00013717333333333333, 'epoch': 0.94}
{'loss': 1.722, 'grad_norm': 0.30497056245803833, 'learning_rate': 0.00013610666666666668, 'epoch': 0.96}
{'loss': 1.768, 'grad_norm': 0.2839428186416626, 'learning_rate': 0.00013504, 'epoch': 0.98}
{'loss': 1.7776, 'grad_norm': 0.31039494276046753, 'learning_rate': 0.00013397333333333336, 'epoch': 0.99}
{'loss': 1.7068, 'grad_norm': 0.32672542333602905, 'learning_rate': 0.00013290666666666666, 'epoch': 1.01}
{'loss': 1.6942, 'grad_norm': 0.33521708846092224, 'learning_rate': 0.00013184, 'epoch': 1.02}
{'loss': 1.6985, 'grad_norm': 0.382217139005661, 'learning_rate': 0.00013077333333333334, 'epoch': 1.04}
{'loss': 1.699, 'grad_norm': 0.38534319400787354, 'learning_rate': 0.00012970666666666666, 'epoch': 1.06}
{'loss': 1.7037, 'grad_norm': 0.35815516114234924, 'learning_rate': 0.00012864000000000002, 'epoch': 1.07}
{'loss': 1.6841, 'grad_norm': 0.36845099925994873, 'learning_rate': 0.00012757333333333334, 'epoch': 1.09}
{'loss': 1.7181, 'grad_norm': 0.3905910849571228, 'learning_rate': 0.00012650666666666667, 'epoch': 1.1}
{'loss': 1.7125, 'grad_norm': 0.4269314110279083, 'learning_rate': 0.00012544, 'epoch': 1.12}
{'loss': 1.7264, 'grad_norm': 0.39632681012153625, 'learning_rate': 0.00012437333333333334, 'epoch': 1.14}
{'loss': 1.6739, 'grad_norm': 0.38307201862335205, 'learning_rate': 0.00012330666666666667, 'epoch': 1.15}
{'loss': 1.669, 'grad_norm': 0.3943496644496918, 'learning_rate': 0.00012224, 'epoch': 1.17}
{'loss': 1.7039, 'grad_norm': 0.37238848209381104, 'learning_rate': 0.00012117333333333333, 'epoch': 1.18}
{'loss': 1.6691, 'grad_norm': 0.405698299407959, 'learning_rate': 0.00012010666666666667, 'epoch': 1.2}
{'loss': 1.7562, 'grad_norm': 0.3801235556602478, 'learning_rate': 0.00011904, 'epoch': 1.22}
{'loss': 1.6547, 'grad_norm': 0.45060044527053833, 'learning_rate': 0.00011797333333333334, 'epoch': 1.23}
{'loss': 1.7033, 'grad_norm': 0.42367491126060486, 'learning_rate': 0.00011690666666666668, 'epoch': 1.25}
{'loss': 1.6816, 'grad_norm': 0.3762117922306061, 'learning_rate': 0.00011584000000000002, 'epoch': 1.26}
{'loss': 1.6772, 'grad_norm': 0.44678953289985657, 'learning_rate': 0.00011477333333333333, 'epoch': 1.28}
{'loss': 1.7382, 'grad_norm': 0.4084182381629944, 'learning_rate': 0.00011370666666666667, 'epoch': 1.3}
{'loss': 1.698, 'grad_norm': 0.4702228307723999, 'learning_rate': 0.00011264, 'epoch': 1.31}
{'loss': 1.7159, 'grad_norm': 0.4353550672531128, 'learning_rate': 0.00011157333333333333, 'epoch': 1.33}
{'loss': 1.7301, 'grad_norm': 0.47538188099861145, 'learning_rate': 0.00011050666666666667, 'epoch': 1.34}
{'loss': 1.7123, 'grad_norm': 0.44731542468070984, 'learning_rate': 0.00010944000000000001, 'epoch': 1.36}
{'loss': 1.6944, 'grad_norm': 0.4889923930168152, 'learning_rate': 0.00010837333333333335, 'epoch': 1.38}
{'loss': 1.6811, 'grad_norm': 0.43575918674468994, 'learning_rate': 0.00010730666666666666, 'epoch': 1.39}
{'loss': 1.6667, 'grad_norm': 0.42196449637413025, 'learning_rate': 0.00010624000000000001, 'epoch': 1.41}
{'loss': 1.6953, 'grad_norm': 0.47250357270240784, 'learning_rate': 0.00010517333333333335, 'epoch': 1.42}
{'loss': 1.7533, 'grad_norm': 0.425482839345932, 'learning_rate': 0.00010410666666666666, 'epoch': 1.44}
{'loss': 1.7028, 'grad_norm': 0.4529642164707184, 'learning_rate': 0.00010304, 'epoch': 1.46}
{'loss': 1.6756, 'grad_norm': 0.41349631547927856, 'learning_rate': 0.00010197333333333334, 'epoch': 1.47}
{'loss': 1.689, 'grad_norm': 0.439422070980072, 'learning_rate': 0.00010090666666666665, 'epoch': 1.49}
{'loss': 1.6653, 'grad_norm': 0.4277247488498688, 'learning_rate': 9.984e-05, 'epoch': 1.5}
{'loss': 1.6747, 'grad_norm': 0.47135016322135925, 'learning_rate': 9.877333333333335e-05, 'epoch': 1.52}
{'loss': 1.6718, 'grad_norm': 0.4232814908027649, 'learning_rate': 9.770666666666667e-05, 'epoch': 1.54}
{'loss': 1.6777, 'grad_norm': 0.444674015045166, 'learning_rate': 9.664000000000001e-05, 'epoch': 1.55}
{'loss': 1.7443, 'grad_norm': 0.44927191734313965, 'learning_rate': 9.557333333333334e-05, 'epoch': 1.57}
{'loss': 1.7872, 'grad_norm': 0.4339461028575897, 'learning_rate': 9.450666666666667e-05, 'epoch': 1.58}
{'loss': 1.7261, 'grad_norm': 0.45397403836250305, 'learning_rate': 9.344e-05, 'epoch': 1.6}
{'loss': 1.6593, 'grad_norm': 0.539425253868103, 'learning_rate': 9.237333333333334e-05, 'epoch': 1.62}
{'loss': 1.6978, 'grad_norm': 0.4711051285266876, 'learning_rate': 9.130666666666668e-05, 'epoch': 1.63}
{'loss': 1.6758, 'grad_norm': 0.5704666376113892, 'learning_rate': 9.024e-05, 'epoch': 1.65}
{'loss': 1.7452, 'grad_norm': 0.42792797088623047, 'learning_rate': 8.917333333333334e-05, 'epoch': 1.66}
{'loss': 1.7085, 'grad_norm': 0.39873450994491577, 'learning_rate': 8.810666666666667e-05, 'epoch': 1.68}
{'loss': 1.6407, 'grad_norm': 0.4295128285884857, 'learning_rate': 8.704e-05, 'epoch': 1.7}
{'loss': 1.7104, 'grad_norm': 0.4625403881072998, 'learning_rate': 8.597333333333333e-05, 'epoch': 1.71}
{'loss': 1.7259, 'grad_norm': 0.4640350639820099, 'learning_rate': 8.490666666666667e-05, 'epoch': 1.73}
{'loss': 1.7281, 'grad_norm': 0.4612154960632324, 'learning_rate': 8.384000000000001e-05, 'epoch': 1.74}
{'loss': 1.6724, 'grad_norm': 0.4257814884185791, 'learning_rate': 8.277333333333334e-05, 'epoch': 1.76}
{'loss': 1.7493, 'grad_norm': 0.45563897490501404, 'learning_rate': 8.170666666666667e-05, 'epoch': 1.78}
{'loss': 1.7188, 'grad_norm': 0.44904428720474243, 'learning_rate': 8.064e-05, 'epoch': 1.79}
{'loss': 1.6657, 'grad_norm': 0.4716303050518036, 'learning_rate': 7.957333333333334e-05, 'epoch': 1.81}
{'loss': 1.7034, 'grad_norm': 0.5051625967025757, 'learning_rate': 7.850666666666668e-05, 'epoch': 1.82}
{'loss': 1.6861, 'grad_norm': 0.47463110089302063, 'learning_rate': 7.744e-05, 'epoch': 1.84}
{'loss': 1.6729, 'grad_norm': 0.46343058347702026, 'learning_rate': 7.637333333333334e-05, 'epoch': 1.86}
{'loss': 1.7074, 'grad_norm': 0.4431256651878357, 'learning_rate': 7.530666666666667e-05, 'epoch': 1.87}
{'loss': 1.6768, 'grad_norm': 0.43964073061943054, 'learning_rate': 7.424e-05, 'epoch': 1.89}
{'loss': 1.6809, 'grad_norm': 0.5021167993545532, 'learning_rate': 7.317333333333333e-05, 'epoch': 1.9}
{'loss': 1.7042, 'grad_norm': 0.42743879556655884, 'learning_rate': 7.210666666666667e-05, 'epoch': 1.92}
{'loss': 1.707, 'grad_norm': 0.4584549367427826, 'learning_rate': 7.104000000000001e-05, 'epoch': 1.94}
{'loss': 1.7326, 'grad_norm': 0.48936787247657776, 'learning_rate': 6.997333333333334e-05, 'epoch': 1.95}
{'loss': 1.6868, 'grad_norm': 0.45912379026412964, 'learning_rate': 6.890666666666668e-05, 'epoch': 1.97}
{'loss': 1.6318, 'grad_norm': 0.4844813644886017, 'learning_rate': 6.784e-05, 'epoch': 1.98}
{'loss': 1.6705, 'grad_norm': 0.4256865382194519, 'learning_rate': 6.677333333333333e-05, 'epoch': 2.0}
{'loss': 1.6266, 'grad_norm': 0.4940077066421509, 'learning_rate': 6.570666666666667e-05, 'epoch': 2.02}
{'loss': 1.6382, 'grad_norm': 0.49370473623275757, 'learning_rate': 6.464e-05, 'epoch': 2.03}
{'loss': 1.5694, 'grad_norm': 0.47995543479919434, 'learning_rate': 6.357333333333334e-05, 'epoch': 2.05}
{'loss': 1.6193, 'grad_norm': 0.546234130859375, 'learning_rate': 6.250666666666667e-05, 'epoch': 2.06}
{'loss': 1.6458, 'grad_norm': 0.49133583903312683, 'learning_rate': 6.144e-05, 'epoch': 2.08}
{'loss': 1.682, 'grad_norm': 0.487361341714859, 'learning_rate': 6.037333333333334e-05, 'epoch': 2.1}
{'loss': 1.6399, 'grad_norm': 0.5543558597564697, 'learning_rate': 5.9306666666666666e-05, 'epoch': 2.11}
{'loss': 1.6401, 'grad_norm': 0.5724939107894897, 'learning_rate': 5.8240000000000005e-05, 'epoch': 2.13}
{'loss': 1.6112, 'grad_norm': 0.5855249762535095, 'learning_rate': 5.717333333333334e-05, 'epoch': 2.14}
{'loss': 1.5932, 'grad_norm': 0.522124707698822, 'learning_rate': 5.6106666666666676e-05, 'epoch': 2.16}
{'loss': 1.6579, 'grad_norm': 0.5136042833328247, 'learning_rate': 5.504e-05, 'epoch': 2.18}
{'loss': 1.6782, 'grad_norm': 1.274216651916504, 'learning_rate': 5.3973333333333334e-05, 'epoch': 2.19}
{'loss': 1.688, 'grad_norm': 0.5789698958396912, 'learning_rate': 5.290666666666667e-05, 'epoch': 2.21}
{'loss': 1.6542, 'grad_norm': 0.5249072909355164, 'learning_rate': 5.184e-05, 'epoch': 2.22}
{'loss': 1.6636, 'grad_norm': 0.538477897644043, 'learning_rate': 5.077333333333334e-05, 'epoch': 2.24}
{'loss': 1.6258, 'grad_norm': 0.6064258813858032, 'learning_rate': 4.970666666666667e-05, 'epoch': 2.26}
{'loss': 1.6233, 'grad_norm': 0.5693739652633667, 'learning_rate': 4.864e-05, 'epoch': 2.27}
{'loss': 1.678, 'grad_norm': 0.560703694820404, 'learning_rate': 4.7573333333333334e-05, 'epoch': 2.29}
{'loss': 1.6326, 'grad_norm': 0.6143484115600586, 'learning_rate': 4.650666666666667e-05, 'epoch': 2.3}
{'loss': 1.6364, 'grad_norm': 0.5363317131996155, 'learning_rate': 4.5440000000000005e-05, 'epoch': 2.32}
{'loss': 1.5882, 'grad_norm': 0.5557889342308044, 'learning_rate': 4.437333333333333e-05, 'epoch': 2.34}
{'loss': 1.679, 'grad_norm': 0.6096391677856445, 'learning_rate': 4.330666666666667e-05, 'epoch': 2.35}
{'loss': 1.6511, 'grad_norm': 0.5890485048294067, 'learning_rate': 4.224e-05, 'epoch': 2.37}
{'loss': 1.6723, 'grad_norm': 0.6046798229217529, 'learning_rate': 4.1173333333333334e-05, 'epoch': 2.38}
{'loss': 1.6245, 'grad_norm': 0.5467092990875244, 'learning_rate': 4.0106666666666673e-05, 'epoch': 2.4}
{'loss': 1.6829, 'grad_norm': 0.5716133713722229, 'learning_rate': 3.9040000000000006e-05, 'epoch': 2.42}
{'loss': 1.5632, 'grad_norm': 0.5330038666725159, 'learning_rate': 3.797333333333333e-05, 'epoch': 2.43}
{'loss': 1.6606, 'grad_norm': 0.567137598991394, 'learning_rate': 3.690666666666667e-05, 'epoch': 2.45}
{'loss': 1.6138, 'grad_norm': 0.6010444164276123, 'learning_rate': 3.584e-05, 'epoch': 2.46}
{'loss': 1.6661, 'grad_norm': 0.7121447920799255, 'learning_rate': 3.4773333333333335e-05, 'epoch': 2.48}
{'loss': 1.6311, 'grad_norm': 0.5500410795211792, 'learning_rate': 3.370666666666667e-05, 'epoch': 2.5}
{'loss': 1.5855, 'grad_norm': 0.6109146475791931, 'learning_rate': 3.2640000000000006e-05, 'epoch': 2.51}
{'loss': 1.6243, 'grad_norm': 0.5967022180557251, 'learning_rate': 3.157333333333333e-05, 'epoch': 2.53}
{'loss': 1.6445, 'grad_norm': 0.5482171773910522, 'learning_rate': 3.0506666666666667e-05, 'epoch': 2.54}
{'loss': 1.6176, 'grad_norm': 0.5596435070037842, 'learning_rate': 2.944e-05, 'epoch': 2.56}
{'loss': 1.5686, 'grad_norm': 0.5945100784301758, 'learning_rate': 2.8373333333333335e-05, 'epoch': 2.58}
{'loss': 1.6292, 'grad_norm': 0.556093692779541, 'learning_rate': 2.730666666666667e-05, 'epoch': 2.59}
{'loss': 1.6453, 'grad_norm': 0.6929125785827637, 'learning_rate': 2.6240000000000003e-05, 'epoch': 2.61}
{'loss': 1.6633, 'grad_norm': 0.5757448673248291, 'learning_rate': 2.5173333333333332e-05, 'epoch': 2.62}
{'loss': 1.7173, 'grad_norm': 0.6189611554145813, 'learning_rate': 2.4106666666666667e-05, 'epoch': 2.64}
{'loss': 1.6764, 'grad_norm': 0.6477087140083313, 'learning_rate': 2.304e-05, 'epoch': 2.66}
{'loss': 1.5932, 'grad_norm': 0.6135488748550415, 'learning_rate': 2.1973333333333335e-05, 'epoch': 2.67}
{'loss': 1.6388, 'grad_norm': 0.6180651783943176, 'learning_rate': 2.0906666666666668e-05, 'epoch': 2.69}
{'loss': 1.6151, 'grad_norm': 0.5540333986282349, 'learning_rate': 1.984e-05, 'epoch': 2.7}
{'loss': 1.6472, 'grad_norm': 0.5539766550064087, 'learning_rate': 1.8773333333333335e-05, 'epoch': 2.72}
{'loss': 1.6093, 'grad_norm': 0.6631332039833069, 'learning_rate': 1.7706666666666668e-05, 'epoch': 2.74}
{'loss': 1.6247, 'grad_norm': 4.318353176116943, 'learning_rate': 1.664e-05, 'epoch': 2.75}
{'loss': 1.6297, 'grad_norm': 0.563691258430481, 'learning_rate': 1.5573333333333336e-05, 'epoch': 2.77}
{'loss': 1.7079, 'grad_norm': 0.6327977180480957, 'learning_rate': 1.4506666666666668e-05, 'epoch': 2.78}
{'loss': 1.629, 'grad_norm': 0.5770441889762878, 'learning_rate': 1.344e-05, 'epoch': 2.8}
{'loss': 1.6129, 'grad_norm': 0.5986538529396057, 'learning_rate': 1.2373333333333334e-05, 'epoch': 2.82}
{'loss': 1.6152, 'grad_norm': 0.5467785000801086, 'learning_rate': 1.1306666666666666e-05, 'epoch': 2.83}
{'loss': 1.6586, 'grad_norm': 0.5102987885475159, 'learning_rate': 1.024e-05, 'epoch': 2.85}
{'loss': 1.6591, 'grad_norm': 0.5886887311935425, 'learning_rate': 9.173333333333334e-06, 'epoch': 2.86}
{'loss': 1.597, 'grad_norm': 0.6566848754882812, 'learning_rate': 8.106666666666666e-06, 'epoch': 2.88}
{'loss': 1.6176, 'grad_norm': 0.6271144151687622, 'learning_rate': 7.04e-06, 'epoch': 2.9}
{'loss': 1.6275, 'grad_norm': 0.6530704498291016, 'learning_rate': 5.9733333333333335e-06, 'epoch': 2.91}
{'loss': 1.6011, 'grad_norm': 0.592026948928833, 'learning_rate': 4.906666666666667e-06, 'epoch': 2.93}
{'loss': 1.6185, 'grad_norm': 0.5905092358589172, 'learning_rate': 3.84e-06, 'epoch': 2.94}
{'loss': 1.6663, 'grad_norm': 0.64377361536026, 'learning_rate': 2.773333333333333e-06, 'epoch': 2.96}
{'loss': 1.6065, 'grad_norm': 0.5373687744140625, 'learning_rate': 1.706666666666667e-06, 'epoch': 2.98}
{'loss': 1.6503, 'grad_norm': 0.550879180431366, 'learning_rate': 6.4e-07, 'epoch': 2.99}
{'train_runtime': 1712.5266, 'train_samples_per_second': 4.379, 'train_steps_per_second': 1.095, 'train_loss': 1.7024947240193684, 'epoch': 3.0}
   [Save] Saving adapter to /gpfs/data/fs71186/ziegler/ThesisProject/results/adapters/llama2_reuters
   [Config] Detected CLUSTER Environment (Linux).
========================================
   STARTING LORA TRAINING (STANDARD BASE)
   Model:   llama2
   Dataset: darkreddit
========================================
   [Data] Loading dataset...
   [Data] Loading DarkReddit (darkreddit_authorship_attribution_train_anon.jsonl)...
   [Info] Detected keys - Text: 'comment', Author: 'author'
   [Model] Loading Base: /gpfs/data/fs71186/ziegler/ThesisProject/models/Llama-2-7b-hf
trainable params: 4,194,304 || all params: 6,742,609,920 || trainable%: 0.0622
   [Train] Starting training loop...
{'loss': 2.8493, 'grad_norm': 0.30820199847221375, 'learning_rate': 0.00019964809384164224, 'epoch': 0.01}
{'loss': 2.6312, 'grad_norm': 0.4923453629016876, 'learning_rate': 0.0001992570869990225, 'epoch': 0.01}
{'loss': 2.5758, 'grad_norm': 0.6698993444442749, 'learning_rate': 0.00019886608015640275, 'epoch': 0.02}
{'loss': 2.642, 'grad_norm': 0.42960333824157715, 'learning_rate': 0.000198475073313783, 'epoch': 0.02}
{'loss': 2.6568, 'grad_norm': 0.49494823813438416, 'learning_rate': 0.00019808406647116327, 'epoch': 0.03}
{'loss': 2.635, 'grad_norm': 0.7058948874473572, 'learning_rate': 0.0001976930596285435, 'epoch': 0.04}
{'loss': 2.525, 'grad_norm': 0.40676364302635193, 'learning_rate': 0.00019730205278592375, 'epoch': 0.04}
{'loss': 2.5852, 'grad_norm': 1.03458571434021, 'learning_rate': 0.000196911045943304, 'epoch': 0.05}
{'loss': 2.6625, 'grad_norm': 0.8662823438644409, 'learning_rate': 0.00019652003910068427, 'epoch': 0.05}
{'loss': 2.6197, 'grad_norm': 0.6467728614807129, 'learning_rate': 0.0001961290322580645, 'epoch': 0.06}
{'loss': 2.5136, 'grad_norm': 0.6677379608154297, 'learning_rate': 0.00019573802541544478, 'epoch': 0.06}
{'loss': 2.5433, 'grad_norm': 0.5575430989265442, 'learning_rate': 0.000195347018572825, 'epoch': 0.07}
{'loss': 2.5236, 'grad_norm': 0.848943829536438, 'learning_rate': 0.00019495601173020528, 'epoch': 0.08}
{'loss': 2.5253, 'grad_norm': 0.5790535807609558, 'learning_rate': 0.00019456500488758554, 'epoch': 0.08}
{'loss': 2.461, 'grad_norm': 0.6285284757614136, 'learning_rate': 0.00019417399804496578, 'epoch': 0.09}
{'loss': 2.6105, 'grad_norm': 0.5200968980789185, 'learning_rate': 0.00019378299120234604, 'epoch': 0.09}
{'loss': 2.5921, 'grad_norm': 0.7305896282196045, 'learning_rate': 0.0001933919843597263, 'epoch': 0.1}
{'loss': 2.49, 'grad_norm': 0.8500487208366394, 'learning_rate': 0.00019300097751710654, 'epoch': 0.11}
{'loss': 2.4713, 'grad_norm': 0.4969214200973511, 'learning_rate': 0.0001926099706744868, 'epoch': 0.11}
{'loss': 2.4694, 'grad_norm': 0.7908913493156433, 'learning_rate': 0.00019221896383186707, 'epoch': 0.12}
{'loss': 2.5656, 'grad_norm': 0.5617184638977051, 'learning_rate': 0.0001918279569892473, 'epoch': 0.12}
{'loss': 2.5869, 'grad_norm': 0.6661109328269958, 'learning_rate': 0.00019143695014662757, 'epoch': 0.13}
{'loss': 2.5743, 'grad_norm': 0.5796961188316345, 'learning_rate': 0.00019104594330400783, 'epoch': 0.13}
{'loss': 2.5027, 'grad_norm': 0.48736557364463806, 'learning_rate': 0.00019065493646138807, 'epoch': 0.14}
{'loss': 2.4754, 'grad_norm': 0.705852746963501, 'learning_rate': 0.00019026392961876833, 'epoch': 0.15}
{'loss': 2.4477, 'grad_norm': 0.6414677500724792, 'learning_rate': 0.0001898729227761486, 'epoch': 0.15}
{'loss': 2.4388, 'grad_norm': 0.770210325717926, 'learning_rate': 0.00018948191593352884, 'epoch': 0.16}
{'loss': 2.5167, 'grad_norm': 0.5957642197608948, 'learning_rate': 0.0001890909090909091, 'epoch': 0.16}
{'loss': 2.4563, 'grad_norm': 0.7821828126907349, 'learning_rate': 0.00018869990224828936, 'epoch': 0.17}
{'loss': 2.5212, 'grad_norm': 0.7033519744873047, 'learning_rate': 0.0001883088954056696, 'epoch': 0.18}
{'loss': 2.4654, 'grad_norm': 0.7601607441902161, 'learning_rate': 0.00018791788856304986, 'epoch': 0.18}
{'loss': 2.5837, 'grad_norm': 0.5615567564964294, 'learning_rate': 0.00018752688172043013, 'epoch': 0.19}
{'loss': 2.5325, 'grad_norm': 0.8061768412590027, 'learning_rate': 0.00018713587487781036, 'epoch': 0.19}
{'loss': 2.5868, 'grad_norm': 0.35436031222343445, 'learning_rate': 0.00018674486803519063, 'epoch': 0.2}
{'loss': 2.5058, 'grad_norm': 0.8605685234069824, 'learning_rate': 0.00018635386119257087, 'epoch': 0.21}
{'loss': 2.4819, 'grad_norm': 0.5476071834564209, 'learning_rate': 0.00018596285434995113, 'epoch': 0.21}
{'loss': 2.3214, 'grad_norm': 0.6352505683898926, 'learning_rate': 0.0001855718475073314, 'epoch': 0.22}
{'loss': 2.6086, 'grad_norm': 0.5326682329177856, 'learning_rate': 0.00018518084066471163, 'epoch': 0.22}
{'loss': 2.4103, 'grad_norm': 0.6885697245597839, 'learning_rate': 0.0001847898338220919, 'epoch': 0.23}
{'loss': 2.5417, 'grad_norm': 0.5018404722213745, 'learning_rate': 0.00018439882697947216, 'epoch': 0.23}
{'loss': 2.4993, 'grad_norm': 0.5170092582702637, 'learning_rate': 0.0001840078201368524, 'epoch': 0.24}
{'loss': 2.5833, 'grad_norm': 0.6970943212509155, 'learning_rate': 0.00018361681329423266, 'epoch': 0.25}
{'loss': 2.4581, 'grad_norm': 0.48326411843299866, 'learning_rate': 0.00018322580645161292, 'epoch': 0.25}
{'loss': 2.5091, 'grad_norm': 0.6185325980186462, 'learning_rate': 0.00018283479960899316, 'epoch': 0.26}
{'loss': 2.5551, 'grad_norm': 0.46961382031440735, 'learning_rate': 0.00018244379276637342, 'epoch': 0.26}
{'loss': 2.4821, 'grad_norm': 0.7097331881523132, 'learning_rate': 0.0001820527859237537, 'epoch': 0.27}
{'loss': 2.4449, 'grad_norm': 0.4487614631652832, 'learning_rate': 0.00018166177908113392, 'epoch': 0.28}
{'loss': 2.3809, 'grad_norm': 0.7773370742797852, 'learning_rate': 0.0001812707722385142, 'epoch': 0.28}
{'loss': 2.6433, 'grad_norm': 0.8711904287338257, 'learning_rate': 0.00018087976539589445, 'epoch': 0.29}
{'loss': 2.521, 'grad_norm': 0.5522173047065735, 'learning_rate': 0.0001804887585532747, 'epoch': 0.29}
{'loss': 2.4433, 'grad_norm': 0.6381303668022156, 'learning_rate': 0.00018009775171065495, 'epoch': 0.3}
{'loss': 2.5266, 'grad_norm': 1.1228582859039307, 'learning_rate': 0.00017970674486803522, 'epoch': 0.3}
{'loss': 2.4847, 'grad_norm': 0.6058433651924133, 'learning_rate': 0.00017931573802541545, 'epoch': 0.31}
{'loss': 2.5441, 'grad_norm': 0.9102433919906616, 'learning_rate': 0.00017892473118279572, 'epoch': 0.32}
{'loss': 2.5658, 'grad_norm': 0.5694813132286072, 'learning_rate': 0.00017853372434017598, 'epoch': 0.32}
{'loss': 2.4378, 'grad_norm': 0.5343186259269714, 'learning_rate': 0.00017814271749755622, 'epoch': 0.33}
{'loss': 2.4667, 'grad_norm': 0.7138531804084778, 'learning_rate': 0.00017775171065493648, 'epoch': 0.33}
{'loss': 2.4857, 'grad_norm': 0.794167697429657, 'learning_rate': 0.00017736070381231672, 'epoch': 0.34}
{'loss': 2.4433, 'grad_norm': 0.4874952733516693, 'learning_rate': 0.00017696969696969698, 'epoch': 0.35}
{'loss': 2.568, 'grad_norm': 0.8725067973136902, 'learning_rate': 0.00017657869012707725, 'epoch': 0.35}
{'loss': 2.5157, 'grad_norm': 0.7367345094680786, 'learning_rate': 0.00017618768328445748, 'epoch': 0.36}
{'loss': 2.4381, 'grad_norm': 0.5134273171424866, 'learning_rate': 0.00017579667644183775, 'epoch': 0.36}
{'loss': 2.5301, 'grad_norm': 0.6600639224052429, 'learning_rate': 0.000175405669599218, 'epoch': 0.37}
{'loss': 2.5259, 'grad_norm': 0.43396544456481934, 'learning_rate': 0.00017501466275659825, 'epoch': 0.38}
{'loss': 2.426, 'grad_norm': 0.7864642143249512, 'learning_rate': 0.0001746236559139785, 'epoch': 0.38}
{'loss': 2.6006, 'grad_norm': 0.5859737396240234, 'learning_rate': 0.00017423264907135878, 'epoch': 0.39}
{'loss': 2.4913, 'grad_norm': 0.6003451943397522, 'learning_rate': 0.000173841642228739, 'epoch': 0.39}
{'loss': 2.4625, 'grad_norm': 0.808297336101532, 'learning_rate': 0.00017345063538611928, 'epoch': 0.4}
{'loss': 2.4017, 'grad_norm': 0.8189387917518616, 'learning_rate': 0.00017305962854349954, 'epoch': 0.4}
{'loss': 2.4301, 'grad_norm': 0.6013317704200745, 'learning_rate': 0.00017266862170087978, 'epoch': 0.41}
{'loss': 2.5545, 'grad_norm': 0.47974950075149536, 'learning_rate': 0.00017227761485826, 'epoch': 0.42}
{'loss': 2.5664, 'grad_norm': 0.7808750867843628, 'learning_rate': 0.00017188660801564028, 'epoch': 0.42}
{'loss': 2.5065, 'grad_norm': 1.2388817071914673, 'learning_rate': 0.00017149560117302051, 'epoch': 0.43}
{'loss': 2.5045, 'grad_norm': 0.5197557210922241, 'learning_rate': 0.00017110459433040078, 'epoch': 0.43}
{'loss': 2.4612, 'grad_norm': 0.7533104419708252, 'learning_rate': 0.00017071358748778104, 'epoch': 0.44}
{'loss': 2.4812, 'grad_norm': 0.5387812256813049, 'learning_rate': 0.00017032258064516128, 'epoch': 0.45}
{'loss': 2.3355, 'grad_norm': 0.6105906963348389, 'learning_rate': 0.00016993157380254154, 'epoch': 0.45}
{'loss': 2.5751, 'grad_norm': 0.8744527101516724, 'learning_rate': 0.0001695405669599218, 'epoch': 0.46}
{'loss': 2.4121, 'grad_norm': 0.671798825263977, 'learning_rate': 0.00016914956011730204, 'epoch': 0.46}
{'loss': 2.3044, 'grad_norm': 0.6397585868835449, 'learning_rate': 0.0001687585532746823, 'epoch': 0.47}
{'loss': 2.5322, 'grad_norm': 0.8197722434997559, 'learning_rate': 0.00016836754643206257, 'epoch': 0.48}
{'loss': 2.4035, 'grad_norm': 0.39267396926879883, 'learning_rate': 0.0001679765395894428, 'epoch': 0.48}
{'loss': 2.5362, 'grad_norm': 0.47665393352508545, 'learning_rate': 0.00016758553274682307, 'epoch': 0.49}
{'loss': 2.511, 'grad_norm': 0.5564752221107483, 'learning_rate': 0.00016719452590420334, 'epoch': 0.49}
{'loss': 2.5716, 'grad_norm': 0.6158726215362549, 'learning_rate': 0.00016680351906158357, 'epoch': 0.5}
{'loss': 2.442, 'grad_norm': 0.6973183155059814, 'learning_rate': 0.00016641251221896384, 'epoch': 0.5}
{'loss': 2.3474, 'grad_norm': 0.5640749335289001, 'learning_rate': 0.0001660215053763441, 'epoch': 0.51}
{'loss': 2.3756, 'grad_norm': 0.5854266285896301, 'learning_rate': 0.00016563049853372434, 'epoch': 0.52}
{'loss': 2.3405, 'grad_norm': 0.5794382691383362, 'learning_rate': 0.0001652394916911046, 'epoch': 0.52}
{'loss': 2.4831, 'grad_norm': 0.8826444149017334, 'learning_rate': 0.00016484848484848487, 'epoch': 0.53}
{'loss': 2.3921, 'grad_norm': 0.6426854729652405, 'learning_rate': 0.0001644574780058651, 'epoch': 0.53}
{'loss': 2.4772, 'grad_norm': 0.5953077673912048, 'learning_rate': 0.00016406647116324537, 'epoch': 0.54}
{'loss': 2.6022, 'grad_norm': 0.4660511910915375, 'learning_rate': 0.0001636754643206256, 'epoch': 0.55}
{'loss': 2.5566, 'grad_norm': 0.8352460265159607, 'learning_rate': 0.00016328445747800587, 'epoch': 0.55}
{'loss': 2.4217, 'grad_norm': 0.587654173374176, 'learning_rate': 0.00016289345063538613, 'epoch': 0.56}
{'loss': 2.5815, 'grad_norm': 0.5371754765510559, 'learning_rate': 0.00016250244379276637, 'epoch': 0.56}
{'loss': 2.4817, 'grad_norm': 0.5662100911140442, 'learning_rate': 0.00016211143695014663, 'epoch': 0.57}
{'loss': 2.4768, 'grad_norm': 0.5068581104278564, 'learning_rate': 0.0001617204301075269, 'epoch': 0.57}
{'loss': 2.5791, 'grad_norm': 0.6684364080429077, 'learning_rate': 0.00016132942326490713, 'epoch': 0.58}
{'loss': 2.5039, 'grad_norm': 0.680164098739624, 'learning_rate': 0.0001609384164222874, 'epoch': 0.59}
{'loss': 2.4987, 'grad_norm': 0.5562770962715149, 'learning_rate': 0.00016054740957966766, 'epoch': 0.59}
{'loss': 2.4363, 'grad_norm': 0.6202350854873657, 'learning_rate': 0.0001601564027370479, 'epoch': 0.6}
{'loss': 2.5294, 'grad_norm': 1.1919026374816895, 'learning_rate': 0.00015976539589442816, 'epoch': 0.6}
{'loss': 2.5245, 'grad_norm': 0.5715059638023376, 'learning_rate': 0.00015937438905180842, 'epoch': 0.61}
{'loss': 2.4856, 'grad_norm': 0.6973292827606201, 'learning_rate': 0.00015898338220918866, 'epoch': 0.62}
{'loss': 2.4321, 'grad_norm': 0.7653114795684814, 'learning_rate': 0.00015859237536656893, 'epoch': 0.62}
{'loss': 2.4999, 'grad_norm': 0.6940870881080627, 'learning_rate': 0.0001582013685239492, 'epoch': 0.63}
{'loss': 2.3774, 'grad_norm': 0.36806395649909973, 'learning_rate': 0.00015781036168132943, 'epoch': 0.63}
{'loss': 2.4037, 'grad_norm': 0.6228098273277283, 'learning_rate': 0.0001574193548387097, 'epoch': 0.64}
{'loss': 2.472, 'grad_norm': 0.646229088306427, 'learning_rate': 0.00015702834799608995, 'epoch': 0.65}
{'loss': 2.3957, 'grad_norm': 0.8646297454833984, 'learning_rate': 0.0001566373411534702, 'epoch': 0.65}
{'loss': 2.2894, 'grad_norm': 0.7258713245391846, 'learning_rate': 0.00015624633431085045, 'epoch': 0.66}
{'loss': 2.4525, 'grad_norm': 0.7998244166374207, 'learning_rate': 0.00015585532746823072, 'epoch': 0.66}
{'loss': 2.4061, 'grad_norm': 2.0148141384124756, 'learning_rate': 0.00015546432062561096, 'epoch': 0.67}
{'loss': 2.4444, 'grad_norm': 0.6893641352653503, 'learning_rate': 0.00015507331378299122, 'epoch': 0.67}
{'loss': 2.4747, 'grad_norm': 0.8551157116889954, 'learning_rate': 0.00015468230694037146, 'epoch': 0.68}
{'loss': 2.2806, 'grad_norm': 0.5890623927116394, 'learning_rate': 0.00015429130009775172, 'epoch': 0.69}
{'loss': 2.4681, 'grad_norm': 0.4601695239543915, 'learning_rate': 0.00015390029325513198, 'epoch': 0.69}
{'loss': 2.5726, 'grad_norm': 0.8045049905776978, 'learning_rate': 0.00015350928641251222, 'epoch': 0.7}
{'loss': 2.4833, 'grad_norm': 0.8125073313713074, 'learning_rate': 0.00015311827956989248, 'epoch': 0.7}
{'loss': 2.3577, 'grad_norm': 0.7499783635139465, 'learning_rate': 0.00015272727272727275, 'epoch': 0.71}
{'loss': 2.3673, 'grad_norm': 0.8340323567390442, 'learning_rate': 0.00015233626588465299, 'epoch': 0.72}
{'loss': 2.5261, 'grad_norm': 0.6823326945304871, 'learning_rate': 0.00015194525904203325, 'epoch': 0.72}
{'loss': 2.4089, 'grad_norm': 0.42411017417907715, 'learning_rate': 0.0001515542521994135, 'epoch': 0.73}
{'loss': 2.5648, 'grad_norm': 0.8990929126739502, 'learning_rate': 0.00015116324535679375, 'epoch': 0.73}
{'loss': 2.4778, 'grad_norm': 0.7762036919593811, 'learning_rate': 0.00015077223851417401, 'epoch': 0.74}
{'loss': 2.5021, 'grad_norm': 0.6159470081329346, 'learning_rate': 0.00015038123167155428, 'epoch': 0.74}
{'loss': 2.4242, 'grad_norm': 0.9042887687683105, 'learning_rate': 0.00014999022482893451, 'epoch': 0.75}
{'loss': 2.3989, 'grad_norm': 0.5844425559043884, 'learning_rate': 0.00014959921798631478, 'epoch': 0.76}
{'loss': 2.6315, 'grad_norm': 1.0074299573898315, 'learning_rate': 0.00014920821114369504, 'epoch': 0.76}
{'loss': 2.398, 'grad_norm': 1.0887972116470337, 'learning_rate': 0.00014881720430107528, 'epoch': 0.77}
{'loss': 2.4922, 'grad_norm': 0.5470355749130249, 'learning_rate': 0.00014842619745845554, 'epoch': 0.77}
{'loss': 2.3523, 'grad_norm': 0.8012937903404236, 'learning_rate': 0.0001480351906158358, 'epoch': 0.78}
{'loss': 2.4279, 'grad_norm': 0.9129542112350464, 'learning_rate': 0.00014764418377321604, 'epoch': 0.79}
{'loss': 2.487, 'grad_norm': 0.7799256443977356, 'learning_rate': 0.00014725317693059628, 'epoch': 0.79}
{'loss': 2.5216, 'grad_norm': 0.503661572933197, 'learning_rate': 0.00014686217008797654, 'epoch': 0.8}
{'loss': 2.3603, 'grad_norm': 0.5979830026626587, 'learning_rate': 0.00014647116324535678, 'epoch': 0.8}
{'loss': 2.4465, 'grad_norm': 0.78108149766922, 'learning_rate': 0.00014608015640273705, 'epoch': 0.81}
{'loss': 2.376, 'grad_norm': 0.7092480659484863, 'learning_rate': 0.0001456891495601173, 'epoch': 0.82}
{'loss': 2.4662, 'grad_norm': 0.8271222710609436, 'learning_rate': 0.00014529814271749755, 'epoch': 0.82}
{'loss': 2.4102, 'grad_norm': 1.002220869064331, 'learning_rate': 0.0001449071358748778, 'epoch': 0.83}
{'loss': 2.6094, 'grad_norm': 0.7744572162628174, 'learning_rate': 0.00014451612903225807, 'epoch': 0.83}
{'loss': 2.2592, 'grad_norm': 1.0123448371887207, 'learning_rate': 0.0001441251221896383, 'epoch': 0.84}
{'loss': 2.2349, 'grad_norm': 0.4874010980129242, 'learning_rate': 0.00014373411534701857, 'epoch': 0.84}
{'loss': 2.3695, 'grad_norm': 0.7675830721855164, 'learning_rate': 0.00014334310850439884, 'epoch': 0.85}
{'loss': 2.4998, 'grad_norm': 0.6623890995979309, 'learning_rate': 0.00014295210166177908, 'epoch': 0.86}
{'loss': 2.4539, 'grad_norm': 1.399344563484192, 'learning_rate': 0.00014256109481915934, 'epoch': 0.86}
{'loss': 2.3615, 'grad_norm': 0.5836799144744873, 'learning_rate': 0.0001421700879765396, 'epoch': 0.87}
{'loss': 2.5105, 'grad_norm': 0.7451753616333008, 'learning_rate': 0.00014177908113391984, 'epoch': 0.87}
{'loss': 2.4763, 'grad_norm': 0.695257306098938, 'learning_rate': 0.0001413880742913001, 'epoch': 0.88}
{'loss': 2.4816, 'grad_norm': 1.138949990272522, 'learning_rate': 0.00014099706744868034, 'epoch': 0.89}
{'loss': 2.6113, 'grad_norm': 0.8741722106933594, 'learning_rate': 0.0001406060606060606, 'epoch': 0.89}
{'loss': 2.5267, 'grad_norm': 0.5943903923034668, 'learning_rate': 0.00014021505376344087, 'epoch': 0.9}
{'loss': 2.4529, 'grad_norm': 0.5437279343605042, 'learning_rate': 0.0001398240469208211, 'epoch': 0.9}
{'loss': 2.5128, 'grad_norm': 0.46649613976478577, 'learning_rate': 0.00013943304007820137, 'epoch': 0.91}
{'loss': 2.3344, 'grad_norm': 0.9544039964675903, 'learning_rate': 0.00013904203323558163, 'epoch': 0.91}
{'loss': 2.5066, 'grad_norm': 0.8312908411026001, 'learning_rate': 0.00013865102639296187, 'epoch': 0.92}
{'loss': 2.4372, 'grad_norm': 0.8701924085617065, 'learning_rate': 0.00013826001955034213, 'epoch': 0.93}
{'loss': 2.46, 'grad_norm': 0.764597475528717, 'learning_rate': 0.0001378690127077224, 'epoch': 0.93}
{'loss': 2.2821, 'grad_norm': 0.5093333721160889, 'learning_rate': 0.00013747800586510263, 'epoch': 0.94}
{'loss': 2.475, 'grad_norm': 1.0785412788391113, 'learning_rate': 0.0001370869990224829, 'epoch': 0.94}
{'loss': 2.4154, 'grad_norm': 0.5767013430595398, 'learning_rate': 0.00013669599217986316, 'epoch': 0.95}
{'loss': 2.4375, 'grad_norm': 0.44595542550086975, 'learning_rate': 0.0001363049853372434, 'epoch': 0.96}
{'loss': 2.3995, 'grad_norm': 0.6963105797767639, 'learning_rate': 0.00013591397849462366, 'epoch': 0.96}
{'loss': 2.4394, 'grad_norm': 0.628190815448761, 'learning_rate': 0.00013552297165200393, 'epoch': 0.97}
{'loss': 2.3588, 'grad_norm': 0.720203161239624, 'learning_rate': 0.00013513196480938416, 'epoch': 0.97}
{'loss': 2.4612, 'grad_norm': 0.8164897561073303, 'learning_rate': 0.00013474095796676443, 'epoch': 0.98}
{'loss': 2.5207, 'grad_norm': 1.2973133325576782, 'learning_rate': 0.0001343499511241447, 'epoch': 0.99}
{'loss': 2.5654, 'grad_norm': 0.892241358757019, 'learning_rate': 0.00013395894428152493, 'epoch': 0.99}
{'loss': 2.5266, 'grad_norm': 0.7437326312065125, 'learning_rate': 0.0001335679374389052, 'epoch': 1.0}
{'loss': 2.4485, 'grad_norm': 0.6759166717529297, 'learning_rate': 0.00013317693059628546, 'epoch': 1.0}
{'loss': 2.3485, 'grad_norm': 0.36955487728118896, 'learning_rate': 0.0001327859237536657, 'epoch': 1.01}
{'loss': 2.4011, 'grad_norm': 1.2439484596252441, 'learning_rate': 0.00013239491691104596, 'epoch': 1.01}
{'loss': 2.4184, 'grad_norm': 0.5187005996704102, 'learning_rate': 0.0001320039100684262, 'epoch': 1.02}
{'loss': 2.4012, 'grad_norm': 0.89989173412323, 'learning_rate': 0.00013161290322580646, 'epoch': 1.03}
{'loss': 2.4939, 'grad_norm': 0.7629830837249756, 'learning_rate': 0.00013122189638318672, 'epoch': 1.03}
{'loss': 2.3012, 'grad_norm': 0.7551273107528687, 'learning_rate': 0.00013083088954056696, 'epoch': 1.04}
{'loss': 2.4158, 'grad_norm': 0.8144611716270447, 'learning_rate': 0.00013043988269794722, 'epoch': 1.04}
{'loss': 2.5058, 'grad_norm': 0.6052999496459961, 'learning_rate': 0.00013004887585532749, 'epoch': 1.05}
{'loss': 2.2324, 'grad_norm': 0.9490323662757874, 'learning_rate': 0.00012965786901270772, 'epoch': 1.06}
{'loss': 2.5239, 'grad_norm': 0.8875269889831543, 'learning_rate': 0.000129266862170088, 'epoch': 1.06}
{'loss': 2.3835, 'grad_norm': 0.7416980266571045, 'learning_rate': 0.00012887585532746825, 'epoch': 1.07}
{'loss': 2.3685, 'grad_norm': 0.6751426458358765, 'learning_rate': 0.0001284848484848485, 'epoch': 1.07}
{'loss': 2.3729, 'grad_norm': 0.6906895637512207, 'learning_rate': 0.00012809384164222875, 'epoch': 1.08}
{'loss': 2.3439, 'grad_norm': 0.7857785224914551, 'learning_rate': 0.00012770283479960902, 'epoch': 1.09}
{'loss': 2.4797, 'grad_norm': 0.8013454675674438, 'learning_rate': 0.00012731182795698925, 'epoch': 1.09}
{'loss': 2.3942, 'grad_norm': 0.8918978571891785, 'learning_rate': 0.00012692082111436952, 'epoch': 1.1}
{'loss': 2.3659, 'grad_norm': 0.7685180306434631, 'learning_rate': 0.00012652981427174978, 'epoch': 1.1}
{'loss': 2.5383, 'grad_norm': 0.9683746099472046, 'learning_rate': 0.00012613880742913002, 'epoch': 1.11}
{'loss': 2.3254, 'grad_norm': 1.1726362705230713, 'learning_rate': 0.00012574780058651028, 'epoch': 1.11}
{'loss': 2.3217, 'grad_norm': 0.5715848803520203, 'learning_rate': 0.00012535679374389054, 'epoch': 1.12}
{'loss': 2.3414, 'grad_norm': 0.8494844436645508, 'learning_rate': 0.00012496578690127078, 'epoch': 1.13}
{'loss': 2.4029, 'grad_norm': 0.7981157302856445, 'learning_rate': 0.00012457478005865105, 'epoch': 1.13}
{'loss': 2.3723, 'grad_norm': 0.9097917079925537, 'learning_rate': 0.0001241837732160313, 'epoch': 1.14}
{'loss': 2.4059, 'grad_norm': 0.5938892960548401, 'learning_rate': 0.00012379276637341155, 'epoch': 1.14}
{'loss': 2.3519, 'grad_norm': 0.6965258717536926, 'learning_rate': 0.0001234017595307918, 'epoch': 1.15}
{'loss': 2.3778, 'grad_norm': 0.765527606010437, 'learning_rate': 0.00012301075268817205, 'epoch': 1.16}
{'loss': 2.3181, 'grad_norm': 0.8948296904563904, 'learning_rate': 0.0001226197458455523, 'epoch': 1.16}
{'loss': 2.2507, 'grad_norm': 0.8876134157180786, 'learning_rate': 0.00012222873900293255, 'epoch': 1.17}
{'loss': 2.4014, 'grad_norm': 0.6161666512489319, 'learning_rate': 0.0001218377321603128, 'epoch': 1.17}
{'loss': 2.2428, 'grad_norm': 1.0971920490264893, 'learning_rate': 0.00012144672531769306, 'epoch': 1.18}
{'loss': 2.1494, 'grad_norm': 0.676520586013794, 'learning_rate': 0.00012105571847507331, 'epoch': 1.18}
{'loss': 2.4205, 'grad_norm': 0.5744949579238892, 'learning_rate': 0.00012066471163245356, 'epoch': 1.19}
{'loss': 2.14, 'grad_norm': 1.0535742044448853, 'learning_rate': 0.00012027370478983381, 'epoch': 1.2}
{'loss': 2.386, 'grad_norm': 0.5970349311828613, 'learning_rate': 0.00011988269794721408, 'epoch': 1.2}
{'loss': 2.3841, 'grad_norm': 0.7456982731819153, 'learning_rate': 0.00011949169110459433, 'epoch': 1.21}
{'loss': 2.2939, 'grad_norm': 0.6690626740455627, 'learning_rate': 0.00011910068426197458, 'epoch': 1.21}
{'loss': 2.3689, 'grad_norm': 0.949751615524292, 'learning_rate': 0.00011870967741935484, 'epoch': 1.22}
{'loss': 2.2183, 'grad_norm': 0.7005584239959717, 'learning_rate': 0.00011831867057673509, 'epoch': 1.23}
{'loss': 2.3298, 'grad_norm': 0.9913938045501709, 'learning_rate': 0.00011792766373411534, 'epoch': 1.23}
{'loss': 2.2514, 'grad_norm': 0.8733302354812622, 'learning_rate': 0.0001175366568914956, 'epoch': 1.24}
{'loss': 2.161, 'grad_norm': 0.5945537090301514, 'learning_rate': 0.00011714565004887586, 'epoch': 1.24}
{'loss': 2.3956, 'grad_norm': 0.6433210372924805, 'learning_rate': 0.00011675464320625611, 'epoch': 1.25}
{'loss': 2.3686, 'grad_norm': 1.279661774635315, 'learning_rate': 0.00011636363636363636, 'epoch': 1.26}
{'loss': 2.4449, 'grad_norm': 0.7709125280380249, 'learning_rate': 0.00011597262952101662, 'epoch': 1.26}
{'loss': 2.3851, 'grad_norm': 0.8274639844894409, 'learning_rate': 0.00011558162267839687, 'epoch': 1.27}
{'loss': 2.3469, 'grad_norm': 0.8224883079528809, 'learning_rate': 0.00011519061583577712, 'epoch': 1.27}
{'loss': 2.3261, 'grad_norm': 0.6790167689323425, 'learning_rate': 0.00011479960899315739, 'epoch': 1.28}
{'loss': 2.5346, 'grad_norm': 0.8238608241081238, 'learning_rate': 0.00011440860215053764, 'epoch': 1.28}
{'loss': 2.3029, 'grad_norm': 0.634975016117096, 'learning_rate': 0.00011401759530791789, 'epoch': 1.29}
{'loss': 2.4398, 'grad_norm': 0.7479029297828674, 'learning_rate': 0.00011362658846529815, 'epoch': 1.3}
{'loss': 2.39, 'grad_norm': 0.9004860520362854, 'learning_rate': 0.0001132355816226784, 'epoch': 1.3}
{'loss': 2.4404, 'grad_norm': 1.1309640407562256, 'learning_rate': 0.00011284457478005865, 'epoch': 1.31}
{'loss': 2.3285, 'grad_norm': 0.7641199827194214, 'learning_rate': 0.00011245356793743891, 'epoch': 1.31}
{'loss': 2.4064, 'grad_norm': 0.8417800068855286, 'learning_rate': 0.00011206256109481917, 'epoch': 1.32}
{'loss': 2.3796, 'grad_norm': 0.6869652271270752, 'learning_rate': 0.00011167155425219942, 'epoch': 1.33}
{'loss': 2.5376, 'grad_norm': 0.7282362580299377, 'learning_rate': 0.00011128054740957967, 'epoch': 1.33}
{'loss': 2.3694, 'grad_norm': 0.8584662675857544, 'learning_rate': 0.00011088954056695993, 'epoch': 1.34}
{'loss': 2.3827, 'grad_norm': 0.9524698257446289, 'learning_rate': 0.00011049853372434018, 'epoch': 1.34}
{'loss': 2.352, 'grad_norm': 0.7366918921470642, 'learning_rate': 0.00011010752688172043, 'epoch': 1.35}
{'loss': 2.3696, 'grad_norm': 1.0279804468154907, 'learning_rate': 0.0001097165200391007, 'epoch': 1.35}
{'loss': 2.4863, 'grad_norm': 0.7016246914863586, 'learning_rate': 0.00010932551319648094, 'epoch': 1.36}
{'loss': 2.3117, 'grad_norm': 1.149165391921997, 'learning_rate': 0.0001089345063538612, 'epoch': 1.37}
{'loss': 2.2478, 'grad_norm': 0.9089904427528381, 'learning_rate': 0.00010854349951124146, 'epoch': 1.37}
{'loss': 2.3235, 'grad_norm': 1.205731987953186, 'learning_rate': 0.00010815249266862171, 'epoch': 1.38}
{'loss': 2.1866, 'grad_norm': 1.0001728534698486, 'learning_rate': 0.00010776148582600196, 'epoch': 1.38}
{'loss': 2.4559, 'grad_norm': 1.4886808395385742, 'learning_rate': 0.00010737047898338221, 'epoch': 1.39}
{'loss': 2.3612, 'grad_norm': 0.6248209476470947, 'learning_rate': 0.00010697947214076247, 'epoch': 1.4}
{'loss': 2.2774, 'grad_norm': 1.0250970125198364, 'learning_rate': 0.00010658846529814272, 'epoch': 1.4}
{'loss': 2.1524, 'grad_norm': 0.6256553530693054, 'learning_rate': 0.00010619745845552297, 'epoch': 1.41}
{'loss': 2.363, 'grad_norm': 0.8563688397407532, 'learning_rate': 0.00010580645161290324, 'epoch': 1.41}
{'loss': 2.4944, 'grad_norm': 0.7999380826950073, 'learning_rate': 0.00010541544477028349, 'epoch': 1.42}
{'loss': 2.3917, 'grad_norm': 1.2316067218780518, 'learning_rate': 0.00010502443792766374, 'epoch': 1.43}
{'loss': 2.4343, 'grad_norm': 0.8996455669403076, 'learning_rate': 0.000104633431085044, 'epoch': 1.43}
{'loss': 2.3415, 'grad_norm': 0.774691641330719, 'learning_rate': 0.00010424242424242425, 'epoch': 1.44}
{'loss': 2.3476, 'grad_norm': 0.6706870198249817, 'learning_rate': 0.0001038514173998045, 'epoch': 1.44}
{'loss': 2.2747, 'grad_norm': 0.8193537592887878, 'learning_rate': 0.00010346041055718477, 'epoch': 1.45}
{'loss': 2.2181, 'grad_norm': 0.7348347902297974, 'learning_rate': 0.00010306940371456502, 'epoch': 1.45}
{'loss': 2.3035, 'grad_norm': 1.0815585851669312, 'learning_rate': 0.00010267839687194527, 'epoch': 1.46}
{'loss': 2.3821, 'grad_norm': 2.687633514404297, 'learning_rate': 0.00010228739002932552, 'epoch': 1.47}
{'loss': 2.3399, 'grad_norm': 1.1176315546035767, 'learning_rate': 0.00010189638318670578, 'epoch': 1.47}
{'loss': 2.4654, 'grad_norm': 0.7375770211219788, 'learning_rate': 0.00010150537634408603, 'epoch': 1.48}
{'loss': 2.4277, 'grad_norm': 0.7860495448112488, 'learning_rate': 0.00010111436950146628, 'epoch': 1.48}
{'loss': 2.3578, 'grad_norm': 0.771835446357727, 'learning_rate': 0.00010072336265884655, 'epoch': 1.49}
{'loss': 2.2901, 'grad_norm': 1.0811423063278198, 'learning_rate': 0.0001003323558162268, 'epoch': 1.5}
{'loss': 2.4074, 'grad_norm': 1.3202285766601562, 'learning_rate': 9.994134897360703e-05, 'epoch': 1.5}
{'loss': 2.3538, 'grad_norm': 0.5919572710990906, 'learning_rate': 9.95503421309873e-05, 'epoch': 1.51}
{'loss': 2.3649, 'grad_norm': 0.7850138545036316, 'learning_rate': 9.915933528836755e-05, 'epoch': 1.51}
{'loss': 2.2766, 'grad_norm': 0.7684763669967651, 'learning_rate': 9.87683284457478e-05, 'epoch': 1.52}
{'loss': 2.3093, 'grad_norm': 1.054854154586792, 'learning_rate': 9.837732160312806e-05, 'epoch': 1.52}
{'loss': 2.3463, 'grad_norm': 0.7519558668136597, 'learning_rate': 9.798631476050831e-05, 'epoch': 1.53}
{'loss': 2.396, 'grad_norm': 0.8171775937080383, 'learning_rate': 9.759530791788856e-05, 'epoch': 1.54}
{'loss': 2.4187, 'grad_norm': 0.9224902391433716, 'learning_rate': 9.720430107526883e-05, 'epoch': 1.54}
{'loss': 2.3253, 'grad_norm': 1.0013805627822876, 'learning_rate': 9.681329423264908e-05, 'epoch': 1.55}
{'loss': 2.3347, 'grad_norm': 1.2301232814788818, 'learning_rate': 9.642228739002933e-05, 'epoch': 1.55}
{'loss': 2.4406, 'grad_norm': 0.6565091609954834, 'learning_rate': 9.603128054740958e-05, 'epoch': 1.56}
{'loss': 2.4142, 'grad_norm': 0.7414467334747314, 'learning_rate': 9.564027370478984e-05, 'epoch': 1.57}
{'loss': 2.3093, 'grad_norm': 0.7975147366523743, 'learning_rate': 9.52492668621701e-05, 'epoch': 1.57}
{'loss': 2.4578, 'grad_norm': 0.8739392757415771, 'learning_rate': 9.485826001955034e-05, 'epoch': 1.58}
{'loss': 2.3589, 'grad_norm': 0.9047780632972717, 'learning_rate': 9.446725317693061e-05, 'epoch': 1.58}
{'loss': 2.2929, 'grad_norm': 0.9109073281288147, 'learning_rate': 9.407624633431086e-05, 'epoch': 1.59}
{'loss': 2.3349, 'grad_norm': 1.3517260551452637, 'learning_rate': 9.368523949169111e-05, 'epoch': 1.6}
{'loss': 2.5001, 'grad_norm': 1.078547477722168, 'learning_rate': 9.329423264907137e-05, 'epoch': 1.6}
{'loss': 2.3816, 'grad_norm': 0.7923632860183716, 'learning_rate': 9.290322580645162e-05, 'epoch': 1.61}
{'loss': 2.3221, 'grad_norm': 0.7131340503692627, 'learning_rate': 9.251221896383187e-05, 'epoch': 1.61}
{'loss': 2.1744, 'grad_norm': 0.8718737363815308, 'learning_rate': 9.212121212121214e-05, 'epoch': 1.62}
{'loss': 2.4265, 'grad_norm': 2.143065929412842, 'learning_rate': 9.173020527859239e-05, 'epoch': 1.62}
{'loss': 2.46, 'grad_norm': 0.9441598057746887, 'learning_rate': 9.133919843597264e-05, 'epoch': 1.63}
{'loss': 2.3962, 'grad_norm': 1.1338438987731934, 'learning_rate': 9.094819159335289e-05, 'epoch': 1.64}
{'loss': 2.3789, 'grad_norm': 1.3130481243133545, 'learning_rate': 9.055718475073314e-05, 'epoch': 1.64}
{'loss': 2.2076, 'grad_norm': 0.6815688014030457, 'learning_rate': 9.016617790811339e-05, 'epoch': 1.65}
{'loss': 2.4141, 'grad_norm': 0.8219920992851257, 'learning_rate': 8.977517106549365e-05, 'epoch': 1.65}
{'loss': 2.4181, 'grad_norm': 1.1109645366668701, 'learning_rate': 8.93841642228739e-05, 'epoch': 1.66}
{'loss': 2.3253, 'grad_norm': 1.1801602840423584, 'learning_rate': 8.899315738025415e-05, 'epoch': 1.67}
{'loss': 2.2598, 'grad_norm': 0.8792521953582764, 'learning_rate': 8.86021505376344e-05, 'epoch': 1.67}
{'loss': 2.4043, 'grad_norm': 0.9915289878845215, 'learning_rate': 8.821114369501467e-05, 'epoch': 1.68}
{'loss': 2.4682, 'grad_norm': 0.8680132627487183, 'learning_rate': 8.782013685239492e-05, 'epoch': 1.68}
{'loss': 2.4428, 'grad_norm': 0.8806165456771851, 'learning_rate': 8.742913000977517e-05, 'epoch': 1.69}
{'loss': 2.4077, 'grad_norm': 1.0809919834136963, 'learning_rate': 8.703812316715543e-05, 'epoch': 1.7}
{'loss': 2.3617, 'grad_norm': 0.7328264117240906, 'learning_rate': 8.664711632453568e-05, 'epoch': 1.7}
{'loss': 2.3307, 'grad_norm': 0.8691880702972412, 'learning_rate': 8.625610948191593e-05, 'epoch': 1.71}
{'loss': 2.291, 'grad_norm': 0.9007179141044617, 'learning_rate': 8.58651026392962e-05, 'epoch': 1.71}
{'loss': 2.422, 'grad_norm': 0.8070530891418457, 'learning_rate': 8.547409579667645e-05, 'epoch': 1.72}
{'loss': 2.3978, 'grad_norm': 0.8871862888336182, 'learning_rate': 8.50830889540567e-05, 'epoch': 1.72}
{'loss': 2.448, 'grad_norm': 1.285574197769165, 'learning_rate': 8.469208211143695e-05, 'epoch': 1.73}
{'loss': 2.3647, 'grad_norm': 0.7041902542114258, 'learning_rate': 8.430107526881721e-05, 'epoch': 1.74}
{'loss': 2.2922, 'grad_norm': 1.3782628774642944, 'learning_rate': 8.391006842619746e-05, 'epoch': 1.74}
{'loss': 2.3977, 'grad_norm': 0.9024688005447388, 'learning_rate': 8.351906158357771e-05, 'epoch': 1.75}
{'loss': 2.3961, 'grad_norm': 0.7758726477622986, 'learning_rate': 8.312805474095798e-05, 'epoch': 1.75}
{'loss': 2.3846, 'grad_norm': 0.7919625043869019, 'learning_rate': 8.273704789833823e-05, 'epoch': 1.76}
{'loss': 2.2894, 'grad_norm': 0.9657307863235474, 'learning_rate': 8.234604105571848e-05, 'epoch': 1.77}
{'loss': 2.2732, 'grad_norm': 0.7216413021087646, 'learning_rate': 8.195503421309874e-05, 'epoch': 1.77}
{'loss': 2.2483, 'grad_norm': 1.136109471321106, 'learning_rate': 8.156402737047899e-05, 'epoch': 1.78}
{'loss': 2.3537, 'grad_norm': 1.0237741470336914, 'learning_rate': 8.117302052785924e-05, 'epoch': 1.78}
{'loss': 2.3192, 'grad_norm': 0.779283881187439, 'learning_rate': 8.07820136852395e-05, 'epoch': 1.79}
{'loss': 2.4177, 'grad_norm': 1.0774065256118774, 'learning_rate': 8.039100684261976e-05, 'epoch': 1.79}
{'loss': 2.403, 'grad_norm': 2.066337823867798, 'learning_rate': 8e-05, 'epoch': 1.8}
{'loss': 2.4367, 'grad_norm': 1.291226863861084, 'learning_rate': 7.960899315738026e-05, 'epoch': 1.81}
{'loss': 2.2725, 'grad_norm': 0.7932253479957581, 'learning_rate': 7.921798631476052e-05, 'epoch': 1.81}
{'loss': 2.4127, 'grad_norm': 0.6224154233932495, 'learning_rate': 7.882697947214077e-05, 'epoch': 1.82}
{'loss': 2.2376, 'grad_norm': 1.0409786701202393, 'learning_rate': 7.843597262952102e-05, 'epoch': 1.82}
{'loss': 2.3971, 'grad_norm': 0.886002779006958, 'learning_rate': 7.804496578690127e-05, 'epoch': 1.83}
{'loss': 2.2436, 'grad_norm': 0.7966409921646118, 'learning_rate': 7.765395894428152e-05, 'epoch': 1.84}
{'loss': 2.3209, 'grad_norm': 0.6850037574768066, 'learning_rate': 7.726295210166177e-05, 'epoch': 1.84}
{'loss': 2.2136, 'grad_norm': 0.6591150164604187, 'learning_rate': 7.687194525904204e-05, 'epoch': 1.85}
{'loss': 2.4458, 'grad_norm': 0.8583666086196899, 'learning_rate': 7.648093841642229e-05, 'epoch': 1.85}
{'loss': 2.3261, 'grad_norm': 0.9845907688140869, 'learning_rate': 7.608993157380254e-05, 'epoch': 1.86}
{'loss': 2.343, 'grad_norm': 0.7269191145896912, 'learning_rate': 7.56989247311828e-05, 'epoch': 1.87}
{'loss': 2.2378, 'grad_norm': 1.1386198997497559, 'learning_rate': 7.530791788856305e-05, 'epoch': 1.87}
{'loss': 2.28, 'grad_norm': 0.7906654477119446, 'learning_rate': 7.49169110459433e-05, 'epoch': 1.88}
{'loss': 2.2304, 'grad_norm': 0.9134203195571899, 'learning_rate': 7.452590420332357e-05, 'epoch': 1.88}
{'loss': 2.3887, 'grad_norm': 0.9567268490791321, 'learning_rate': 7.413489736070382e-05, 'epoch': 1.89}
{'loss': 2.2912, 'grad_norm': 1.1609723567962646, 'learning_rate': 7.374389051808407e-05, 'epoch': 1.89}
{'loss': 2.4945, 'grad_norm': 0.839949369430542, 'learning_rate': 7.335288367546432e-05, 'epoch': 1.9}
{'loss': 2.2783, 'grad_norm': 0.8348937034606934, 'learning_rate': 7.296187683284458e-05, 'epoch': 1.91}
{'loss': 2.3567, 'grad_norm': 0.8093269467353821, 'learning_rate': 7.257086999022483e-05, 'epoch': 1.91}
{'loss': 2.2601, 'grad_norm': 0.8181850910186768, 'learning_rate': 7.217986314760508e-05, 'epoch': 1.92}
{'loss': 2.1764, 'grad_norm': 0.8902217149734497, 'learning_rate': 7.178885630498535e-05, 'epoch': 1.92}
{'loss': 2.3733, 'grad_norm': 0.7340393662452698, 'learning_rate': 7.13978494623656e-05, 'epoch': 1.93}
{'loss': 2.3031, 'grad_norm': 0.9652639627456665, 'learning_rate': 7.100684261974585e-05, 'epoch': 1.94}
{'loss': 2.4771, 'grad_norm': 0.7853614687919617, 'learning_rate': 7.061583577712611e-05, 'epoch': 1.94}
{'loss': 2.3416, 'grad_norm': 0.9849108457565308, 'learning_rate': 7.022482893450636e-05, 'epoch': 1.95}
{'loss': 2.2545, 'grad_norm': 0.6071749329566956, 'learning_rate': 6.983382209188661e-05, 'epoch': 1.95}
{'loss': 2.2589, 'grad_norm': 1.1718274354934692, 'learning_rate': 6.944281524926687e-05, 'epoch': 1.96}
{'loss': 2.4424, 'grad_norm': 1.0893217325210571, 'learning_rate': 6.905180840664713e-05, 'epoch': 1.96}
{'loss': 2.2461, 'grad_norm': 0.9638208150863647, 'learning_rate': 6.866080156402738e-05, 'epoch': 1.97}
{'loss': 2.3867, 'grad_norm': 1.0461113452911377, 'learning_rate': 6.826979472140763e-05, 'epoch': 1.98}
{'loss': 2.3616, 'grad_norm': 0.922197163105011, 'learning_rate': 6.787878787878789e-05, 'epoch': 1.98}
{'loss': 2.3825, 'grad_norm': 0.8692243099212646, 'learning_rate': 6.748778103616814e-05, 'epoch': 1.99}
{'loss': 2.3421, 'grad_norm': 1.3648627996444702, 'learning_rate': 6.709677419354839e-05, 'epoch': 1.99}
{'loss': 2.4056, 'grad_norm': 0.7065972685813904, 'learning_rate': 6.670576735092865e-05, 'epoch': 2.0}
{'loss': 2.4137, 'grad_norm': 1.0692598819732666, 'learning_rate': 6.63147605083089e-05, 'epoch': 2.01}
{'loss': 2.2011, 'grad_norm': 0.5901814103126526, 'learning_rate': 6.592375366568914e-05, 'epoch': 2.01}
{'loss': 2.1173, 'grad_norm': 1.0681464672088623, 'learning_rate': 6.55327468230694e-05, 'epoch': 2.02}
{'loss': 2.2798, 'grad_norm': 0.8831092715263367, 'learning_rate': 6.514173998044966e-05, 'epoch': 2.02}
{'loss': 2.3701, 'grad_norm': 1.0318241119384766, 'learning_rate': 6.47507331378299e-05, 'epoch': 2.03}
{'loss': 2.273, 'grad_norm': 0.9670159220695496, 'learning_rate': 6.435972629521017e-05, 'epoch': 2.04}
{'loss': 2.2487, 'grad_norm': 1.1505168676376343, 'learning_rate': 6.396871945259042e-05, 'epoch': 2.04}
{'loss': 2.1557, 'grad_norm': 0.838433027267456, 'learning_rate': 6.357771260997067e-05, 'epoch': 2.05}
{'loss': 2.1719, 'grad_norm': 1.0367244482040405, 'learning_rate': 6.318670576735093e-05, 'epoch': 2.05}
{'loss': 2.1387, 'grad_norm': 0.8426343202590942, 'learning_rate': 6.279569892473119e-05, 'epoch': 2.06}
{'loss': 2.2453, 'grad_norm': 0.6386285424232483, 'learning_rate': 6.240469208211144e-05, 'epoch': 2.06}
{'loss': 2.2828, 'grad_norm': 0.990523099899292, 'learning_rate': 6.201368523949169e-05, 'epoch': 2.07}
{'loss': 2.0847, 'grad_norm': 0.8458805084228516, 'learning_rate': 6.162267839687195e-05, 'epoch': 2.08}
{'loss': 2.3657, 'grad_norm': 0.8511524200439453, 'learning_rate': 6.12316715542522e-05, 'epoch': 2.08}
{'loss': 2.2668, 'grad_norm': 1.2067344188690186, 'learning_rate': 6.084066471163246e-05, 'epoch': 2.09}
{'loss': 2.2088, 'grad_norm': 0.9296066164970398, 'learning_rate': 6.044965786901271e-05, 'epoch': 2.09}
{'loss': 2.1756, 'grad_norm': 0.8556392788887024, 'learning_rate': 6.0058651026392965e-05, 'epoch': 2.1}
{'loss': 2.3161, 'grad_norm': 1.300908088684082, 'learning_rate': 5.966764418377322e-05, 'epoch': 2.11}
{'loss': 2.2631, 'grad_norm': 1.1584607362747192, 'learning_rate': 5.927663734115347e-05, 'epoch': 2.11}
{'loss': 2.4274, 'grad_norm': 0.9241231679916382, 'learning_rate': 5.888563049853373e-05, 'epoch': 2.12}
{'loss': 2.3794, 'grad_norm': 1.3443323373794556, 'learning_rate': 5.849462365591398e-05, 'epoch': 2.12}
{'loss': 2.3267, 'grad_norm': 1.4847676753997803, 'learning_rate': 5.810361681329424e-05, 'epoch': 2.13}
{'loss': 2.2806, 'grad_norm': 1.2735995054244995, 'learning_rate': 5.7712609970674494e-05, 'epoch': 2.13}
{'loss': 2.3244, 'grad_norm': 0.9465000629425049, 'learning_rate': 5.7321603128054744e-05, 'epoch': 2.14}
{'loss': 2.3071, 'grad_norm': 0.7401628494262695, 'learning_rate': 5.6930596285435e-05, 'epoch': 2.15}
{'loss': 2.1558, 'grad_norm': 0.8605706691741943, 'learning_rate': 5.653958944281525e-05, 'epoch': 2.15}
{'loss': 2.3021, 'grad_norm': 0.9590099453926086, 'learning_rate': 5.614858260019551e-05, 'epoch': 2.16}
{'loss': 2.24, 'grad_norm': 0.979690432548523, 'learning_rate': 5.5757575757575766e-05, 'epoch': 2.16}
{'loss': 2.2384, 'grad_norm': 0.9305225014686584, 'learning_rate': 5.5366568914956016e-05, 'epoch': 2.17}
{'loss': 2.2794, 'grad_norm': 0.9427549839019775, 'learning_rate': 5.4975562072336274e-05, 'epoch': 2.18}
{'loss': 2.2417, 'grad_norm': 1.100972056388855, 'learning_rate': 5.458455522971653e-05, 'epoch': 2.18}
{'loss': 2.2506, 'grad_norm': 1.126099705696106, 'learning_rate': 5.419354838709678e-05, 'epoch': 2.19}
{'loss': 2.2504, 'grad_norm': 1.0744860172271729, 'learning_rate': 5.380254154447704e-05, 'epoch': 2.19}
{'loss': 2.2065, 'grad_norm': 1.97747802734375, 'learning_rate': 5.341153470185728e-05, 'epoch': 2.2}
{'loss': 2.3645, 'grad_norm': 1.5543818473815918, 'learning_rate': 5.302052785923753e-05, 'epoch': 2.21}
{'loss': 2.3305, 'grad_norm': 1.91067373752594, 'learning_rate': 5.262952101661779e-05, 'epoch': 2.21}
{'loss': 2.2824, 'grad_norm': 1.0239678621292114, 'learning_rate': 5.2238514173998046e-05, 'epoch': 2.22}
{'loss': 2.1852, 'grad_norm': 1.1021281480789185, 'learning_rate': 5.18475073313783e-05, 'epoch': 2.22}
{'loss': 2.2027, 'grad_norm': 1.866776466369629, 'learning_rate': 5.1456500488758554e-05, 'epoch': 2.23}
{'loss': 2.2204, 'grad_norm': 1.126420259475708, 'learning_rate': 5.1065493646138804e-05, 'epoch': 2.23}
{'loss': 2.3138, 'grad_norm': 0.8729867935180664, 'learning_rate': 5.067448680351906e-05, 'epoch': 2.24}
{'loss': 2.1785, 'grad_norm': 1.1345946788787842, 'learning_rate': 5.028347996089932e-05, 'epoch': 2.25}
{'loss': 2.2057, 'grad_norm': 1.0478249788284302, 'learning_rate': 4.989247311827957e-05, 'epoch': 2.25}
{'loss': 2.2119, 'grad_norm': 1.5236796140670776, 'learning_rate': 4.9501466275659826e-05, 'epoch': 2.26}
{'loss': 2.2552, 'grad_norm': 1.304415225982666, 'learning_rate': 4.9110459433040076e-05, 'epoch': 2.26}
{'loss': 2.2502, 'grad_norm': 1.0836820602416992, 'learning_rate': 4.8719452590420334e-05, 'epoch': 2.27}
{'loss': 2.4178, 'grad_norm': 1.1652156114578247, 'learning_rate': 4.832844574780059e-05, 'epoch': 2.28}
{'loss': 2.3588, 'grad_norm': 1.1082857847213745, 'learning_rate': 4.793743890518084e-05, 'epoch': 2.28}
{'loss': 2.3423, 'grad_norm': 0.9607694745063782, 'learning_rate': 4.75464320625611e-05, 'epoch': 2.29}
{'loss': 2.2819, 'grad_norm': 0.9354081153869629, 'learning_rate': 4.715542521994135e-05, 'epoch': 2.29}
{'loss': 2.2644, 'grad_norm': 1.0991276502609253, 'learning_rate': 4.6764418377321606e-05, 'epoch': 2.3}
{'loss': 2.2776, 'grad_norm': 0.844879686832428, 'learning_rate': 4.637341153470186e-05, 'epoch': 2.3}
{'loss': 2.2701, 'grad_norm': 1.1067427396774292, 'learning_rate': 4.598240469208211e-05, 'epoch': 2.31}
{'loss': 2.2784, 'grad_norm': 0.9991364479064941, 'learning_rate': 4.559139784946237e-05, 'epoch': 2.32}
{'loss': 2.3178, 'grad_norm': 0.8700892925262451, 'learning_rate': 4.520039100684262e-05, 'epoch': 2.32}
{'loss': 2.2351, 'grad_norm': 0.9325695037841797, 'learning_rate': 4.480938416422288e-05, 'epoch': 2.33}
{'loss': 2.2113, 'grad_norm': 0.7945695519447327, 'learning_rate': 4.4418377321603135e-05, 'epoch': 2.33}
{'loss': 2.2956, 'grad_norm': 1.072882056236267, 'learning_rate': 4.402737047898338e-05, 'epoch': 2.34}
{'loss': 2.3352, 'grad_norm': 1.0311955213546753, 'learning_rate': 4.3636363636363636e-05, 'epoch': 2.35}
{'loss': 2.2533, 'grad_norm': 1.6217341423034668, 'learning_rate': 4.324535679374389e-05, 'epoch': 2.35}
{'loss': 2.3869, 'grad_norm': 0.8399248123168945, 'learning_rate': 4.285434995112414e-05, 'epoch': 2.36}
{'loss': 2.1877, 'grad_norm': 1.1431752443313599, 'learning_rate': 4.24633431085044e-05, 'epoch': 2.36}
{'loss': 2.3395, 'grad_norm': 1.4831100702285767, 'learning_rate': 4.207233626588466e-05, 'epoch': 2.37}
{'loss': 2.2928, 'grad_norm': 1.1701176166534424, 'learning_rate': 4.168132942326491e-05, 'epoch': 2.38}
{'loss': 2.1192, 'grad_norm': 1.4324777126312256, 'learning_rate': 4.1290322580645165e-05, 'epoch': 2.38}
{'loss': 2.3293, 'grad_norm': 0.7795320153236389, 'learning_rate': 4.0899315738025415e-05, 'epoch': 2.39}
{'loss': 2.35, 'grad_norm': 0.9790041446685791, 'learning_rate': 4.050830889540567e-05, 'epoch': 2.39}
{'loss': 2.2471, 'grad_norm': 1.5135334730148315, 'learning_rate': 4.011730205278593e-05, 'epoch': 2.4}
{'loss': 2.2641, 'grad_norm': 1.4845441579818726, 'learning_rate': 3.972629521016618e-05, 'epoch': 2.4}
{'loss': 2.2261, 'grad_norm': 1.408959150314331, 'learning_rate': 3.933528836754644e-05, 'epoch': 2.41}
{'loss': 2.3418, 'grad_norm': 1.0052001476287842, 'learning_rate': 3.894428152492669e-05, 'epoch': 2.42}
{'loss': 2.3377, 'grad_norm': 1.0474200248718262, 'learning_rate': 3.8553274682306945e-05, 'epoch': 2.42}
{'loss': 2.3472, 'grad_norm': 0.8249742388725281, 'learning_rate': 3.81622678396872e-05, 'epoch': 2.43}
{'loss': 2.2227, 'grad_norm': 1.30290687084198, 'learning_rate': 3.7771260997067445e-05, 'epoch': 2.43}
{'loss': 2.3082, 'grad_norm': 1.0761570930480957, 'learning_rate': 3.73802541544477e-05, 'epoch': 2.44}
{'loss': 2.2229, 'grad_norm': 1.541088342666626, 'learning_rate': 3.698924731182796e-05, 'epoch': 2.45}
{'loss': 2.2278, 'grad_norm': 1.1581581830978394, 'learning_rate': 3.659824046920821e-05, 'epoch': 2.45}
{'loss': 2.347, 'grad_norm': 1.5339789390563965, 'learning_rate': 3.620723362658847e-05, 'epoch': 2.46}
{'loss': 2.3821, 'grad_norm': 1.2803170680999756, 'learning_rate': 3.581622678396872e-05, 'epoch': 2.46}
{'loss': 2.3123, 'grad_norm': 1.3579938411712646, 'learning_rate': 3.5425219941348974e-05, 'epoch': 2.47}
{'loss': 2.1894, 'grad_norm': 0.7352606058120728, 'learning_rate': 3.503421309872923e-05, 'epoch': 2.48}
{'loss': 2.0509, 'grad_norm': 1.503974437713623, 'learning_rate': 3.464320625610948e-05, 'epoch': 2.48}
{'loss': 2.2966, 'grad_norm': 1.0103631019592285, 'learning_rate': 3.425219941348974e-05, 'epoch': 2.49}
{'loss': 2.3499, 'grad_norm': 1.0706392526626587, 'learning_rate': 3.386119257086999e-05, 'epoch': 2.49}
{'loss': 2.2624, 'grad_norm': 1.3663969039916992, 'learning_rate': 3.347018572825025e-05, 'epoch': 2.5}
{'loss': 2.2416, 'grad_norm': 1.7640498876571655, 'learning_rate': 3.3079178885630504e-05, 'epoch': 2.5}
{'loss': 2.1663, 'grad_norm': 0.8648294806480408, 'learning_rate': 3.2688172043010754e-05, 'epoch': 2.51}
{'loss': 2.2542, 'grad_norm': 0.986338198184967, 'learning_rate': 3.229716520039101e-05, 'epoch': 2.52}
{'loss': 2.3169, 'grad_norm': 1.4072400331497192, 'learning_rate': 3.190615835777127e-05, 'epoch': 2.52}
{'loss': 2.3284, 'grad_norm': 1.1742490530014038, 'learning_rate': 3.151515151515151e-05, 'epoch': 2.53}
{'loss': 2.3733, 'grad_norm': 0.9230754971504211, 'learning_rate': 3.112414467253177e-05, 'epoch': 2.53}
{'loss': 2.2256, 'grad_norm': 1.1424775123596191, 'learning_rate': 3.0733137829912026e-05, 'epoch': 2.54}
{'loss': 2.1455, 'grad_norm': 1.0956426858901978, 'learning_rate': 3.0342130987292277e-05, 'epoch': 2.55}
{'loss': 2.2832, 'grad_norm': 1.3796563148498535, 'learning_rate': 2.9951124144672534e-05, 'epoch': 2.55}
{'loss': 2.3373, 'grad_norm': 1.3480780124664307, 'learning_rate': 2.9560117302052787e-05, 'epoch': 2.56}
{'loss': 2.2425, 'grad_norm': 1.0803438425064087, 'learning_rate': 2.916911045943304e-05, 'epoch': 2.56}
{'loss': 2.2695, 'grad_norm': 0.6943739652633667, 'learning_rate': 2.8778103616813295e-05, 'epoch': 2.57}
{'loss': 2.3519, 'grad_norm': 0.6980408430099487, 'learning_rate': 2.838709677419355e-05, 'epoch': 2.57}
{'loss': 2.1109, 'grad_norm': 1.2471309900283813, 'learning_rate': 2.7996089931573806e-05, 'epoch': 2.58}
{'loss': 2.3302, 'grad_norm': 1.416986346244812, 'learning_rate': 2.760508308895406e-05, 'epoch': 2.59}
{'loss': 2.24, 'grad_norm': 0.8410753607749939, 'learning_rate': 2.7214076246334313e-05, 'epoch': 2.59}
{'loss': 2.3118, 'grad_norm': 0.7823382019996643, 'learning_rate': 2.6823069403714567e-05, 'epoch': 2.6}
{'loss': 2.2433, 'grad_norm': 1.2470563650131226, 'learning_rate': 2.643206256109482e-05, 'epoch': 2.6}
{'loss': 2.2491, 'grad_norm': 1.105094075202942, 'learning_rate': 2.6041055718475078e-05, 'epoch': 2.61}
{'loss': 2.2593, 'grad_norm': 0.8557631969451904, 'learning_rate': 2.5650048875855332e-05, 'epoch': 2.62}
{'loss': 2.3187, 'grad_norm': 1.5388813018798828, 'learning_rate': 2.525904203323558e-05, 'epoch': 2.62}
{'loss': 2.2844, 'grad_norm': 0.8573185801506042, 'learning_rate': 2.486803519061584e-05, 'epoch': 2.63}
{'loss': 2.3147, 'grad_norm': 0.8695886731147766, 'learning_rate': 2.4477028347996093e-05, 'epoch': 2.63}
{'loss': 2.2246, 'grad_norm': 1.0036084651947021, 'learning_rate': 2.4086021505376347e-05, 'epoch': 2.64}
{'loss': 2.2631, 'grad_norm': 1.273728609085083, 'learning_rate': 2.3695014662756597e-05, 'epoch': 2.65}
{'loss': 2.2155, 'grad_norm': 1.4019744396209717, 'learning_rate': 2.3304007820136854e-05, 'epoch': 2.65}
{'loss': 2.2743, 'grad_norm': 1.0559955835342407, 'learning_rate': 2.2913000977517108e-05, 'epoch': 2.66}
{'loss': 2.2263, 'grad_norm': 1.9565032720565796, 'learning_rate': 2.2521994134897362e-05, 'epoch': 2.66}
{'loss': 2.1802, 'grad_norm': 1.2280879020690918, 'learning_rate': 2.2130987292277615e-05, 'epoch': 2.67}
{'loss': 2.1499, 'grad_norm': 1.0354316234588623, 'learning_rate': 2.173998044965787e-05, 'epoch': 2.67}
{'loss': 2.3219, 'grad_norm': 0.8225454688072205, 'learning_rate': 2.1348973607038126e-05, 'epoch': 2.68}
{'loss': 2.3474, 'grad_norm': 1.0466965436935425, 'learning_rate': 2.095796676441838e-05, 'epoch': 2.69}
{'loss': 2.2429, 'grad_norm': 0.7307875752449036, 'learning_rate': 2.056695992179863e-05, 'epoch': 2.69}
{'loss': 2.3771, 'grad_norm': 1.198311686515808, 'learning_rate': 2.0175953079178884e-05, 'epoch': 2.7}
{'loss': 2.2991, 'grad_norm': 1.128214716911316, 'learning_rate': 1.978494623655914e-05, 'epoch': 2.7}
{'loss': 2.3421, 'grad_norm': 0.9828507900238037, 'learning_rate': 1.9393939393939395e-05, 'epoch': 2.71}
{'loss': 2.2012, 'grad_norm': 1.2789462804794312, 'learning_rate': 1.900293255131965e-05, 'epoch': 2.72}
{'loss': 2.3427, 'grad_norm': 1.341501235961914, 'learning_rate': 1.8611925708699903e-05, 'epoch': 2.72}
{'loss': 2.3069, 'grad_norm': 1.3644906282424927, 'learning_rate': 1.822091886608016e-05, 'epoch': 2.73}
{'loss': 2.2223, 'grad_norm': 1.2277206182479858, 'learning_rate': 1.7829912023460413e-05, 'epoch': 2.73}
{'loss': 2.3421, 'grad_norm': 1.0287408828735352, 'learning_rate': 1.7438905180840664e-05, 'epoch': 2.74}
{'loss': 2.4031, 'grad_norm': 1.5519652366638184, 'learning_rate': 1.7047898338220918e-05, 'epoch': 2.74}
{'loss': 2.2614, 'grad_norm': 0.9331313967704773, 'learning_rate': 1.6656891495601175e-05, 'epoch': 2.75}
{'loss': 1.9943, 'grad_norm': 0.9007694125175476, 'learning_rate': 1.626588465298143e-05, 'epoch': 2.76}
{'loss': 2.375, 'grad_norm': 1.323546290397644, 'learning_rate': 1.5874877810361682e-05, 'epoch': 2.76}
{'loss': 2.1898, 'grad_norm': 1.4161263704299927, 'learning_rate': 1.5483870967741936e-05, 'epoch': 2.77}
{'loss': 2.3309, 'grad_norm': 0.8178486227989197, 'learning_rate': 1.5092864125122191e-05, 'epoch': 2.77}
{'loss': 2.2935, 'grad_norm': 0.8111793994903564, 'learning_rate': 1.4701857282502445e-05, 'epoch': 2.78}
{'loss': 2.1406, 'grad_norm': 1.1383295059204102, 'learning_rate': 1.4310850439882697e-05, 'epoch': 2.79}
{'loss': 2.3089, 'grad_norm': 0.9954991340637207, 'learning_rate': 1.3919843597262953e-05, 'epoch': 2.79}
{'loss': 2.2797, 'grad_norm': 0.9194615483283997, 'learning_rate': 1.3528836754643206e-05, 'epoch': 2.8}
{'loss': 2.3628, 'grad_norm': 1.035598874092102, 'learning_rate': 1.3137829912023462e-05, 'epoch': 2.8}
{'loss': 2.2224, 'grad_norm': 1.2114427089691162, 'learning_rate': 1.2746823069403716e-05, 'epoch': 2.81}
{'loss': 2.3111, 'grad_norm': 0.9114677309989929, 'learning_rate': 1.235581622678397e-05, 'epoch': 2.82}
{'loss': 2.3705, 'grad_norm': 1.2208049297332764, 'learning_rate': 1.1964809384164223e-05, 'epoch': 2.82}
{'loss': 2.1818, 'grad_norm': 0.9901981353759766, 'learning_rate': 1.1573802541544477e-05, 'epoch': 2.83}
{'loss': 2.2729, 'grad_norm': 1.1949236392974854, 'learning_rate': 1.1182795698924732e-05, 'epoch': 2.83}
{'loss': 2.3559, 'grad_norm': 1.3608405590057373, 'learning_rate': 1.0791788856304986e-05, 'epoch': 2.84}
{'loss': 2.316, 'grad_norm': 1.0430152416229248, 'learning_rate': 1.040078201368524e-05, 'epoch': 2.84}
{'loss': 2.4452, 'grad_norm': 1.414915680885315, 'learning_rate': 1.0009775171065494e-05, 'epoch': 2.85}
{'loss': 2.3133, 'grad_norm': 0.8533657193183899, 'learning_rate': 9.618768328445749e-06, 'epoch': 2.86}
{'loss': 2.1942, 'grad_norm': 1.3914148807525635, 'learning_rate': 9.227761485826003e-06, 'epoch': 2.86}
{'loss': 2.2279, 'grad_norm': 1.3404254913330078, 'learning_rate': 8.836754643206256e-06, 'epoch': 2.87}
{'loss': 2.3699, 'grad_norm': 0.938244104385376, 'learning_rate': 8.44574780058651e-06, 'epoch': 2.87}
{'loss': 2.3425, 'grad_norm': 1.0408449172973633, 'learning_rate': 8.054740957966766e-06, 'epoch': 2.88}
{'loss': 2.2401, 'grad_norm': 0.9915530681610107, 'learning_rate': 7.66373411534702e-06, 'epoch': 2.89}
{'loss': 2.1976, 'grad_norm': 1.3520612716674805, 'learning_rate': 7.272727272727272e-06, 'epoch': 2.89}
{'loss': 2.1323, 'grad_norm': 1.1795475482940674, 'learning_rate': 6.881720430107527e-06, 'epoch': 2.9}
{'loss': 2.2629, 'grad_norm': 1.2945873737335205, 'learning_rate': 6.4907135874877815e-06, 'epoch': 2.9}
{'loss': 2.285, 'grad_norm': 1.1092618703842163, 'learning_rate': 6.099706744868035e-06, 'epoch': 2.91}
{'loss': 2.177, 'grad_norm': 1.6115530729293823, 'learning_rate': 5.70869990224829e-06, 'epoch': 2.91}
{'loss': 1.9026, 'grad_norm': 1.9095165729522705, 'learning_rate': 5.317693059628544e-06, 'epoch': 2.92}
{'loss': 2.3314, 'grad_norm': 1.5309401750564575, 'learning_rate': 4.926686217008798e-06, 'epoch': 2.93}
{'loss': 2.213, 'grad_norm': 1.1991932392120361, 'learning_rate': 4.535679374389052e-06, 'epoch': 2.93}
{'loss': 2.1621, 'grad_norm': 1.6641463041305542, 'learning_rate': 4.1446725317693065e-06, 'epoch': 2.94}
{'loss': 2.0903, 'grad_norm': 1.2575889825820923, 'learning_rate': 3.7536656891495603e-06, 'epoch': 2.94}
{'loss': 2.2147, 'grad_norm': 0.7732953429222107, 'learning_rate': 3.362658846529815e-06, 'epoch': 2.95}
{'loss': 2.2183, 'grad_norm': 1.143702745437622, 'learning_rate': 2.9716520039100686e-06, 'epoch': 2.96}
{'loss': 2.3495, 'grad_norm': 1.1098946332931519, 'learning_rate': 2.580645161290323e-06, 'epoch': 2.96}
{'loss': 2.2885, 'grad_norm': 1.2896932363510132, 'learning_rate': 2.189638318670577e-06, 'epoch': 2.97}
{'loss': 2.2582, 'grad_norm': 1.0940836668014526, 'learning_rate': 1.798631476050831e-06, 'epoch': 2.97}
{'loss': 2.2889, 'grad_norm': 0.778790295124054, 'learning_rate': 1.4076246334310851e-06, 'epoch': 2.98}
{'loss': 2.2457, 'grad_norm': 1.1246294975280762, 'learning_rate': 1.0166177908113393e-06, 'epoch': 2.99}
{'loss': 2.3408, 'grad_norm': 1.3273670673370361, 'learning_rate': 6.256109481915933e-07, 'epoch': 2.99}
{'loss': 2.2245, 'grad_norm': 1.1636086702346802, 'learning_rate': 2.3460410557184752e-07, 'epoch': 3.0}
{'train_runtime': 5041.3422, 'train_samples_per_second': 4.057, 'train_steps_per_second': 1.015, 'train_loss': 2.368369880706101, 'epoch': 3.0}
   [Save] Saving adapter to /gpfs/data/fs71186/ziegler/ThesisProject/results/adapters/llama2_darkreddit
   [System] Renaming adapters to *_3ep...
>>> [3/5] Evaluating LoRA (3 Epochs)...
   [Config] Detected CLUSTER Environment (Linux).
========================================
   STARTING JOB: llama2_reuters (LoRA)
   Device: cuda
========================================
   [Data] Loading Reuters (C50train)...
   [Data] Loading Reuters (C50test)...
   [Data] Final Test Size: 2500 samples
   [llama2] Loading Base Model from: /gpfs/data/fs71186/ziegler/ThesisProject/models/Llama-2-7b-hf
   [llama2] (!) Checking for LoRA at: /gpfs/data/fs71186/ziegler/ThesisProject/results/adapters/llama2_reuters
   [llama2] SUCCESS: LoRA active. (Adapter: reuters)
   [Pipeline] Generating Train Embeddings...
   [Pipeline] Generating Test Embeddings...
   [Save] Saving embeddings to: /gpfs/data/fs71186/ziegler/ThesisProject/results/embeddings/llama2_reuters_lora_3ep.pt
   [Eval] Calculating metrics for llama2 on reuters...
   [Eval] Report saved: /gpfs/data/fs71186/ziegler/ThesisProject/results/logs/llama2_reuters_2026-01-27_20-46-14_report.txt
   [Eval] Plot saved: /gpfs/data/fs71186/ziegler/ThesisProject/results/plots/llama2_reuters_2026-01-27_20-46-14_matrix.png
------------------------------------------------

========================================
   JOB COMPLETE: llama2_reuters (LoRA)
==========================================
   [Config] Detected CLUSTER Environment (Linux).
========================================
   STARTING JOB: llama2_darkreddit (LoRA)
   Device: cuda
========================================
   [Data] Loading DarkReddit (darkreddit_authorship_attribution_train_anon.jsonl)...
   [Info] Detected keys - Text: 'comment', Author: 'author'
   [Data] Loading DarkReddit (darkreddit_authorship_attribution_test_anon.jsonl)...
   [Info] Detected keys - Text: 'comment', Author: 'author'
   [Data] Final Test Size: 2276 samples
   [llama2] Loading Base Model from: /gpfs/data/fs71186/ziegler/ThesisProject/models/Llama-2-7b-hf
   [llama2] (!) Checking for LoRA at: /gpfs/data/fs71186/ziegler/ThesisProject/results/adapters/llama2_darkreddit
   [llama2] SUCCESS: LoRA active. (Adapter: darkreddit)
   [Pipeline] Generating Train Embeddings...
   [Pipeline] Generating Test Embeddings...
   [Save] Saving embeddings to: /gpfs/data/fs71186/ziegler/ThesisProject/results/embeddings/llama2_darkreddit_lora_3ep.pt
   [Eval] Calculating metrics for llama2 on darkreddit...
   [Eval] Report saved: /gpfs/data/fs71186/ziegler/ThesisProject/results/logs/llama2_darkreddit_2026-01-27_20-54-43_report.txt
   [Eval] Plot saved: /gpfs/data/fs71186/ziegler/ThesisProject/results/plots/llama2_darkreddit_2026-01-27_20-54-43_matrix.png
------------------------------------------------

========================================
   JOB COMPLETE: llama2_darkreddit (LoRA)
==========================================

>>> [4/5] Training LoRA (5 Epochs)...
   [Config] Detected CLUSTER Environment (Linux).
========================================
   STARTING LORA TRAINING (STANDARD BASE)
   Model:   llama2
   Dataset: reuters
========================================
   [Data] Loading dataset...
   [Data] Loading Reuters (C50train)...
   [Model] Loading Base: /gpfs/data/fs71186/ziegler/ThesisProject/models/Llama-2-7b-hf
trainable params: 4,194,304 || all params: 6,742,609,920 || trainable%: 0.0622
   [Train] Starting training loop...
{'loss': 1.8769, 'grad_norm': 0.1734231412410736, 'learning_rate': 0.00019942400000000002, 'epoch': 0.02}
{'loss': 1.8418, 'grad_norm': 0.20479342341423035, 'learning_rate': 0.00019878400000000003, 'epoch': 0.03}
{'loss': 1.8246, 'grad_norm': 0.24073699116706848, 'learning_rate': 0.000198144, 'epoch': 0.05}
{'loss': 1.8207, 'grad_norm': 0.23759765923023224, 'learning_rate': 0.000197504, 'epoch': 0.06}
{'loss': 1.7907, 'grad_norm': 0.27439892292022705, 'learning_rate': 0.000196864, 'epoch': 0.08}
{'loss': 1.8612, 'grad_norm': 0.24725082516670227, 'learning_rate': 0.000196224, 'epoch': 0.1}
{'loss': 1.8509, 'grad_norm': 0.22707249224185944, 'learning_rate': 0.000195584, 'epoch': 0.11}
{'loss': 1.7268, 'grad_norm': 0.22996589541435242, 'learning_rate': 0.000194944, 'epoch': 0.13}
{'loss': 1.7955, 'grad_norm': 0.25808897614479065, 'learning_rate': 0.00019430400000000002, 'epoch': 0.14}
{'loss': 1.779, 'grad_norm': 0.24730244278907776, 'learning_rate': 0.000193664, 'epoch': 0.16}
{'loss': 1.7756, 'grad_norm': 0.25223901867866516, 'learning_rate': 0.000193024, 'epoch': 0.18}
{'loss': 1.7613, 'grad_norm': 0.24323205649852753, 'learning_rate': 0.000192384, 'epoch': 0.19}
{'loss': 1.8312, 'grad_norm': 0.2394733875989914, 'learning_rate': 0.000191744, 'epoch': 0.21}
{'loss': 1.7985, 'grad_norm': 0.27158722281455994, 'learning_rate': 0.00019110400000000002, 'epoch': 0.22}
{'loss': 1.7879, 'grad_norm': 0.2181045562028885, 'learning_rate': 0.00019046400000000002, 'epoch': 0.24}
{'loss': 1.7865, 'grad_norm': 0.2791404128074646, 'learning_rate': 0.000189824, 'epoch': 0.26}
{'loss': 1.7778, 'grad_norm': 0.35077741742134094, 'learning_rate': 0.000189184, 'epoch': 0.27}
{'loss': 1.7582, 'grad_norm': 0.26251745223999023, 'learning_rate': 0.00018854400000000002, 'epoch': 0.29}
{'loss': 1.7287, 'grad_norm': 0.2433130443096161, 'learning_rate': 0.00018790400000000002, 'epoch': 0.3}
{'loss': 1.7819, 'grad_norm': 0.23416362702846527, 'learning_rate': 0.00018726400000000003, 'epoch': 0.32}
{'loss': 1.7868, 'grad_norm': 0.2665630877017975, 'learning_rate': 0.000186624, 'epoch': 0.34}
{'loss': 1.7704, 'grad_norm': 0.2697058618068695, 'learning_rate': 0.00018598400000000001, 'epoch': 0.35}
{'loss': 1.7466, 'grad_norm': 0.2660776376724243, 'learning_rate': 0.00018534400000000002, 'epoch': 0.37}
{'loss': 1.7821, 'grad_norm': 0.26712509989738464, 'learning_rate': 0.000184704, 'epoch': 0.38}
{'loss': 1.8205, 'grad_norm': 0.24338814616203308, 'learning_rate': 0.000184064, 'epoch': 0.4}
{'loss': 1.7531, 'grad_norm': 0.23772093653678894, 'learning_rate': 0.000183424, 'epoch': 0.42}
{'loss': 1.7542, 'grad_norm': 0.23522284626960754, 'learning_rate': 0.000182784, 'epoch': 0.43}
{'loss': 1.7838, 'grad_norm': 0.2585245668888092, 'learning_rate': 0.000182144, 'epoch': 0.45}
{'loss': 1.7687, 'grad_norm': 0.26386159658432007, 'learning_rate': 0.000181504, 'epoch': 0.46}
{'loss': 1.77, 'grad_norm': 0.26794302463531494, 'learning_rate': 0.000180864, 'epoch': 0.48}
{'loss': 1.7597, 'grad_norm': 0.2572178542613983, 'learning_rate': 0.00018022400000000001, 'epoch': 0.5}
{'loss': 1.7374, 'grad_norm': 0.2652563452720642, 'learning_rate': 0.00017958400000000002, 'epoch': 0.51}
{'loss': 1.7646, 'grad_norm': 0.26672786474227905, 'learning_rate': 0.000178944, 'epoch': 0.53}
{'loss': 1.7912, 'grad_norm': 0.27023953199386597, 'learning_rate': 0.000178304, 'epoch': 0.54}
{'loss': 1.7629, 'grad_norm': 0.2591583728790283, 'learning_rate': 0.000177664, 'epoch': 0.56}
{'loss': 1.8162, 'grad_norm': 0.2791517376899719, 'learning_rate': 0.00017702400000000002, 'epoch': 0.58}
{'loss': 1.7165, 'grad_norm': 0.277476966381073, 'learning_rate': 0.00017638400000000002, 'epoch': 0.59}
{'loss': 1.7519, 'grad_norm': 0.2904908061027527, 'learning_rate': 0.000175744, 'epoch': 0.61}
{'loss': 1.7643, 'grad_norm': 0.28234267234802246, 'learning_rate': 0.000175104, 'epoch': 0.62}
{'loss': 1.8046, 'grad_norm': 0.31421858072280884, 'learning_rate': 0.00017446400000000002, 'epoch': 0.64}
{'loss': 1.786, 'grad_norm': 0.2992600202560425, 'learning_rate': 0.00017382400000000002, 'epoch': 0.66}
{'loss': 1.7489, 'grad_norm': 0.3043975830078125, 'learning_rate': 0.000173184, 'epoch': 0.67}
{'loss': 1.7273, 'grad_norm': 0.29322174191474915, 'learning_rate': 0.000172544, 'epoch': 0.69}
{'loss': 1.7191, 'grad_norm': 0.29378053545951843, 'learning_rate': 0.00017190399999999999, 'epoch': 0.7}
{'loss': 1.8109, 'grad_norm': 0.285482257604599, 'learning_rate': 0.000171264, 'epoch': 0.72}
{'loss': 1.7399, 'grad_norm': 0.3689689338207245, 'learning_rate': 0.000170624, 'epoch': 0.74}
{'loss': 1.7449, 'grad_norm': 0.2689312994480133, 'learning_rate': 0.000169984, 'epoch': 0.75}
{'loss': 1.6892, 'grad_norm': 0.27241116762161255, 'learning_rate': 0.000169344, 'epoch': 0.77}
{'loss': 1.7974, 'grad_norm': 0.36392325162887573, 'learning_rate': 0.00016870400000000002, 'epoch': 0.78}
{'loss': 1.772, 'grad_norm': 0.29330897331237793, 'learning_rate': 0.000168064, 'epoch': 0.8}
{'loss': 1.781, 'grad_norm': 0.31065085530281067, 'learning_rate': 0.000167424, 'epoch': 0.82}
{'loss': 1.7775, 'grad_norm': 0.33802637457847595, 'learning_rate': 0.000166784, 'epoch': 0.83}
{'loss': 1.7702, 'grad_norm': 0.33674943447113037, 'learning_rate': 0.00016614400000000001, 'epoch': 0.85}
{'loss': 1.7794, 'grad_norm': 0.2963407635688782, 'learning_rate': 0.00016550400000000002, 'epoch': 0.86}
{'loss': 1.7027, 'grad_norm': 0.27854079008102417, 'learning_rate': 0.00016486400000000003, 'epoch': 0.88}
{'loss': 1.756, 'grad_norm': 0.2800341248512268, 'learning_rate': 0.000164224, 'epoch': 0.9}
{'loss': 1.7502, 'grad_norm': 0.3028257489204407, 'learning_rate': 0.000163584, 'epoch': 0.91}
{'loss': 1.7468, 'grad_norm': 0.37048137187957764, 'learning_rate': 0.00016294400000000002, 'epoch': 0.93}
{'loss': 1.7174, 'grad_norm': 0.27725115418434143, 'learning_rate': 0.00016230400000000002, 'epoch': 0.94}
{'loss': 1.7206, 'grad_norm': 0.30248698592185974, 'learning_rate': 0.000161664, 'epoch': 0.96}
{'loss': 1.7676, 'grad_norm': 0.2889986038208008, 'learning_rate': 0.000161024, 'epoch': 0.98}
{'loss': 1.7774, 'grad_norm': 0.31104037165641785, 'learning_rate': 0.000160384, 'epoch': 0.99}
{'loss': 1.7053, 'grad_norm': 0.3207520544528961, 'learning_rate': 0.000159744, 'epoch': 1.01}
{'loss': 1.6902, 'grad_norm': 0.3321213722229004, 'learning_rate': 0.000159104, 'epoch': 1.02}
{'loss': 1.6937, 'grad_norm': 0.3322671055793762, 'learning_rate': 0.000158464, 'epoch': 1.04}
{'loss': 1.695, 'grad_norm': 0.38756394386291504, 'learning_rate': 0.000157824, 'epoch': 1.06}
{'loss': 1.6994, 'grad_norm': 0.35857951641082764, 'learning_rate': 0.000157184, 'epoch': 1.07}
{'loss': 1.6815, 'grad_norm': 0.36080336570739746, 'learning_rate': 0.000156544, 'epoch': 1.09}
{'loss': 1.7148, 'grad_norm': 0.38990527391433716, 'learning_rate': 0.000155904, 'epoch': 1.1}
{'loss': 1.708, 'grad_norm': 0.42951372265815735, 'learning_rate': 0.000155264, 'epoch': 1.12}
{'loss': 1.7231, 'grad_norm': 0.3833613991737366, 'learning_rate': 0.00015462400000000002, 'epoch': 1.14}
{'loss': 1.6694, 'grad_norm': 0.36488544940948486, 'learning_rate': 0.00015398400000000002, 'epoch': 1.15}
{'loss': 1.6659, 'grad_norm': 0.388204425573349, 'learning_rate': 0.000153344, 'epoch': 1.17}
{'loss': 1.701, 'grad_norm': 0.37677186727523804, 'learning_rate': 0.000152704, 'epoch': 1.18}
{'loss': 1.6645, 'grad_norm': 0.42397212982177734, 'learning_rate': 0.000152064, 'epoch': 1.2}
{'loss': 1.7532, 'grad_norm': 0.37069663405418396, 'learning_rate': 0.00015142400000000002, 'epoch': 1.22}
{'loss': 1.6507, 'grad_norm': 0.4463511109352112, 'learning_rate': 0.00015078400000000003, 'epoch': 1.23}
{'loss': 1.7, 'grad_norm': 0.40799036622047424, 'learning_rate': 0.000150144, 'epoch': 1.25}
{'loss': 1.6784, 'grad_norm': 0.3797548711299896, 'learning_rate': 0.000149504, 'epoch': 1.26}
{'loss': 1.6728, 'grad_norm': 0.4420010447502136, 'learning_rate': 0.00014886400000000002, 'epoch': 1.28}
{'loss': 1.735, 'grad_norm': 0.3958761990070343, 'learning_rate': 0.000148224, 'epoch': 1.3}
{'loss': 1.6955, 'grad_norm': 0.46562737226486206, 'learning_rate': 0.000147584, 'epoch': 1.31}
{'loss': 1.7118, 'grad_norm': 0.45854032039642334, 'learning_rate': 0.000146944, 'epoch': 1.33}
{'loss': 1.7288, 'grad_norm': 0.46733787655830383, 'learning_rate': 0.000146304, 'epoch': 1.34}
{'loss': 1.7062, 'grad_norm': 0.42364177107810974, 'learning_rate': 0.000145664, 'epoch': 1.36}
{'loss': 1.692, 'grad_norm': 0.4903463125228882, 'learning_rate': 0.000145024, 'epoch': 1.38}
{'loss': 1.6769, 'grad_norm': 0.42304879426956177, 'learning_rate': 0.000144384, 'epoch': 1.39}
{'loss': 1.6615, 'grad_norm': 0.43177330493927, 'learning_rate': 0.000143744, 'epoch': 1.41}
{'loss': 1.6903, 'grad_norm': 0.47212937474250793, 'learning_rate': 0.00014310400000000002, 'epoch': 1.42}
{'loss': 1.7525, 'grad_norm': 0.4401320815086365, 'learning_rate': 0.000142464, 'epoch': 1.44}
{'loss': 1.696, 'grad_norm': 0.43778038024902344, 'learning_rate': 0.000141824, 'epoch': 1.46}
{'loss': 1.6719, 'grad_norm': 0.4068385660648346, 'learning_rate': 0.000141184, 'epoch': 1.47}
{'loss': 1.6877, 'grad_norm': 0.43483084440231323, 'learning_rate': 0.00014054400000000002, 'epoch': 1.49}
{'loss': 1.6619, 'grad_norm': 0.4142296612262726, 'learning_rate': 0.00013990400000000002, 'epoch': 1.5}
{'loss': 1.6695, 'grad_norm': 0.47224220633506775, 'learning_rate': 0.00013926400000000003, 'epoch': 1.52}
{'loss': 1.6672, 'grad_norm': 0.4032457172870636, 'learning_rate': 0.000138624, 'epoch': 1.54}
{'loss': 1.6741, 'grad_norm': 0.43172687292099, 'learning_rate': 0.000137984, 'epoch': 1.55}
{'loss': 1.738, 'grad_norm': 0.43031084537506104, 'learning_rate': 0.00013734400000000002, 'epoch': 1.57}
{'loss': 1.7844, 'grad_norm': 0.4196246564388275, 'learning_rate': 0.000136704, 'epoch': 1.58}
{'loss': 1.7224, 'grad_norm': 0.4332069456577301, 'learning_rate': 0.000136064, 'epoch': 1.6}
{'loss': 1.6529, 'grad_norm': 0.5200619101524353, 'learning_rate': 0.000135424, 'epoch': 1.62}
{'loss': 1.6951, 'grad_norm': 0.4466845393180847, 'learning_rate': 0.000134784, 'epoch': 1.63}
{'loss': 1.6691, 'grad_norm': 0.4613494873046875, 'learning_rate': 0.000134144, 'epoch': 1.65}
{'loss': 1.7417, 'grad_norm': 0.408409982919693, 'learning_rate': 0.000133504, 'epoch': 1.66}
{'loss': 1.7042, 'grad_norm': 0.38002291321754456, 'learning_rate': 0.000132864, 'epoch': 1.68}
{'loss': 1.6364, 'grad_norm': 0.42268818616867065, 'learning_rate': 0.000132224, 'epoch': 1.7}
{'loss': 1.7066, 'grad_norm': 0.4782212972640991, 'learning_rate': 0.000131584, 'epoch': 1.71}
{'loss': 1.7194, 'grad_norm': 0.447691947221756, 'learning_rate': 0.000130944, 'epoch': 1.73}
{'loss': 1.7262, 'grad_norm': 0.4331335127353668, 'learning_rate': 0.000130304, 'epoch': 1.74}
{'loss': 1.6645, 'grad_norm': 0.417588472366333, 'learning_rate': 0.000129664, 'epoch': 1.76}
{'loss': 1.7462, 'grad_norm': 0.40489012002944946, 'learning_rate': 0.00012902400000000002, 'epoch': 1.78}
{'loss': 1.714, 'grad_norm': 0.43082302808761597, 'learning_rate': 0.00012838400000000002, 'epoch': 1.79}
{'loss': 1.6604, 'grad_norm': 0.47331827878952026, 'learning_rate': 0.000127744, 'epoch': 1.81}
{'loss': 1.6969, 'grad_norm': 0.49175629019737244, 'learning_rate': 0.000127104, 'epoch': 1.82}
{'loss': 1.6813, 'grad_norm': 0.46448826789855957, 'learning_rate': 0.00012646400000000001, 'epoch': 1.84}
{'loss': 1.6668, 'grad_norm': 0.44951358437538147, 'learning_rate': 0.00012582400000000002, 'epoch': 1.86}
{'loss': 1.7007, 'grad_norm': 0.4354982078075409, 'learning_rate': 0.000125184, 'epoch': 1.87}
{'loss': 1.6711, 'grad_norm': 0.4287944436073303, 'learning_rate': 0.000124544, 'epoch': 1.89}
{'loss': 1.6737, 'grad_norm': 0.4861986041069031, 'learning_rate': 0.00012390399999999998, 'epoch': 1.9}
{'loss': 1.6996, 'grad_norm': 0.42563310265541077, 'learning_rate': 0.000123264, 'epoch': 1.92}
{'loss': 1.7013, 'grad_norm': 0.47424474358558655, 'learning_rate': 0.000122624, 'epoch': 1.94}
{'loss': 1.7252, 'grad_norm': 0.5946394205093384, 'learning_rate': 0.000121984, 'epoch': 1.95}
{'loss': 1.6816, 'grad_norm': 0.44145599007606506, 'learning_rate': 0.00012134400000000001, 'epoch': 1.97}
{'loss': 1.6238, 'grad_norm': 0.42358970642089844, 'learning_rate': 0.00012070399999999999, 'epoch': 1.98}
{'loss': 1.6649, 'grad_norm': 0.4076036512851715, 'learning_rate': 0.000120064, 'epoch': 2.0}
{'loss': 1.6031, 'grad_norm': 0.4730038344860077, 'learning_rate': 0.000119424, 'epoch': 2.02}
{'loss': 1.6159, 'grad_norm': 0.49868839979171753, 'learning_rate': 0.000118784, 'epoch': 2.03}
{'loss': 1.544, 'grad_norm': 0.45659080147743225, 'learning_rate': 0.00011814400000000001, 'epoch': 2.05}
{'loss': 1.5997, 'grad_norm': 0.5286344885826111, 'learning_rate': 0.00011750400000000002, 'epoch': 2.06}
{'loss': 1.6252, 'grad_norm': 0.5020647644996643, 'learning_rate': 0.000116864, 'epoch': 2.08}
{'loss': 1.663, 'grad_norm': 0.4774734675884247, 'learning_rate': 0.000116224, 'epoch': 2.1}
{'loss': 1.6213, 'grad_norm': 0.5385140776634216, 'learning_rate': 0.00011558400000000001, 'epoch': 2.11}
{'loss': 1.6188, 'grad_norm': 0.5820322632789612, 'learning_rate': 0.000114944, 'epoch': 2.13}
{'loss': 1.5896, 'grad_norm': 0.541711151599884, 'learning_rate': 0.00011430400000000001, 'epoch': 2.14}
{'loss': 1.5738, 'grad_norm': 0.5270248651504517, 'learning_rate': 0.00011366400000000001, 'epoch': 2.16}
{'loss': 1.634, 'grad_norm': 0.5086967349052429, 'learning_rate': 0.000113024, 'epoch': 2.18}
{'loss': 1.6593, 'grad_norm': 0.5511775612831116, 'learning_rate': 0.000112384, 'epoch': 2.19}
{'loss': 1.6711, 'grad_norm': 0.5811476707458496, 'learning_rate': 0.000111744, 'epoch': 2.21}
{'loss': 1.6362, 'grad_norm': 0.5304331183433533, 'learning_rate': 0.00011110400000000001, 'epoch': 2.22}
{'loss': 1.6456, 'grad_norm': 0.5691162943840027, 'learning_rate': 0.00011046400000000002, 'epoch': 2.24}
{'loss': 1.599, 'grad_norm': 0.5830031037330627, 'learning_rate': 0.00010982400000000001, 'epoch': 2.26}
{'loss': 1.5993, 'grad_norm': 0.5708312392234802, 'learning_rate': 0.000109184, 'epoch': 2.27}
{'loss': 1.6551, 'grad_norm': 0.5611662268638611, 'learning_rate': 0.000108544, 'epoch': 2.29}
{'loss': 1.6156, 'grad_norm': 0.6842910647392273, 'learning_rate': 0.000107904, 'epoch': 2.3}
{'loss': 1.6163, 'grad_norm': 0.5260897874832153, 'learning_rate': 0.00010726400000000001, 'epoch': 2.32}
{'loss': 1.5667, 'grad_norm': 0.548751175403595, 'learning_rate': 0.00010662400000000001, 'epoch': 2.34}
{'loss': 1.6601, 'grad_norm': 0.620877206325531, 'learning_rate': 0.000105984, 'epoch': 2.35}
{'loss': 1.6328, 'grad_norm': 0.4992629289627075, 'learning_rate': 0.000105344, 'epoch': 2.37}
{'loss': 1.6539, 'grad_norm': 0.6133233904838562, 'learning_rate': 0.000104704, 'epoch': 2.38}
{'loss': 1.6045, 'grad_norm': 0.507658064365387, 'learning_rate': 0.00010406400000000001, 'epoch': 2.4}
{'loss': 1.6653, 'grad_norm': 0.5771607756614685, 'learning_rate': 0.000103424, 'epoch': 2.42}
{'loss': 1.5399, 'grad_norm': 0.532996416091919, 'learning_rate': 0.00010278400000000001, 'epoch': 2.43}
{'loss': 1.6428, 'grad_norm': 0.5706647038459778, 'learning_rate': 0.00010214399999999999, 'epoch': 2.45}
{'loss': 1.5973, 'grad_norm': 0.5772567987442017, 'learning_rate': 0.000101504, 'epoch': 2.46}
{'loss': 1.6456, 'grad_norm': 0.6885461807250977, 'learning_rate': 0.000100864, 'epoch': 2.48}
{'loss': 1.611, 'grad_norm': 0.5255863070487976, 'learning_rate': 0.00010022400000000001, 'epoch': 2.5}
{'loss': 1.5691, 'grad_norm': 0.640156090259552, 'learning_rate': 9.9584e-05, 'epoch': 2.51}
{'loss': 1.6074, 'grad_norm': 0.5578351020812988, 'learning_rate': 9.8944e-05, 'epoch': 2.53}
{'loss': 1.6235, 'grad_norm': 0.5352462530136108, 'learning_rate': 9.830400000000001e-05, 'epoch': 2.54}
{'loss': 1.5925, 'grad_norm': 0.7303401231765747, 'learning_rate': 9.7664e-05, 'epoch': 2.56}
{'loss': 1.5447, 'grad_norm': 0.6063392758369446, 'learning_rate': 9.7024e-05, 'epoch': 2.58}
{'loss': 1.6059, 'grad_norm': 0.5675770044326782, 'learning_rate': 9.6384e-05, 'epoch': 2.59}
{'loss': 1.6268, 'grad_norm': 0.698538601398468, 'learning_rate': 9.5744e-05, 'epoch': 2.61}
{'loss': 1.6429, 'grad_norm': 0.5752512812614441, 'learning_rate': 9.5104e-05, 'epoch': 2.62}
{'loss': 1.6975, 'grad_norm': 0.6537717580795288, 'learning_rate': 9.446400000000001e-05, 'epoch': 2.64}
{'loss': 1.6567, 'grad_norm': 0.6309200525283813, 'learning_rate': 9.3824e-05, 'epoch': 2.66}
{'loss': 1.5692, 'grad_norm': 0.5976211428642273, 'learning_rate': 9.318400000000001e-05, 'epoch': 2.67}
{'loss': 1.6136, 'grad_norm': 0.6215777397155762, 'learning_rate': 9.254400000000001e-05, 'epoch': 2.69}
{'loss': 1.5898, 'grad_norm': 0.5467962622642517, 'learning_rate': 9.1904e-05, 'epoch': 2.7}
{'loss': 1.6296, 'grad_norm': 0.5421177744865417, 'learning_rate': 9.1264e-05, 'epoch': 2.72}
{'loss': 1.5888, 'grad_norm': 0.6772555708885193, 'learning_rate': 9.0624e-05, 'epoch': 2.74}
{'loss': 1.6049, 'grad_norm': 0.6417272686958313, 'learning_rate': 8.9984e-05, 'epoch': 2.75}
{'loss': 1.6133, 'grad_norm': 0.5608870983123779, 'learning_rate': 8.9344e-05, 'epoch': 2.77}
{'loss': 1.6883, 'grad_norm': 0.6158741116523743, 'learning_rate': 8.870400000000001e-05, 'epoch': 2.78}
{'loss': 1.6047, 'grad_norm': 0.5678361654281616, 'learning_rate': 8.8064e-05, 'epoch': 2.8}
{'loss': 1.5948, 'grad_norm': 0.7330707311630249, 'learning_rate': 8.742400000000001e-05, 'epoch': 2.82}
{'loss': 1.5948, 'grad_norm': 0.5486449599266052, 'learning_rate': 8.6784e-05, 'epoch': 2.83}
{'loss': 1.6358, 'grad_norm': 0.5056726932525635, 'learning_rate': 8.614400000000001e-05, 'epoch': 2.85}
{'loss': 1.6396, 'grad_norm': 0.6110621690750122, 'learning_rate': 8.5504e-05, 'epoch': 2.86}
{'loss': 1.5697, 'grad_norm': 0.667120635509491, 'learning_rate': 8.486399999999999e-05, 'epoch': 2.88}
{'loss': 1.6058, 'grad_norm': 0.6397403478622437, 'learning_rate': 8.4224e-05, 'epoch': 2.9}
{'loss': 1.6022, 'grad_norm': 0.6772972941398621, 'learning_rate': 8.3584e-05, 'epoch': 2.91}
{'loss': 1.575, 'grad_norm': 0.6013264656066895, 'learning_rate': 8.2944e-05, 'epoch': 2.93}
{'loss': 1.5975, 'grad_norm': 0.5969751477241516, 'learning_rate': 8.2304e-05, 'epoch': 2.94}
{'loss': 1.6446, 'grad_norm': 0.6334587931632996, 'learning_rate': 8.166400000000001e-05, 'epoch': 2.96}
{'loss': 1.5854, 'grad_norm': 0.5313863754272461, 'learning_rate': 8.1024e-05, 'epoch': 2.98}
{'loss': 1.6313, 'grad_norm': 0.5467880964279175, 'learning_rate': 8.038400000000001e-05, 'epoch': 2.99}
{'loss': 1.59, 'grad_norm': 0.5532233119010925, 'learning_rate': 7.9744e-05, 'epoch': 3.01}
{'loss': 1.5699, 'grad_norm': 0.5831222534179688, 'learning_rate': 7.910400000000001e-05, 'epoch': 3.02}
{'loss': 1.5025, 'grad_norm': 0.6348785161972046, 'learning_rate': 7.8464e-05, 'epoch': 3.04}
{'loss': 1.5714, 'grad_norm': 0.6246677041053772, 'learning_rate': 7.7824e-05, 'epoch': 3.06}
{'loss': 1.585, 'grad_norm': 0.5636828541755676, 'learning_rate': 7.7184e-05, 'epoch': 3.07}
{'loss': 1.5398, 'grad_norm': 0.6963891983032227, 'learning_rate': 7.6544e-05, 'epoch': 3.09}
{'loss': 1.5079, 'grad_norm': 0.7084923386573792, 'learning_rate': 7.590400000000001e-05, 'epoch': 3.1}
{'loss': 1.5339, 'grad_norm': 0.7308182120323181, 'learning_rate': 7.5264e-05, 'epoch': 3.12}
{'loss': 1.5888, 'grad_norm': 0.767717182636261, 'learning_rate': 7.462400000000001e-05, 'epoch': 3.14}
{'loss': 1.5953, 'grad_norm': 0.6744290590286255, 'learning_rate': 7.398400000000002e-05, 'epoch': 3.15}
{'loss': 1.5393, 'grad_norm': 0.7816532850265503, 'learning_rate': 7.334400000000001e-05, 'epoch': 3.17}
{'loss': 1.5505, 'grad_norm': 0.7534604072570801, 'learning_rate': 7.2704e-05, 'epoch': 3.18}
{'loss': 1.5686, 'grad_norm': 0.6467509269714355, 'learning_rate': 7.206399999999999e-05, 'epoch': 3.2}
{'loss': 1.5343, 'grad_norm': 0.6944348216056824, 'learning_rate': 7.1424e-05, 'epoch': 3.22}
{'loss': 1.5385, 'grad_norm': 0.7266547083854675, 'learning_rate': 7.0784e-05, 'epoch': 3.23}
{'loss': 1.5828, 'grad_norm': 0.682886004447937, 'learning_rate': 7.0144e-05, 'epoch': 3.25}
{'loss': 1.5616, 'grad_norm': 0.6912412047386169, 'learning_rate': 6.9504e-05, 'epoch': 3.26}
{'loss': 1.607, 'grad_norm': 0.6807498335838318, 'learning_rate': 6.886400000000001e-05, 'epoch': 3.28}
{'loss': 1.5392, 'grad_norm': 0.7035924196243286, 'learning_rate': 6.8224e-05, 'epoch': 3.3}
{'loss': 1.6055, 'grad_norm': 0.7958039045333862, 'learning_rate': 6.758400000000001e-05, 'epoch': 3.31}
{'loss': 1.5702, 'grad_norm': 0.7269933819770813, 'learning_rate': 6.6944e-05, 'epoch': 3.33}
{'loss': 1.571, 'grad_norm': 0.7238209247589111, 'learning_rate': 6.6304e-05, 'epoch': 3.34}
{'loss': 1.499, 'grad_norm': 0.7139277458190918, 'learning_rate': 6.5664e-05, 'epoch': 3.36}
{'loss': 1.5881, 'grad_norm': 0.7098851799964905, 'learning_rate': 6.5024e-05, 'epoch': 3.38}
{'loss': 1.4822, 'grad_norm': 0.7946907877922058, 'learning_rate': 6.4384e-05, 'epoch': 3.39}
{'loss': 1.5537, 'grad_norm': 0.7420507669448853, 'learning_rate': 6.3744e-05, 'epoch': 3.41}
{'loss': 1.6368, 'grad_norm': 0.7092598080635071, 'learning_rate': 6.310400000000001e-05, 'epoch': 3.42}
{'loss': 1.5148, 'grad_norm': 0.6173180341720581, 'learning_rate': 6.2464e-05, 'epoch': 3.44}
{'loss': 1.5268, 'grad_norm': 0.6752957105636597, 'learning_rate': 6.182400000000001e-05, 'epoch': 3.46}
{'loss': 1.5658, 'grad_norm': 0.7381145358085632, 'learning_rate': 6.1184e-05, 'epoch': 3.47}
{'loss': 1.5232, 'grad_norm': 0.6789690256118774, 'learning_rate': 6.0544e-05, 'epoch': 3.49}
{'loss': 1.5643, 'grad_norm': 0.7521471381187439, 'learning_rate': 5.990400000000001e-05, 'epoch': 3.5}
{'loss': 1.5431, 'grad_norm': 0.6756129264831543, 'learning_rate': 5.9264e-05, 'epoch': 3.52}
{'loss': 1.4947, 'grad_norm': 0.6906259655952454, 'learning_rate': 5.8624e-05, 'epoch': 3.54}
{'loss': 1.5731, 'grad_norm': 0.7824028134346008, 'learning_rate': 5.7984000000000006e-05, 'epoch': 3.55}
{'loss': 1.5431, 'grad_norm': 0.6481274962425232, 'learning_rate': 5.7344e-05, 'epoch': 3.57}
{'loss': 1.5695, 'grad_norm': 0.6619319319725037, 'learning_rate': 5.6704000000000005e-05, 'epoch': 3.58}
{'loss': 1.5027, 'grad_norm': 0.7214101552963257, 'learning_rate': 5.6064000000000004e-05, 'epoch': 3.6}
{'loss': 1.598, 'grad_norm': 0.7029812932014465, 'learning_rate': 5.5423999999999997e-05, 'epoch': 3.62}
{'loss': 1.5017, 'grad_norm': 0.737565815448761, 'learning_rate': 5.4784e-05, 'epoch': 3.63}
{'loss': 1.5214, 'grad_norm': 0.7570412755012512, 'learning_rate': 5.414400000000001e-05, 'epoch': 3.65}
{'loss': 1.53, 'grad_norm': 0.8642136454582214, 'learning_rate': 5.3504e-05, 'epoch': 3.66}
{'loss': 1.5335, 'grad_norm': 0.7182913422584534, 'learning_rate': 5.2864e-05, 'epoch': 3.68}
{'loss': 1.5716, 'grad_norm': 0.7194370627403259, 'learning_rate': 5.222400000000001e-05, 'epoch': 3.7}
{'loss': 1.5956, 'grad_norm': 0.7881144285202026, 'learning_rate': 5.1584e-05, 'epoch': 3.71}
{'loss': 1.5244, 'grad_norm': 0.6558442115783691, 'learning_rate': 5.0944000000000006e-05, 'epoch': 3.73}
{'loss': 1.4666, 'grad_norm': 0.6515716314315796, 'learning_rate': 5.0304000000000005e-05, 'epoch': 3.74}
{'loss': 1.5462, 'grad_norm': 0.6418927907943726, 'learning_rate': 4.9664000000000004e-05, 'epoch': 3.76}
{'loss': 1.582, 'grad_norm': 0.772013783454895, 'learning_rate': 4.9024000000000004e-05, 'epoch': 3.78}
{'loss': 1.5343, 'grad_norm': 0.7070887684822083, 'learning_rate': 4.8384e-05, 'epoch': 3.79}
{'loss': 1.5917, 'grad_norm': 0.7736327648162842, 'learning_rate': 4.7744e-05, 'epoch': 3.81}
{'loss': 1.4985, 'grad_norm': 0.7666080594062805, 'learning_rate': 4.7104e-05, 'epoch': 3.82}
{'loss': 1.4914, 'grad_norm': 0.7182856202125549, 'learning_rate': 4.6464e-05, 'epoch': 3.84}
{'loss': 1.5165, 'grad_norm': 0.8470301032066345, 'learning_rate': 4.5824e-05, 'epoch': 3.86}
{'loss': 1.5494, 'grad_norm': 0.7297230362892151, 'learning_rate': 4.5184000000000006e-05, 'epoch': 3.87}
{'loss': 1.5767, 'grad_norm': 0.9691495895385742, 'learning_rate': 4.4544e-05, 'epoch': 3.89}
{'loss': 1.5559, 'grad_norm': 0.8096162676811218, 'learning_rate': 4.3904e-05, 'epoch': 3.9}
{'loss': 1.5238, 'grad_norm': 0.7565516233444214, 'learning_rate': 4.3264000000000005e-05, 'epoch': 3.92}
{'loss': 1.5096, 'grad_norm': 0.7970219850540161, 'learning_rate': 4.2624000000000004e-05, 'epoch': 3.94}
{'loss': 1.5219, 'grad_norm': 0.7564138770103455, 'learning_rate': 4.1984e-05, 'epoch': 3.95}
{'loss': 1.5607, 'grad_norm': 0.7935136556625366, 'learning_rate': 4.1344e-05, 'epoch': 3.97}
{'loss': 1.594, 'grad_norm': 0.8126342296600342, 'learning_rate': 4.0704e-05, 'epoch': 3.98}
{'loss': 1.5412, 'grad_norm': 0.7840197682380676, 'learning_rate': 4.0064e-05, 'epoch': 4.0}
{'loss': 1.4527, 'grad_norm': 0.6610984802246094, 'learning_rate': 3.9424e-05, 'epoch': 4.02}
{'loss': 1.5249, 'grad_norm': 0.752700686454773, 'learning_rate': 3.878400000000001e-05, 'epoch': 4.03}
{'loss': 1.5824, 'grad_norm': 0.7425442337989807, 'learning_rate': 3.8144e-05, 'epoch': 4.05}
{'loss': 1.4729, 'grad_norm': 0.8074163794517517, 'learning_rate': 3.7504e-05, 'epoch': 4.06}
{'loss': 1.4458, 'grad_norm': 0.7664108872413635, 'learning_rate': 3.6864000000000005e-05, 'epoch': 4.08}
{'loss': 1.5171, 'grad_norm': 0.9409311413764954, 'learning_rate': 3.6224000000000004e-05, 'epoch': 4.1}
{'loss': 1.4926, 'grad_norm': 0.806524395942688, 'learning_rate': 3.5584000000000004e-05, 'epoch': 4.11}
{'loss': 1.5042, 'grad_norm': 0.9349802136421204, 'learning_rate': 3.4943999999999996e-05, 'epoch': 4.13}
{'loss': 1.428, 'grad_norm': 0.7699199318885803, 'learning_rate': 3.4304e-05, 'epoch': 4.14}
{'loss': 1.4816, 'grad_norm': 0.8118856549263, 'learning_rate': 3.3664e-05, 'epoch': 4.16}
{'loss': 1.5422, 'grad_norm': 0.9681495428085327, 'learning_rate': 3.3024e-05, 'epoch': 4.18}
{'loss': 1.543, 'grad_norm': 0.7193865776062012, 'learning_rate': 3.2384e-05, 'epoch': 4.19}
{'loss': 1.456, 'grad_norm': 0.8007977604866028, 'learning_rate': 3.1744e-05, 'epoch': 4.21}
{'loss': 1.5447, 'grad_norm': 0.7813678979873657, 'learning_rate': 3.1104e-05, 'epoch': 4.22}
{'loss': 1.4446, 'grad_norm': 0.7900516986846924, 'learning_rate': 3.0464000000000005e-05, 'epoch': 4.24}
{'loss': 1.5295, 'grad_norm': 0.8944952487945557, 'learning_rate': 2.9824e-05, 'epoch': 4.26}
{'loss': 1.491, 'grad_norm': 0.6898404955863953, 'learning_rate': 2.9184e-05, 'epoch': 4.27}
{'loss': 1.5116, 'grad_norm': 0.8345299959182739, 'learning_rate': 2.8544000000000003e-05, 'epoch': 4.29}
{'loss': 1.5039, 'grad_norm': 0.8455058932304382, 'learning_rate': 2.7904000000000003e-05, 'epoch': 4.3}
{'loss': 1.4657, 'grad_norm': 0.8498957753181458, 'learning_rate': 2.7264000000000002e-05, 'epoch': 4.32}
{'loss': 1.492, 'grad_norm': 0.829612672328949, 'learning_rate': 2.6623999999999998e-05, 'epoch': 4.34}
{'loss': 1.5083, 'grad_norm': 0.8136401176452637, 'learning_rate': 2.5984000000000004e-05, 'epoch': 4.35}
{'loss': 1.542, 'grad_norm': 0.7379634380340576, 'learning_rate': 2.5344e-05, 'epoch': 4.37}
{'loss': 1.4542, 'grad_norm': 0.7647191882133484, 'learning_rate': 2.4704000000000003e-05, 'epoch': 4.38}
{'loss': 1.4603, 'grad_norm': 0.7453969120979309, 'learning_rate': 2.4064000000000002e-05, 'epoch': 4.4}
{'loss': 1.5478, 'grad_norm': 0.9353992342948914, 'learning_rate': 2.3424e-05, 'epoch': 4.42}
{'loss': 1.4956, 'grad_norm': 0.9077067375183105, 'learning_rate': 2.2784e-05, 'epoch': 4.43}
{'loss': 1.5111, 'grad_norm': 0.757429301738739, 'learning_rate': 2.2144e-05, 'epoch': 4.45}
{'loss': 1.4638, 'grad_norm': 0.7429186105728149, 'learning_rate': 2.1504000000000003e-05, 'epoch': 4.46}
{'loss': 1.4845, 'grad_norm': 0.7803399562835693, 'learning_rate': 2.0864e-05, 'epoch': 4.48}
{'loss': 1.4507, 'grad_norm': 0.8897696733474731, 'learning_rate': 2.0224e-05, 'epoch': 4.5}
{'loss': 1.5119, 'grad_norm': 0.9657452702522278, 'learning_rate': 1.9584e-05, 'epoch': 4.51}
{'loss': 1.578, 'grad_norm': 0.8434417843818665, 'learning_rate': 1.8944e-05, 'epoch': 4.53}
{'loss': 1.5079, 'grad_norm': 0.7726850509643555, 'learning_rate': 1.8304000000000003e-05, 'epoch': 4.54}
{'loss': 1.5227, 'grad_norm': 0.8224884867668152, 'learning_rate': 1.7664e-05, 'epoch': 4.56}
{'loss': 1.4806, 'grad_norm': 0.887245237827301, 'learning_rate': 1.7024e-05, 'epoch': 4.58}
{'loss': 1.4951, 'grad_norm': 0.9139629006385803, 'learning_rate': 1.6384e-05, 'epoch': 4.59}
{'loss': 1.5015, 'grad_norm': 0.8165571689605713, 'learning_rate': 1.5744e-05, 'epoch': 4.61}
{'loss': 1.5321, 'grad_norm': 0.8297260403633118, 'learning_rate': 1.5104000000000001e-05, 'epoch': 4.62}
{'loss': 1.4231, 'grad_norm': 0.8539129495620728, 'learning_rate': 1.4463999999999999e-05, 'epoch': 4.64}
{'loss': 1.5238, 'grad_norm': 0.8475953340530396, 'learning_rate': 1.3824e-05, 'epoch': 4.66}
{'loss': 1.4958, 'grad_norm': 0.7422344088554382, 'learning_rate': 1.3184000000000001e-05, 'epoch': 4.67}
{'loss': 1.4659, 'grad_norm': 0.8246596455574036, 'learning_rate': 1.2544e-05, 'epoch': 4.69}
{'loss': 1.5061, 'grad_norm': 0.8228413462638855, 'learning_rate': 1.1904000000000002e-05, 'epoch': 4.7}
{'loss': 1.4831, 'grad_norm': 0.7984293103218079, 'learning_rate': 1.1264000000000001e-05, 'epoch': 4.72}
{'loss': 1.4995, 'grad_norm': 0.7805392146110535, 'learning_rate': 1.0624e-05, 'epoch': 4.74}
{'loss': 1.4654, 'grad_norm': 0.8911712765693665, 'learning_rate': 9.984e-06, 'epoch': 4.75}
{'loss': 1.563, 'grad_norm': 0.7020893096923828, 'learning_rate': 9.344e-06, 'epoch': 4.77}
{'loss': 1.4676, 'grad_norm': 0.9730167388916016, 'learning_rate': 8.704000000000002e-06, 'epoch': 4.78}
{'loss': 1.5153, 'grad_norm': 0.8721269965171814, 'learning_rate': 8.064000000000001e-06, 'epoch': 4.8}
{'loss': 1.5025, 'grad_norm': 0.7898761630058289, 'learning_rate': 7.424e-06, 'epoch': 4.82}
{'loss': 1.5211, 'grad_norm': 0.7750939130783081, 'learning_rate': 6.784e-06, 'epoch': 4.83}
{'loss': 1.5132, 'grad_norm': 0.7615702152252197, 'learning_rate': 6.144000000000001e-06, 'epoch': 4.85}
{'loss': 1.4723, 'grad_norm': 0.8781545162200928, 'learning_rate': 5.504e-06, 'epoch': 4.86}
{'loss': 1.5703, 'grad_norm': 0.941453754901886, 'learning_rate': 4.864e-06, 'epoch': 4.88}
{'loss': 1.4534, 'grad_norm': 0.9618903398513794, 'learning_rate': 4.2240000000000006e-06, 'epoch': 4.9}
{'loss': 1.4825, 'grad_norm': 0.8906158804893494, 'learning_rate': 3.584e-06, 'epoch': 4.91}
{'loss': 1.5027, 'grad_norm': 0.7334219217300415, 'learning_rate': 2.944e-06, 'epoch': 4.93}
{'loss': 1.4387, 'grad_norm': 0.8228393793106079, 'learning_rate': 2.3040000000000003e-06, 'epoch': 4.94}
{'loss': 1.5031, 'grad_norm': 0.9926062822341919, 'learning_rate': 1.6639999999999999e-06, 'epoch': 4.96}
{'loss': 1.4795, 'grad_norm': 0.8953220844268799, 'learning_rate': 1.024e-06, 'epoch': 4.98}
{'loss': 1.5495, 'grad_norm': 0.7915916442871094, 'learning_rate': 3.8400000000000005e-07, 'epoch': 4.99}
{'train_runtime': 2833.5165, 'train_samples_per_second': 4.411, 'train_steps_per_second': 1.103, 'train_loss': 1.6257484803771973, 'epoch': 5.0}
   [Save] Saving adapter to /gpfs/data/fs71186/ziegler/ThesisProject/results/adapters/llama2_reuters
   [Config] Detected CLUSTER Environment (Linux).
========================================
   STARTING LORA TRAINING (STANDARD BASE)
   Model:   llama2
   Dataset: darkreddit
========================================
   [Data] Loading dataset...
   [Data] Loading DarkReddit (darkreddit_authorship_attribution_train_anon.jsonl)...
   [Info] Detected keys - Text: 'comment', Author: 'author'
   [Model] Loading Base: /gpfs/data/fs71186/ziegler/ThesisProject/models/Llama-2-7b-hf
trainable params: 4,194,304 || all params: 6,742,609,920 || trainable%: 0.0622
   [Train] Starting training loop...
{'loss': 2.8498, 'grad_norm': 0.3184143006801605, 'learning_rate': 0.00019978885630498534, 'epoch': 0.01}
{'loss': 2.6306, 'grad_norm': 0.5026931762695312, 'learning_rate': 0.00019955425219941351, 'epoch': 0.01}
{'loss': 2.5761, 'grad_norm': 0.6835675835609436, 'learning_rate': 0.00019931964809384166, 'epoch': 0.02}
{'loss': 2.6441, 'grad_norm': 0.4104495942592621, 'learning_rate': 0.0001990850439882698, 'epoch': 0.02}
{'loss': 2.6576, 'grad_norm': 0.7163265943527222, 'learning_rate': 0.00019885043988269796, 'epoch': 0.03}
{'loss': 2.6337, 'grad_norm': 0.6980335116386414, 'learning_rate': 0.0001986158357771261, 'epoch': 0.04}
{'loss': 2.523, 'grad_norm': 0.4055485427379608, 'learning_rate': 0.00019838123167155428, 'epoch': 0.04}
{'loss': 2.5847, 'grad_norm': 1.0227937698364258, 'learning_rate': 0.0001981466275659824, 'epoch': 0.05}
{'loss': 2.6612, 'grad_norm': 0.8596835732460022, 'learning_rate': 0.00019791202346041055, 'epoch': 0.05}
{'loss': 2.6198, 'grad_norm': 0.6359334588050842, 'learning_rate': 0.00019767741935483872, 'epoch': 0.06}
{'loss': 2.5137, 'grad_norm': 0.6689083576202393, 'learning_rate': 0.00019744281524926687, 'epoch': 0.06}
{'loss': 2.5431, 'grad_norm': 0.556881308555603, 'learning_rate': 0.00019720821114369504, 'epoch': 0.07}
{'loss': 2.5252, 'grad_norm': 0.8781138062477112, 'learning_rate': 0.00019697360703812316, 'epoch': 0.08}
{'loss': 2.5259, 'grad_norm': 0.5750728845596313, 'learning_rate': 0.0001967390029325513, 'epoch': 0.08}
{'loss': 2.4608, 'grad_norm': 0.6249286532402039, 'learning_rate': 0.00019650439882697949, 'epoch': 0.09}
{'loss': 2.6087, 'grad_norm': 0.5165454745292664, 'learning_rate': 0.00019626979472140763, 'epoch': 0.09}
{'loss': 2.592, 'grad_norm': 0.7127709984779358, 'learning_rate': 0.0001960351906158358, 'epoch': 0.1}
{'loss': 2.4893, 'grad_norm': 0.8360841274261475, 'learning_rate': 0.00019580058651026393, 'epoch': 0.11}
{'loss': 2.471, 'grad_norm': 0.5005952715873718, 'learning_rate': 0.00019556598240469208, 'epoch': 0.11}
{'loss': 2.4707, 'grad_norm': 0.8058018684387207, 'learning_rate': 0.00019533137829912025, 'epoch': 0.12}
{'loss': 2.5649, 'grad_norm': 0.5608156323432922, 'learning_rate': 0.0001950967741935484, 'epoch': 0.12}
{'loss': 2.5858, 'grad_norm': 0.6657013893127441, 'learning_rate': 0.00019486217008797655, 'epoch': 0.13}
{'loss': 2.5734, 'grad_norm': 0.576413094997406, 'learning_rate': 0.0001946275659824047, 'epoch': 0.13}
{'loss': 2.5017, 'grad_norm': 0.49017906188964844, 'learning_rate': 0.00019439296187683284, 'epoch': 0.14}
{'loss': 2.4735, 'grad_norm': 0.6734858751296997, 'learning_rate': 0.00019415835777126102, 'epoch': 0.15}
{'loss': 2.4455, 'grad_norm': 0.6532068848609924, 'learning_rate': 0.00019392375366568916, 'epoch': 0.15}
{'loss': 2.4374, 'grad_norm': 0.8017544150352478, 'learning_rate': 0.0001936891495601173, 'epoch': 0.16}
{'loss': 2.5157, 'grad_norm': 0.632055938243866, 'learning_rate': 0.00019345454545454546, 'epoch': 0.16}
{'loss': 2.4546, 'grad_norm': 0.642266571521759, 'learning_rate': 0.0001932199413489736, 'epoch': 0.17}
{'loss': 2.5197, 'grad_norm': 0.7074464559555054, 'learning_rate': 0.00019298533724340178, 'epoch': 0.18}
{'loss': 2.4642, 'grad_norm': 0.7754502296447754, 'learning_rate': 0.00019275073313782993, 'epoch': 0.18}
{'loss': 2.583, 'grad_norm': 0.5916630029678345, 'learning_rate': 0.00019251612903225807, 'epoch': 0.19}
{'loss': 2.5317, 'grad_norm': 0.8600138425827026, 'learning_rate': 0.00019228152492668622, 'epoch': 0.19}
{'loss': 2.587, 'grad_norm': 0.35209885239601135, 'learning_rate': 0.00019204692082111437, 'epoch': 0.2}
{'loss': 2.5052, 'grad_norm': 0.8715366721153259, 'learning_rate': 0.00019181231671554254, 'epoch': 0.21}
{'loss': 2.4796, 'grad_norm': 0.5526409149169922, 'learning_rate': 0.0001915777126099707, 'epoch': 0.21}
{'loss': 2.3165, 'grad_norm': 0.6378103494644165, 'learning_rate': 0.00019134310850439884, 'epoch': 0.22}
{'loss': 2.6067, 'grad_norm': nan, 'learning_rate': 0.000191108504398827, 'epoch': 0.22}
{'loss': 2.4058, 'grad_norm': 0.6971256136894226, 'learning_rate': 0.00019087390029325513, 'epoch': 0.23}
{'loss': 2.5423, 'grad_norm': 0.5174636840820312, 'learning_rate': 0.0001906392961876833, 'epoch': 0.23}
{'loss': 2.494, 'grad_norm': 0.5247665643692017, 'learning_rate': 0.00019040469208211146, 'epoch': 0.24}
{'loss': 2.5866, 'grad_norm': 0.6989271640777588, 'learning_rate': 0.00019017008797653958, 'epoch': 0.25}
{'loss': 2.4531, 'grad_norm': 0.4862646758556366, 'learning_rate': 0.00018993548387096775, 'epoch': 0.25}
{'loss': 2.5044, 'grad_norm': 0.6268146634101868, 'learning_rate': 0.0001897008797653959, 'epoch': 0.26}
{'loss': 2.554, 'grad_norm': 0.46204811334609985, 'learning_rate': 0.00018946627565982407, 'epoch': 0.26}
{'loss': 2.4801, 'grad_norm': 0.6990755200386047, 'learning_rate': 0.00018923167155425222, 'epoch': 0.27}
{'loss': 2.4434, 'grad_norm': 0.45515409111976624, 'learning_rate': 0.00018899706744868034, 'epoch': 0.28}
{'loss': 2.3769, 'grad_norm': 0.7785057425498962, 'learning_rate': 0.00018876246334310852, 'epoch': 0.28}
{'loss': 2.6453, 'grad_norm': 0.8621934652328491, 'learning_rate': 0.00018852785923753666, 'epoch': 0.29}
{'loss': 2.5209, 'grad_norm': 0.5536549091339111, 'learning_rate': 0.0001882932551319648, 'epoch': 0.29}
{'loss': 2.4431, 'grad_norm': 0.6333768367767334, 'learning_rate': 0.00018805865102639299, 'epoch': 0.3}
{'loss': 2.5273, 'grad_norm': 1.1593958139419556, 'learning_rate': 0.0001878240469208211, 'epoch': 0.3}
{'loss': 2.4841, 'grad_norm': 0.6068344116210938, 'learning_rate': 0.00018758944281524928, 'epoch': 0.31}
{'loss': 2.5443, 'grad_norm': 0.9200228452682495, 'learning_rate': 0.00018735483870967743, 'epoch': 0.32}
{'loss': 2.5638, 'grad_norm': 0.5769845843315125, 'learning_rate': 0.00018712023460410558, 'epoch': 0.32}
{'loss': 2.4384, 'grad_norm': 0.5400614142417908, 'learning_rate': 0.00018688563049853372, 'epoch': 0.33}
{'loss': 2.4674, 'grad_norm': 0.7244457602500916, 'learning_rate': 0.00018665102639296187, 'epoch': 0.33}
{'loss': 2.4865, 'grad_norm': 0.8141068816184998, 'learning_rate': 0.00018641642228739005, 'epoch': 0.34}
{'loss': 2.4433, 'grad_norm': 0.47518712282180786, 'learning_rate': 0.0001861818181818182, 'epoch': 0.35}
{'loss': 2.5665, 'grad_norm': 0.8724063038825989, 'learning_rate': 0.00018594721407624634, 'epoch': 0.35}
{'loss': 2.5148, 'grad_norm': 0.7490382194519043, 'learning_rate': 0.0001857126099706745, 'epoch': 0.36}
{'loss': 2.4345, 'grad_norm': 0.5256190299987793, 'learning_rate': 0.00018547800586510264, 'epoch': 0.36}
{'loss': 2.5318, 'grad_norm': 0.6627894639968872, 'learning_rate': 0.0001852434017595308, 'epoch': 0.37}
{'loss': 2.5265, 'grad_norm': 0.4282117784023285, 'learning_rate': 0.00018500879765395896, 'epoch': 0.38}
{'loss': 2.4248, 'grad_norm': 0.8021366000175476, 'learning_rate': 0.0001847741935483871, 'epoch': 0.38}
{'loss': 2.6016, 'grad_norm': 0.5989464521408081, 'learning_rate': 0.00018453958944281525, 'epoch': 0.39}
{'loss': 2.49, 'grad_norm': 0.6069190502166748, 'learning_rate': 0.0001843049853372434, 'epoch': 0.39}
{'loss': 2.4618, 'grad_norm': 0.7983155250549316, 'learning_rate': 0.00018407038123167157, 'epoch': 0.4}
{'loss': 2.4013, 'grad_norm': 0.7820709347724915, 'learning_rate': 0.00018383577712609972, 'epoch': 0.4}
{'loss': 2.4295, 'grad_norm': 0.6300470232963562, 'learning_rate': 0.00018360117302052787, 'epoch': 0.41}
{'loss': 2.5539, 'grad_norm': 0.568274974822998, 'learning_rate': 0.00018336656891495602, 'epoch': 0.42}
{'loss': 2.567, 'grad_norm': 0.7857275009155273, 'learning_rate': 0.00018313196480938416, 'epoch': 0.42}
{'loss': 2.5059, 'grad_norm': 1.3543676137924194, 'learning_rate': 0.0001828973607038123, 'epoch': 0.43}
{'loss': 2.5047, 'grad_norm': 0.5242632031440735, 'learning_rate': 0.0001826627565982405, 'epoch': 0.43}
{'loss': 2.4597, 'grad_norm': 0.7515514492988586, 'learning_rate': 0.00018242815249266863, 'epoch': 0.44}
{'loss': 2.4804, 'grad_norm': 0.5440627932548523, 'learning_rate': 0.00018219354838709678, 'epoch': 0.45}
{'loss': 2.3332, 'grad_norm': 0.5653043985366821, 'learning_rate': 0.00018195894428152493, 'epoch': 0.45}
{'loss': 2.5743, 'grad_norm': 0.8777552843093872, 'learning_rate': 0.00018172434017595308, 'epoch': 0.46}
{'loss': 2.4116, 'grad_norm': 0.6668168306350708, 'learning_rate': 0.00018148973607038125, 'epoch': 0.46}
{'loss': 2.3026, 'grad_norm': 0.6641228795051575, 'learning_rate': 0.0001812551319648094, 'epoch': 0.47}
{'loss': 2.5301, 'grad_norm': 0.8198592662811279, 'learning_rate': 0.00018102052785923755, 'epoch': 0.48}
{'loss': 2.4025, 'grad_norm': 0.3913414180278778, 'learning_rate': 0.0001807859237536657, 'epoch': 0.48}
{'loss': 2.5351, 'grad_norm': 0.4967373013496399, 'learning_rate': 0.00018055131964809384, 'epoch': 0.49}
{'loss': 2.5124, 'grad_norm': 0.5534951686859131, 'learning_rate': 0.00018031671554252202, 'epoch': 0.49}
{'loss': 2.5704, 'grad_norm': 0.6288115978240967, 'learning_rate': 0.00018008211143695016, 'epoch': 0.5}
{'loss': 2.4435, 'grad_norm': 0.6670947670936584, 'learning_rate': 0.0001798475073313783, 'epoch': 0.5}
