ERROR: Unable to locate a modulefile for 'cuda/11.8.0-gcc-11.2.0-411'
==================================================
   STARTING LLAMA 2 MULTI-EPOCH PIPELINE
   Date: Wed Jan 28 04:32:33 CET 2026
==================================================

>>> [1/5] Evaluating BASE Model (No LoRA)...
   [Config] Detected CLUSTER Environment (Linux).
========================================
   STARTING JOB: llama2_reuters
   Device: cuda
========================================
   [Data] Loading Reuters (C50train)...
   [Data] Loading Reuters (C50test)...
   [Data] Final Test Size: 2500 samples
   [llama2] Loading Llama (Decoder) from: /gpfs/data/fs71186/ziegler/ThesisProject/models/Llama-2-7b-hf
   [llama2] Info: No adapter requested. Running BASE model.
   [Pipeline] Generating Train Embeddings...
   [Pipeline] Generating Test Embeddings...
   [Save] Saving embeddings to: /gpfs/data/fs71186/ziegler/ThesisProject/results/embeddings/llama2_reuters_base.pt
   [Eval] Calculating metrics for llama2 on reuters...
   [Eval] Report saved: /gpfs/data/fs71186/ziegler/ThesisProject/results/logs/llama2_reuters_2026-01-28_04-40-28_report.txt
   [Eval] Plot saved: /gpfs/data/fs71186/ziegler/ThesisProject/results/plots/llama2_reuters_2026-01-28_04-40-28_matrix.png
------------------------------------------------

========================================
   JOB COMPLETE: llama2_reuters
==========================================
   [Config] Detected CLUSTER Environment (Linux).
========================================
   STARTING JOB: llama2_darkreddit
   Device: cuda
========================================
   [Data] Loading DarkReddit (darkreddit_authorship_attribution_train_anon.jsonl)...
   [Info] Detected keys - Text: 'comment', Author: 'author'
   [Data] Loading DarkReddit (darkreddit_authorship_attribution_test_anon.jsonl)...
   [Info] Detected keys - Text: 'comment', Author: 'author'
   [Data] Final Test Size: 2276 samples
   [llama2] Loading Llama (Decoder) from: /gpfs/data/fs71186/ziegler/ThesisProject/models/Llama-2-7b-hf
   [llama2] Info: No adapter requested. Running BASE model.
   [Pipeline] Generating Train Embeddings...
   [Pipeline] Generating Test Embeddings...
   [Save] Saving embeddings to: /gpfs/data/fs71186/ziegler/ThesisProject/results/embeddings/llama2_darkreddit_base.pt
   [Eval] Calculating metrics for llama2 on darkreddit...
   [Eval] Report saved: /gpfs/data/fs71186/ziegler/ThesisProject/results/logs/llama2_darkreddit_2026-01-28_04-48-06_report.txt
   [Eval] Plot saved: /gpfs/data/fs71186/ziegler/ThesisProject/results/plots/llama2_darkreddit_2026-01-28_04-48-06_matrix.png
------------------------------------------------

========================================
   JOB COMPLETE: llama2_darkreddit
==========================================

>>> [2/5] Training LoRA (3 Epochs)...
   [Config] Detected CLUSTER Environment (Linux).
========================================
   STARTING LORA TRAINING (STANDARD BASE)
   Model:   llama2
   Dataset: reuters
========================================
   [Data] Loading dataset...
   [Data] Loading Reuters (C50train)...
   [Model] Loading Base: /gpfs/data/fs71186/ziegler/ThesisProject/models/Llama-2-7b-hf
trainable params: 4,194,304 || all params: 6,742,609,920 || trainable%: 0.0622
   [Train] Starting training loop...
{'loss': 1.8774, 'grad_norm': 0.16841022670269012, 'learning_rate': 0.00019904, 'epoch': 0.02}
{'loss': 1.8421, 'grad_norm': 0.20695555210113525, 'learning_rate': 0.00019797333333333334, 'epoch': 0.03}
{'loss': 1.8246, 'grad_norm': 0.23822760581970215, 'learning_rate': 0.0001969066666666667, 'epoch': 0.05}
{'loss': 1.8214, 'grad_norm': 0.2461525946855545, 'learning_rate': 0.00019584, 'epoch': 0.06}
{'loss': 1.7906, 'grad_norm': 0.352602481842041, 'learning_rate': 0.00019477333333333335, 'epoch': 0.08}
{'loss': 1.8611, 'grad_norm': 0.24110330641269684, 'learning_rate': 0.00019370666666666667, 'epoch': 0.1}
{'loss': 1.8517, 'grad_norm': 0.23218925297260284, 'learning_rate': 0.00019264, 'epoch': 0.11}
{'loss': 1.7265, 'grad_norm': 0.23739656805992126, 'learning_rate': 0.00019157333333333335, 'epoch': 0.13}
{'loss': 1.7957, 'grad_norm': 0.26472097635269165, 'learning_rate': 0.00019050666666666668, 'epoch': 0.14}
{'loss': 1.7793, 'grad_norm': 0.24700738489627838, 'learning_rate': 0.00018944000000000003, 'epoch': 0.16}
{'loss': 1.7759, 'grad_norm': 0.243500217795372, 'learning_rate': 0.00018837333333333333, 'epoch': 0.18}
{'loss': 1.7613, 'grad_norm': 0.24246209859848022, 'learning_rate': 0.00018730666666666668, 'epoch': 0.19}
{'loss': 1.8318, 'grad_norm': 0.23609299957752228, 'learning_rate': 0.00018624, 'epoch': 0.21}
{'loss': 1.7986, 'grad_norm': 0.2705903947353363, 'learning_rate': 0.00018517333333333333, 'epoch': 0.22}
{'loss': 1.7876, 'grad_norm': 0.21573497354984283, 'learning_rate': 0.00018410666666666668, 'epoch': 0.24}
{'loss': 1.786, 'grad_norm': 0.2508179247379303, 'learning_rate': 0.00018304, 'epoch': 0.26}
{'loss': 1.778, 'grad_norm': 0.2582303583621979, 'learning_rate': 0.00018197333333333336, 'epoch': 0.27}
{'loss': 1.7587, 'grad_norm': 0.2722431719303131, 'learning_rate': 0.00018090666666666666, 'epoch': 0.29}
{'loss': 1.7291, 'grad_norm': 0.24387477338314056, 'learning_rate': 0.00017984, 'epoch': 0.3}
{'loss': 1.7825, 'grad_norm': 0.23552070558071136, 'learning_rate': 0.00017877333333333334, 'epoch': 0.32}
{'loss': 1.7871, 'grad_norm': 0.26653286814689636, 'learning_rate': 0.00017770666666666666, 'epoch': 0.34}
{'loss': 1.7711, 'grad_norm': 0.2653927206993103, 'learning_rate': 0.00017664000000000002, 'epoch': 0.35}
{'loss': 1.7477, 'grad_norm': 0.2720670700073242, 'learning_rate': 0.00017557333333333334, 'epoch': 0.37}
{'loss': 1.782, 'grad_norm': 0.2968704402446747, 'learning_rate': 0.0001745066666666667, 'epoch': 0.38}
{'loss': 1.821, 'grad_norm': 0.2720557749271393, 'learning_rate': 0.00017344, 'epoch': 0.4}
{'loss': 1.753, 'grad_norm': 0.24170774221420288, 'learning_rate': 0.00017237333333333335, 'epoch': 0.42}
{'loss': 1.7549, 'grad_norm': 0.23524101078510284, 'learning_rate': 0.00017130666666666667, 'epoch': 0.43}
{'loss': 1.7847, 'grad_norm': 0.2555418610572815, 'learning_rate': 0.00017024, 'epoch': 0.45}
{'loss': 1.7692, 'grad_norm': 0.2668607831001282, 'learning_rate': 0.00016917333333333335, 'epoch': 0.46}
{'loss': 1.7703, 'grad_norm': 0.2652171850204468, 'learning_rate': 0.00016810666666666667, 'epoch': 0.48}
{'loss': 1.7605, 'grad_norm': 0.25236889719963074, 'learning_rate': 0.00016704000000000003, 'epoch': 0.5}
{'loss': 1.7382, 'grad_norm': 0.2652185261249542, 'learning_rate': 0.00016597333333333333, 'epoch': 0.51}
{'loss': 1.7651, 'grad_norm': 0.26685428619384766, 'learning_rate': 0.00016490666666666668, 'epoch': 0.53}
{'loss': 1.7913, 'grad_norm': 0.27156567573547363, 'learning_rate': 0.00016384, 'epoch': 0.54}
{'loss': 1.7629, 'grad_norm': 0.25978076457977295, 'learning_rate': 0.00016277333333333333, 'epoch': 0.56}
{'loss': 1.8168, 'grad_norm': 0.2749139368534088, 'learning_rate': 0.00016170666666666668, 'epoch': 0.58}
{'loss': 1.7173, 'grad_norm': 0.28056269884109497, 'learning_rate': 0.00016064, 'epoch': 0.59}
{'loss': 1.7521, 'grad_norm': 0.29319050908088684, 'learning_rate': 0.00015957333333333333, 'epoch': 0.61}
{'loss': 1.765, 'grad_norm': 0.28296008706092834, 'learning_rate': 0.00015850666666666666, 'epoch': 0.62}
{'loss': 1.8056, 'grad_norm': 0.3104364573955536, 'learning_rate': 0.00015744, 'epoch': 0.64}
{'loss': 1.7864, 'grad_norm': 0.30904334783554077, 'learning_rate': 0.00015637333333333334, 'epoch': 0.66}
{'loss': 1.7492, 'grad_norm': 0.3105985224246979, 'learning_rate': 0.00015530666666666666, 'epoch': 0.67}
{'loss': 1.7276, 'grad_norm': 0.26965564489364624, 'learning_rate': 0.00015424000000000001, 'epoch': 0.69}
{'loss': 1.7199, 'grad_norm': 0.2973545491695404, 'learning_rate': 0.00015317333333333334, 'epoch': 0.7}
{'loss': 1.8123, 'grad_norm': 0.27088090777397156, 'learning_rate': 0.00015210666666666666, 'epoch': 0.72}
{'loss': 1.7404, 'grad_norm': 0.26156771183013916, 'learning_rate': 0.00015104, 'epoch': 0.74}
{'loss': 1.7455, 'grad_norm': 0.2660132944583893, 'learning_rate': 0.00014997333333333334, 'epoch': 0.75}
{'loss': 1.6899, 'grad_norm': 0.27254724502563477, 'learning_rate': 0.0001489066666666667, 'epoch': 0.77}
{'loss': 1.7985, 'grad_norm': 0.36185598373413086, 'learning_rate': 0.00014784, 'epoch': 0.78}
{'loss': 1.7721, 'grad_norm': 0.2923727035522461, 'learning_rate': 0.00014677333333333335, 'epoch': 0.8}
{'loss': 1.7815, 'grad_norm': 0.28657904267311096, 'learning_rate': 0.00014570666666666667, 'epoch': 0.82}
{'loss': 1.7795, 'grad_norm': 0.3450313210487366, 'learning_rate': 0.00014464, 'epoch': 0.83}
{'loss': 1.7706, 'grad_norm': 0.3399624526500702, 'learning_rate': 0.00014357333333333335, 'epoch': 0.85}
{'loss': 1.7793, 'grad_norm': 0.30657243728637695, 'learning_rate': 0.00014250666666666668, 'epoch': 0.86}
{'loss': 1.7041, 'grad_norm': 0.2828168272972107, 'learning_rate': 0.00014144000000000003, 'epoch': 0.88}
{'loss': 1.7567, 'grad_norm': 0.28021833300590515, 'learning_rate': 0.00014037333333333333, 'epoch': 0.9}
{'loss': 1.7513, 'grad_norm': 0.29542896151542664, 'learning_rate': 0.00013930666666666668, 'epoch': 0.91}
{'loss': 1.7489, 'grad_norm': 0.36889368295669556, 'learning_rate': 0.00013824, 'epoch': 0.93}
{'loss': 1.7188, 'grad_norm': 0.278648316860199, 'learning_rate': 0.00013717333333333333, 'epoch': 0.94}
{'loss': 1.7208, 'grad_norm': 0.3025313913822174, 'learning_rate': 0.00013610666666666668, 'epoch': 0.96}
{'loss': 1.7683, 'grad_norm': 0.30263853073120117, 'learning_rate': 0.00013504, 'epoch': 0.98}
{'loss': 1.778, 'grad_norm': 0.3012162446975708, 'learning_rate': 0.00013397333333333336, 'epoch': 0.99}
{'loss': 1.707, 'grad_norm': 0.32036399841308594, 'learning_rate': 0.00013290666666666666, 'epoch': 1.01}
{'loss': 1.6937, 'grad_norm': 0.3586568832397461, 'learning_rate': 0.00013184, 'epoch': 1.02}
{'loss': 1.6986, 'grad_norm': 0.3620672821998596, 'learning_rate': 0.00013077333333333334, 'epoch': 1.04}
{'loss': 1.6985, 'grad_norm': 0.3898073732852936, 'learning_rate': 0.00012970666666666666, 'epoch': 1.06}
{'loss': 1.7033, 'grad_norm': 0.35727062821388245, 'learning_rate': 0.00012864000000000002, 'epoch': 1.07}
{'loss': 1.685, 'grad_norm': 0.36186760663986206, 'learning_rate': 0.00012757333333333334, 'epoch': 1.09}
{'loss': 1.7187, 'grad_norm': 0.38875314593315125, 'learning_rate': 0.00012650666666666667, 'epoch': 1.1}
{'loss': 1.7121, 'grad_norm': 0.417369544506073, 'learning_rate': 0.00012544, 'epoch': 1.12}
{'loss': 1.7273, 'grad_norm': 0.41226673126220703, 'learning_rate': 0.00012437333333333334, 'epoch': 1.14}
{'loss': 1.6736, 'grad_norm': 0.37657302618026733, 'learning_rate': 0.00012330666666666667, 'epoch': 1.15}
{'loss': 1.6694, 'grad_norm': 0.39300310611724854, 'learning_rate': 0.00012224, 'epoch': 1.17}
{'loss': 1.7043, 'grad_norm': 0.3803323209285736, 'learning_rate': 0.00012117333333333333, 'epoch': 1.18}
{'loss': 1.6689, 'grad_norm': 0.40878474712371826, 'learning_rate': 0.00012010666666666667, 'epoch': 1.2}
{'loss': 1.7594, 'grad_norm': 0.3904080390930176, 'learning_rate': 0.00011904, 'epoch': 1.22}
{'loss': 1.6537, 'grad_norm': 0.4445931613445282, 'learning_rate': 0.00011797333333333334, 'epoch': 1.23}
{'loss': 1.7046, 'grad_norm': 0.42490553855895996, 'learning_rate': 0.00011690666666666668, 'epoch': 1.25}
{'loss': 1.6828, 'grad_norm': 0.37459617853164673, 'learning_rate': 0.00011584000000000002, 'epoch': 1.26}
{'loss': 1.6764, 'grad_norm': 0.4576560854911804, 'learning_rate': 0.00011477333333333333, 'epoch': 1.28}
{'loss': 1.7392, 'grad_norm': 0.40422752499580383, 'learning_rate': 0.00011370666666666667, 'epoch': 1.3}
{'loss': 1.699, 'grad_norm': 0.47586938738822937, 'learning_rate': 0.00011264, 'epoch': 1.31}
{'loss': 1.7175, 'grad_norm': 0.4427238702774048, 'learning_rate': 0.00011157333333333333, 'epoch': 1.33}
{'loss': 1.7302, 'grad_norm': 0.46928465366363525, 'learning_rate': 0.00011050666666666667, 'epoch': 1.34}
{'loss': 1.7133, 'grad_norm': 0.4427735209465027, 'learning_rate': 0.00010944000000000001, 'epoch': 1.36}
{'loss': 1.6944, 'grad_norm': 0.4826749861240387, 'learning_rate': 0.00010837333333333335, 'epoch': 1.38}
{'loss': 1.6816, 'grad_norm': 0.42862844467163086, 'learning_rate': 0.00010730666666666666, 'epoch': 1.39}
{'loss': 1.6672, 'grad_norm': 0.39650392532348633, 'learning_rate': 0.00010624000000000001, 'epoch': 1.41}
{'loss': 1.6962, 'grad_norm': 0.4771367013454437, 'learning_rate': 0.00010517333333333335, 'epoch': 1.42}
{'loss': 1.7534, 'grad_norm': 0.4281098246574402, 'learning_rate': 0.00010410666666666666, 'epoch': 1.44}
{'loss': 1.7035, 'grad_norm': 0.46682071685791016, 'learning_rate': 0.00010304, 'epoch': 1.46}
{'loss': 1.6764, 'grad_norm': 0.41239839792251587, 'learning_rate': 0.00010197333333333334, 'epoch': 1.47}
{'loss': 1.6896, 'grad_norm': 0.43655380606651306, 'learning_rate': 0.00010090666666666665, 'epoch': 1.49}
{'loss': 1.6672, 'grad_norm': 0.4236034154891968, 'learning_rate': 9.984e-05, 'epoch': 1.5}
{'loss': 1.6758, 'grad_norm': 0.4822741746902466, 'learning_rate': 9.877333333333335e-05, 'epoch': 1.52}
{'loss': 1.6725, 'grad_norm': 0.4148128032684326, 'learning_rate': 9.770666666666667e-05, 'epoch': 1.54}
{'loss': 1.6782, 'grad_norm': 0.4485962688922882, 'learning_rate': 9.664000000000001e-05, 'epoch': 1.55}
{'loss': 1.7439, 'grad_norm': 0.4453972280025482, 'learning_rate': 9.557333333333334e-05, 'epoch': 1.57}
{'loss': 1.7874, 'grad_norm': 0.43366551399230957, 'learning_rate': 9.450666666666667e-05, 'epoch': 1.58}
{'loss': 1.7274, 'grad_norm': 0.4437348544597626, 'learning_rate': 9.344e-05, 'epoch': 1.6}
{'loss': 1.6592, 'grad_norm': 0.524961531162262, 'learning_rate': 9.237333333333334e-05, 'epoch': 1.62}
{'loss': 1.6977, 'grad_norm': 0.45322930812835693, 'learning_rate': 9.130666666666668e-05, 'epoch': 1.63}
{'loss': 1.6756, 'grad_norm': 0.5365532040596008, 'learning_rate': 9.024e-05, 'epoch': 1.65}
{'loss': 1.745, 'grad_norm': 0.4259452223777771, 'learning_rate': 8.917333333333334e-05, 'epoch': 1.66}
{'loss': 1.7092, 'grad_norm': 0.40105926990509033, 'learning_rate': 8.810666666666667e-05, 'epoch': 1.68}
{'loss': 1.6407, 'grad_norm': 0.427266389131546, 'learning_rate': 8.704e-05, 'epoch': 1.7}
{'loss': 1.7109, 'grad_norm': 0.45532336831092834, 'learning_rate': 8.597333333333333e-05, 'epoch': 1.71}
{'loss': 1.7243, 'grad_norm': 0.4608209729194641, 'learning_rate': 8.490666666666667e-05, 'epoch': 1.73}
{'loss': 1.7296, 'grad_norm': 0.4421862065792084, 'learning_rate': 8.384000000000001e-05, 'epoch': 1.74}
{'loss': 1.6722, 'grad_norm': 0.4200999140739441, 'learning_rate': 8.277333333333334e-05, 'epoch': 1.76}
{'loss': 1.7501, 'grad_norm': 0.417293906211853, 'learning_rate': 8.170666666666667e-05, 'epoch': 1.78}
{'loss': 1.7181, 'grad_norm': 0.4494171440601349, 'learning_rate': 8.064e-05, 'epoch': 1.79}
{'loss': 1.6637, 'grad_norm': 0.47739875316619873, 'learning_rate': 7.957333333333334e-05, 'epoch': 1.81}
{'loss': 1.7032, 'grad_norm': 0.5007217526435852, 'learning_rate': 7.850666666666668e-05, 'epoch': 1.82}
{'loss': 1.6872, 'grad_norm': 0.48003438115119934, 'learning_rate': 7.744e-05, 'epoch': 1.84}
{'loss': 1.6748, 'grad_norm': 0.4575912356376648, 'learning_rate': 7.637333333333334e-05, 'epoch': 1.86}
{'loss': 1.7086, 'grad_norm': 0.4433519244194031, 'learning_rate': 7.530666666666667e-05, 'epoch': 1.87}
{'loss': 1.6779, 'grad_norm': 0.4359840750694275, 'learning_rate': 7.424e-05, 'epoch': 1.89}
{'loss': 1.6813, 'grad_norm': 0.5003371238708496, 'learning_rate': 7.317333333333333e-05, 'epoch': 1.9}
{'loss': 1.7045, 'grad_norm': 0.43760284781455994, 'learning_rate': 7.210666666666667e-05, 'epoch': 1.92}
{'loss': 1.7067, 'grad_norm': 0.4535156190395355, 'learning_rate': 7.104000000000001e-05, 'epoch': 1.94}
{'loss': 1.7335, 'grad_norm': 0.4863227903842926, 'learning_rate': 6.997333333333334e-05, 'epoch': 1.95}
{'loss': 1.688, 'grad_norm': 0.46558326482772827, 'learning_rate': 6.890666666666668e-05, 'epoch': 1.97}
{'loss': 1.6312, 'grad_norm': 0.44025346636772156, 'learning_rate': 6.784e-05, 'epoch': 1.98}
{'loss': 1.6696, 'grad_norm': 0.4191904067993164, 'learning_rate': 6.677333333333333e-05, 'epoch': 2.0}
{'loss': 1.6258, 'grad_norm': 0.4916658103466034, 'learning_rate': 6.570666666666667e-05, 'epoch': 2.02}
{'loss': 1.6396, 'grad_norm': 0.49169406294822693, 'learning_rate': 6.464e-05, 'epoch': 2.03}
{'loss': 1.5675, 'grad_norm': 0.46516838669776917, 'learning_rate': 6.357333333333334e-05, 'epoch': 2.05}
{'loss': 1.6201, 'grad_norm': 0.5482684969902039, 'learning_rate': 6.250666666666667e-05, 'epoch': 2.06}
{'loss': 1.646, 'grad_norm': 0.48304226994514465, 'learning_rate': 6.144e-05, 'epoch': 2.08}
{'loss': 1.6811, 'grad_norm': 0.487357497215271, 'learning_rate': 6.037333333333334e-05, 'epoch': 2.1}
{'loss': 1.6414, 'grad_norm': 0.5343733429908752, 'learning_rate': 5.9306666666666666e-05, 'epoch': 2.11}
{'loss': 1.6426, 'grad_norm': 0.5613116025924683, 'learning_rate': 5.8240000000000005e-05, 'epoch': 2.13}
{'loss': 1.6101, 'grad_norm': 0.5249096155166626, 'learning_rate': 5.717333333333334e-05, 'epoch': 2.14}
{'loss': 1.5922, 'grad_norm': 0.5275459289550781, 'learning_rate': 5.6106666666666676e-05, 'epoch': 2.16}
{'loss': 1.6586, 'grad_norm': 0.5276631712913513, 'learning_rate': 5.504e-05, 'epoch': 2.18}
{'loss': 1.681, 'grad_norm': 0.5657548308372498, 'learning_rate': 5.3973333333333334e-05, 'epoch': 2.19}
{'loss': 1.6902, 'grad_norm': 0.5641993284225464, 'learning_rate': 5.290666666666667e-05, 'epoch': 2.21}
{'loss': 1.6547, 'grad_norm': 0.5219699144363403, 'learning_rate': 5.184e-05, 'epoch': 2.22}
{'loss': 1.6645, 'grad_norm': 0.5531678199768066, 'learning_rate': 5.077333333333334e-05, 'epoch': 2.24}
{'loss': 1.6258, 'grad_norm': 0.59404057264328, 'learning_rate': 4.970666666666667e-05, 'epoch': 2.26}
{'loss': 1.6224, 'grad_norm': 0.5850361585617065, 'learning_rate': 4.864e-05, 'epoch': 2.27}
{'loss': 1.677, 'grad_norm': 0.5702521204948425, 'learning_rate': 4.7573333333333334e-05, 'epoch': 2.29}
{'loss': 1.6328, 'grad_norm': 0.6105022430419922, 'learning_rate': 4.650666666666667e-05, 'epoch': 2.3}
{'loss': 1.6373, 'grad_norm': 0.5406925082206726, 'learning_rate': 4.5440000000000005e-05, 'epoch': 2.32}
{'loss': 1.5868, 'grad_norm': 0.5580738186836243, 'learning_rate': 4.437333333333333e-05, 'epoch': 2.34}
{'loss': 1.682, 'grad_norm': 0.600727915763855, 'learning_rate': 4.330666666666667e-05, 'epoch': 2.35}
{'loss': 1.6512, 'grad_norm': 0.5248320698738098, 'learning_rate': 4.224e-05, 'epoch': 2.37}
{'loss': 1.6718, 'grad_norm': 0.5911937355995178, 'learning_rate': 4.1173333333333334e-05, 'epoch': 2.38}
{'loss': 1.6246, 'grad_norm': 0.5438360571861267, 'learning_rate': 4.0106666666666673e-05, 'epoch': 2.4}
{'loss': 1.6835, 'grad_norm': 0.5612552762031555, 'learning_rate': 3.9040000000000006e-05, 'epoch': 2.42}
{'loss': 1.5646, 'grad_norm': 0.523851215839386, 'learning_rate': 3.797333333333333e-05, 'epoch': 2.43}
{'loss': 1.6607, 'grad_norm': 0.5761116147041321, 'learning_rate': 3.690666666666667e-05, 'epoch': 2.45}
{'loss': 1.6148, 'grad_norm': 0.5822162628173828, 'learning_rate': 3.584e-05, 'epoch': 2.46}
{'loss': 1.6661, 'grad_norm': 0.7084517478942871, 'learning_rate': 3.4773333333333335e-05, 'epoch': 2.48}
{'loss': 1.6314, 'grad_norm': 0.5418193936347961, 'learning_rate': 3.370666666666667e-05, 'epoch': 2.5}
{'loss': 1.5855, 'grad_norm': 0.6329376697540283, 'learning_rate': 3.2640000000000006e-05, 'epoch': 2.51}
{'loss': 1.6257, 'grad_norm': 0.5528296232223511, 'learning_rate': 3.157333333333333e-05, 'epoch': 2.53}
{'loss': 1.6473, 'grad_norm': 0.5479640364646912, 'learning_rate': 3.0506666666666667e-05, 'epoch': 2.54}
{'loss': 1.617, 'grad_norm': 0.555290699005127, 'learning_rate': 2.944e-05, 'epoch': 2.56}
{'loss': 1.572, 'grad_norm': 0.589680016040802, 'learning_rate': 2.8373333333333335e-05, 'epoch': 2.58}
{'loss': 1.6274, 'grad_norm': 0.5633369088172913, 'learning_rate': 2.730666666666667e-05, 'epoch': 2.59}
{'loss': 1.6473, 'grad_norm': 0.6739457249641418, 'learning_rate': 2.6240000000000003e-05, 'epoch': 2.61}
{'loss': 1.6636, 'grad_norm': 0.5619431138038635, 'learning_rate': 2.5173333333333332e-05, 'epoch': 2.62}
{'loss': 1.7188, 'grad_norm': 0.6201155781745911, 'learning_rate': 2.4106666666666667e-05, 'epoch': 2.64}
{'loss': 1.6749, 'grad_norm': 0.6408030986785889, 'learning_rate': 2.304e-05, 'epoch': 2.66}
{'loss': 1.5925, 'grad_norm': 0.6076170206069946, 'learning_rate': 2.1973333333333335e-05, 'epoch': 2.67}
{'loss': 1.6404, 'grad_norm': 0.6150574684143066, 'learning_rate': 2.0906666666666668e-05, 'epoch': 2.69}
{'loss': 1.6151, 'grad_norm': 0.5427533984184265, 'learning_rate': 1.984e-05, 'epoch': 2.7}
{'loss': 1.6479, 'grad_norm': 0.547033965587616, 'learning_rate': 1.8773333333333335e-05, 'epoch': 2.72}
{'loss': 1.6096, 'grad_norm': 0.6501120328903198, 'learning_rate': 1.7706666666666668e-05, 'epoch': 2.74}
{'loss': 1.6241, 'grad_norm': 0.6438305377960205, 'learning_rate': 1.664e-05, 'epoch': 2.75}
{'loss': 1.6281, 'grad_norm': 0.5410125255584717, 'learning_rate': 1.5573333333333336e-05, 'epoch': 2.77}
{'loss': 1.7091, 'grad_norm': 0.6180600523948669, 'learning_rate': 1.4506666666666668e-05, 'epoch': 2.78}
{'loss': 1.6288, 'grad_norm': 0.5621253252029419, 'learning_rate': 1.344e-05, 'epoch': 2.8}
{'loss': 1.613, 'grad_norm': 0.6309163570404053, 'learning_rate': 1.2373333333333334e-05, 'epoch': 2.82}
{'loss': 1.6139, 'grad_norm': 0.5405358672142029, 'learning_rate': 1.1306666666666666e-05, 'epoch': 2.83}
{'loss': 1.6564, 'grad_norm': 0.49892011284828186, 'learning_rate': 1.024e-05, 'epoch': 2.85}
{'loss': 1.6607, 'grad_norm': 0.5915961861610413, 'learning_rate': 9.173333333333334e-06, 'epoch': 2.86}
{'loss': 1.5965, 'grad_norm': 0.654449462890625, 'learning_rate': 8.106666666666666e-06, 'epoch': 2.88}
{'loss': 1.6174, 'grad_norm': 0.6146658658981323, 'learning_rate': 7.04e-06, 'epoch': 2.9}
{'loss': 1.6255, 'grad_norm': 0.6573674082756042, 'learning_rate': 5.9733333333333335e-06, 'epoch': 2.91}
{'loss': 1.6012, 'grad_norm': 0.5714244842529297, 'learning_rate': 4.906666666666667e-06, 'epoch': 2.93}
{'loss': 1.6208, 'grad_norm': 0.575918436050415, 'learning_rate': 3.84e-06, 'epoch': 2.94}
{'loss': 1.6666, 'grad_norm': 0.6423284411430359, 'learning_rate': 2.773333333333333e-06, 'epoch': 2.96}
{'loss': 1.6061, 'grad_norm': 0.5275375843048096, 'learning_rate': 1.706666666666667e-06, 'epoch': 2.98}
{'loss': 1.651, 'grad_norm': 0.9494255781173706, 'learning_rate': 6.4e-07, 'epoch': 2.99}
{'train_runtime': 1704.4674, 'train_samples_per_second': 4.4, 'train_steps_per_second': 1.1, 'train_loss': 1.7027899653116862, 'epoch': 3.0}
   [Save] Saving adapter to /gpfs/data/fs71186/ziegler/ThesisProject/results/adapters/llama2_reuters
   [Config] Detected CLUSTER Environment (Linux).
========================================
   STARTING LORA TRAINING (STANDARD BASE)
   Model:   llama2
   Dataset: darkreddit
========================================
   [Data] Loading dataset...
   [Data] Loading DarkReddit (darkreddit_authorship_attribution_train_anon.jsonl)...
   [Info] Detected keys - Text: 'comment', Author: 'author'
   [Model] Loading Base: /gpfs/data/fs71186/ziegler/ThesisProject/models/Llama-2-7b-hf
trainable params: 4,194,304 || all params: 6,742,609,920 || trainable%: 0.0622
   [Train] Starting training loop...
{'loss': 2.8496, 'grad_norm': 0.3237733542919159, 'learning_rate': 0.00019964809384164224, 'epoch': 0.01}
{'loss': 2.6309, 'grad_norm': 0.5092939734458923, 'learning_rate': 0.0001992570869990225, 'epoch': 0.01}
{'loss': 2.5759, 'grad_norm': 0.6861826181411743, 'learning_rate': 0.00019886608015640275, 'epoch': 0.02}
{'loss': 2.6442, 'grad_norm': 0.41414180397987366, 'learning_rate': 0.000198475073313783, 'epoch': 0.02}
{'loss': 2.6578, 'grad_norm': 0.4612830579280853, 'learning_rate': 0.00019808406647116327, 'epoch': 0.03}
{'loss': 2.6336, 'grad_norm': 0.7062678337097168, 'learning_rate': 0.0001976930596285435, 'epoch': 0.04}
{'loss': 2.5236, 'grad_norm': 0.4130932688713074, 'learning_rate': 0.00019730205278592375, 'epoch': 0.04}
{'loss': 2.5864, 'grad_norm': 0.9704248905181885, 'learning_rate': 0.000196911045943304, 'epoch': 0.05}
{'loss': 2.6631, 'grad_norm': 0.8567537665367126, 'learning_rate': 0.00019652003910068427, 'epoch': 0.05}
{'loss': 2.6192, 'grad_norm': 0.6220160126686096, 'learning_rate': 0.0001961290322580645, 'epoch': 0.06}
{'loss': 2.5139, 'grad_norm': 0.634626030921936, 'learning_rate': 0.00019573802541544478, 'epoch': 0.06}
{'loss': 2.5442, 'grad_norm': 0.5624447464942932, 'learning_rate': 0.000195347018572825, 'epoch': 0.07}
{'loss': 2.5257, 'grad_norm': 0.8701009154319763, 'learning_rate': 0.00019495601173020528, 'epoch': 0.08}
{'loss': 2.5256, 'grad_norm': 0.569058358669281, 'learning_rate': 0.00019456500488758554, 'epoch': 0.08}
{'loss': 2.4614, 'grad_norm': 0.6341513395309448, 'learning_rate': 0.00019417399804496578, 'epoch': 0.09}
{'loss': 2.6102, 'grad_norm': 0.525140106678009, 'learning_rate': 0.00019378299120234604, 'epoch': 0.09}
{'loss': 2.5931, 'grad_norm': 0.711670458316803, 'learning_rate': 0.0001933919843597263, 'epoch': 0.1}
{'loss': 2.4903, 'grad_norm': 0.8481168150901794, 'learning_rate': 0.00019300097751710654, 'epoch': 0.11}
{'loss': 2.4736, 'grad_norm': 0.5050532221794128, 'learning_rate': 0.0001926099706744868, 'epoch': 0.11}
{'loss': 2.4713, 'grad_norm': 0.8030499815940857, 'learning_rate': 0.00019221896383186707, 'epoch': 0.12}
{'loss': 2.5659, 'grad_norm': 0.5761270523071289, 'learning_rate': 0.0001918279569892473, 'epoch': 0.12}
{'loss': 2.5875, 'grad_norm': 0.6539674997329712, 'learning_rate': 0.00019143695014662757, 'epoch': 0.13}
{'loss': 2.5749, 'grad_norm': 0.5698714256286621, 'learning_rate': 0.00019104594330400783, 'epoch': 0.13}
{'loss': 2.5024, 'grad_norm': 0.5009394884109497, 'learning_rate': 0.00019065493646138807, 'epoch': 0.14}
{'loss': 2.4753, 'grad_norm': 0.6485419869422913, 'learning_rate': 0.00019026392961876833, 'epoch': 0.15}
{'loss': 2.4482, 'grad_norm': 0.6382450461387634, 'learning_rate': 0.0001898729227761486, 'epoch': 0.15}
{'loss': 2.4386, 'grad_norm': 0.8291772603988647, 'learning_rate': 0.00018948191593352884, 'epoch': 0.16}
{'loss': 2.518, 'grad_norm': 0.6167048811912537, 'learning_rate': 0.0001890909090909091, 'epoch': 0.16}
{'loss': 2.456, 'grad_norm': 0.8697851896286011, 'learning_rate': 0.00018869990224828936, 'epoch': 0.17}
{'loss': 2.5215, 'grad_norm': 0.6959584355354309, 'learning_rate': 0.0001883088954056696, 'epoch': 0.18}
{'loss': 2.4643, 'grad_norm': 0.7621385455131531, 'learning_rate': 0.00018791788856304986, 'epoch': 0.18}
{'loss': 2.5837, 'grad_norm': 0.5717102885246277, 'learning_rate': 0.00018752688172043013, 'epoch': 0.19}
{'loss': 2.5324, 'grad_norm': 0.8121692538261414, 'learning_rate': 0.00018713587487781036, 'epoch': 0.19}
{'loss': 2.588, 'grad_norm': 0.35346418619155884, 'learning_rate': 0.00018674486803519063, 'epoch': 0.2}
{'loss': 2.5062, 'grad_norm': 0.8979771733283997, 'learning_rate': 0.00018635386119257087, 'epoch': 0.21}
{'loss': 2.4813, 'grad_norm': 0.5529041886329651, 'learning_rate': 0.00018596285434995113, 'epoch': 0.21}
{'loss': 2.3194, 'grad_norm': 0.6335985660552979, 'learning_rate': 0.0001855718475073314, 'epoch': 0.22}
{'loss': 2.6076, 'grad_norm': 0.5660282373428345, 'learning_rate': 0.00018518084066471163, 'epoch': 0.22}
{'loss': 2.4086, 'grad_norm': 0.6842043995857239, 'learning_rate': 0.0001847898338220919, 'epoch': 0.23}
{'loss': 2.5428, 'grad_norm': 0.5191953182220459, 'learning_rate': 0.00018439882697947216, 'epoch': 0.23}
{'loss': 2.4984, 'grad_norm': 0.5276424884796143, 'learning_rate': 0.0001840078201368524, 'epoch': 0.24}
{'loss': 2.5906, 'grad_norm': 0.698969304561615, 'learning_rate': 0.00018361681329423266, 'epoch': 0.25}
{'loss': 2.4548, 'grad_norm': 0.48298612236976624, 'learning_rate': 0.00018322580645161292, 'epoch': 0.25}
{'loss': 2.5097, 'grad_norm': 0.6247742176055908, 'learning_rate': 0.00018283479960899316, 'epoch': 0.26}
{'loss': 2.554, 'grad_norm': 0.4718247950077057, 'learning_rate': 0.00018244379276637342, 'epoch': 0.26}
{'loss': 2.4815, 'grad_norm': 0.7067564129829407, 'learning_rate': 0.0001820527859237537, 'epoch': 0.27}
{'loss': 2.4481, 'grad_norm': 0.4408978521823883, 'learning_rate': 0.00018166177908113392, 'epoch': 0.28}
{'loss': 2.3791, 'grad_norm': 0.7512210607528687, 'learning_rate': 0.0001812707722385142, 'epoch': 0.28}
{'loss': 2.6442, 'grad_norm': 0.8475602865219116, 'learning_rate': 0.00018087976539589445, 'epoch': 0.29}
{'loss': 2.5208, 'grad_norm': 0.5481923818588257, 'learning_rate': 0.0001804887585532747, 'epoch': 0.29}
{'loss': 2.4427, 'grad_norm': 0.627794086933136, 'learning_rate': 0.00018009775171065495, 'epoch': 0.3}
{'loss': 2.5255, 'grad_norm': 1.1650006771087646, 'learning_rate': 0.00017970674486803522, 'epoch': 0.3}
{'loss': 2.4855, 'grad_norm': 0.6040258407592773, 'learning_rate': 0.00017931573802541545, 'epoch': 0.31}
{'loss': 2.5429, 'grad_norm': 0.8861057162284851, 'learning_rate': 0.00017892473118279572, 'epoch': 0.32}
{'loss': 2.5652, 'grad_norm': 0.5798045992851257, 'learning_rate': 0.00017853372434017598, 'epoch': 0.32}
{'loss': 2.4385, 'grad_norm': 0.5551382899284363, 'learning_rate': 0.00017814271749755622, 'epoch': 0.33}
{'loss': 2.4683, 'grad_norm': 0.7304530143737793, 'learning_rate': 0.00017775171065493648, 'epoch': 0.33}
{'loss': 2.4878, 'grad_norm': 0.7912728190422058, 'learning_rate': 0.00017736070381231672, 'epoch': 0.34}
{'loss': 2.4433, 'grad_norm': 0.49162557721138, 'learning_rate': 0.00017696969696969698, 'epoch': 0.35}
{'loss': 2.5701, 'grad_norm': 0.8937088251113892, 'learning_rate': 0.00017657869012707725, 'epoch': 0.35}
{'loss': 2.5159, 'grad_norm': 0.7646259665489197, 'learning_rate': 0.00017618768328445748, 'epoch': 0.36}
{'loss': 2.4392, 'grad_norm': 0.5221158266067505, 'learning_rate': 0.00017579667644183775, 'epoch': 0.36}
{'loss': 2.5311, 'grad_norm': 0.6618437767028809, 'learning_rate': 0.000175405669599218, 'epoch': 0.37}
{'loss': 2.5259, 'grad_norm': 0.43908846378326416, 'learning_rate': 0.00017501466275659825, 'epoch': 0.38}
{'loss': 2.4258, 'grad_norm': 0.8057073354721069, 'learning_rate': 0.0001746236559139785, 'epoch': 0.38}
{'loss': 2.5998, 'grad_norm': 0.5943524837493896, 'learning_rate': 0.00017423264907135878, 'epoch': 0.39}
{'loss': 2.4902, 'grad_norm': 0.6175356507301331, 'learning_rate': 0.000173841642228739, 'epoch': 0.39}
{'loss': 2.4625, 'grad_norm': 0.7971228361129761, 'learning_rate': 0.00017345063538611928, 'epoch': 0.4}
{'loss': 2.4019, 'grad_norm': 0.836057186126709, 'learning_rate': 0.00017305962854349954, 'epoch': 0.4}
{'loss': 2.4296, 'grad_norm': 0.6400479078292847, 'learning_rate': 0.00017266862170087978, 'epoch': 0.41}
{'loss': 2.5557, 'grad_norm': 0.5984694957733154, 'learning_rate': 0.00017227761485826, 'epoch': 0.42}
{'loss': 2.5682, 'grad_norm': 0.7809051275253296, 'learning_rate': 0.00017188660801564028, 'epoch': 0.42}
{'loss': 2.5047, 'grad_norm': 1.200516939163208, 'learning_rate': 0.00017149560117302051, 'epoch': 0.43}
{'loss': 2.5031, 'grad_norm': 0.5324031710624695, 'learning_rate': 0.00017110459433040078, 'epoch': 0.43}
{'loss': 2.4612, 'grad_norm': 0.7363294363021851, 'learning_rate': 0.00017071358748778104, 'epoch': 0.44}
{'loss': 2.4801, 'grad_norm': 0.5425509810447693, 'learning_rate': 0.00017032258064516128, 'epoch': 0.45}
{'loss': 2.3346, 'grad_norm': 0.5717979073524475, 'learning_rate': 0.00016993157380254154, 'epoch': 0.45}
{'loss': 2.5768, 'grad_norm': 0.8563639521598816, 'learning_rate': 0.0001695405669599218, 'epoch': 0.46}
{'loss': 2.41, 'grad_norm': 0.6824324131011963, 'learning_rate': 0.00016914956011730204, 'epoch': 0.46}
{'loss': 2.303, 'grad_norm': 0.6898731589317322, 'learning_rate': 0.0001687585532746823, 'epoch': 0.47}
{'loss': 2.5337, 'grad_norm': 0.8241835832595825, 'learning_rate': 0.00016836754643206257, 'epoch': 0.48}
{'loss': 2.4055, 'grad_norm': 0.3927482068538666, 'learning_rate': 0.0001679765395894428, 'epoch': 0.48}
{'loss': 2.536, 'grad_norm': 0.5005486011505127, 'learning_rate': 0.00016758553274682307, 'epoch': 0.49}
{'loss': 2.5116, 'grad_norm': 0.5552254319190979, 'learning_rate': 0.00016719452590420334, 'epoch': 0.49}
{'loss': 2.5704, 'grad_norm': 0.6282941102981567, 'learning_rate': 0.00016680351906158357, 'epoch': 0.5}
{'loss': 2.4438, 'grad_norm': 0.7090101838111877, 'learning_rate': 0.00016641251221896384, 'epoch': 0.5}
{'loss': 2.3459, 'grad_norm': 0.5618670582771301, 'learning_rate': 0.0001660215053763441, 'epoch': 0.51}
{'loss': 2.3772, 'grad_norm': 0.5921571850776672, 'learning_rate': 0.00016563049853372434, 'epoch': 0.52}
{'loss': 2.3393, 'grad_norm': 0.5924530625343323, 'learning_rate': 0.0001652394916911046, 'epoch': 0.52}
{'loss': 2.4797, 'grad_norm': 0.8725201487541199, 'learning_rate': 0.00016484848484848487, 'epoch': 0.53}
{'loss': 2.3919, 'grad_norm': 0.6511578559875488, 'learning_rate': 0.0001644574780058651, 'epoch': 0.53}
{'loss': 2.4764, 'grad_norm': 0.6139844655990601, 'learning_rate': 0.00016406647116324537, 'epoch': 0.54}
{'loss': 2.6027, 'grad_norm': 0.46916887164115906, 'learning_rate': 0.0001636754643206256, 'epoch': 0.55}
{'loss': 2.559, 'grad_norm': 0.8350874781608582, 'learning_rate': 0.00016328445747800587, 'epoch': 0.55}
{'loss': 2.4215, 'grad_norm': 0.591626763343811, 'learning_rate': 0.00016289345063538613, 'epoch': 0.56}
{'loss': 2.5819, 'grad_norm': 0.5507259368896484, 'learning_rate': 0.00016250244379276637, 'epoch': 0.56}
{'loss': 2.4778, 'grad_norm': 0.5553075075149536, 'learning_rate': 0.00016211143695014663, 'epoch': 0.57}
{'loss': 2.4787, 'grad_norm': 0.49154341220855713, 'learning_rate': 0.0001617204301075269, 'epoch': 0.57}
{'loss': 2.5796, 'grad_norm': 0.670687735080719, 'learning_rate': 0.00016132942326490713, 'epoch': 0.58}
{'loss': 2.5019, 'grad_norm': 0.6961092352867126, 'learning_rate': 0.0001609384164222874, 'epoch': 0.59}
{'loss': 2.4939, 'grad_norm': 0.5555533766746521, 'learning_rate': 0.00016054740957966766, 'epoch': 0.59}
{'loss': 2.4359, 'grad_norm': 0.6242791414260864, 'learning_rate': 0.0001601564027370479, 'epoch': 0.6}
{'loss': 2.5228, 'grad_norm': 1.0196090936660767, 'learning_rate': 0.00015976539589442816, 'epoch': 0.6}
{'loss': 2.5264, 'grad_norm': 0.5852311253547668, 'learning_rate': 0.00015937438905180842, 'epoch': 0.61}
{'loss': 2.4834, 'grad_norm': 0.7558152675628662, 'learning_rate': 0.00015898338220918866, 'epoch': 0.62}
{'loss': 2.4303, 'grad_norm': 0.6844251155853271, 'learning_rate': 0.00015859237536656893, 'epoch': 0.62}
{'loss': 2.4997, 'grad_norm': 0.7035094499588013, 'learning_rate': 0.0001582013685239492, 'epoch': 0.63}
{'loss': 2.3756, 'grad_norm': 0.3698860704898834, 'learning_rate': 0.00015781036168132943, 'epoch': 0.63}
{'loss': 2.4028, 'grad_norm': 0.6354633569717407, 'learning_rate': 0.0001574193548387097, 'epoch': 0.64}
{'loss': 2.4728, 'grad_norm': 1.0745961666107178, 'learning_rate': 0.00015702834799608995, 'epoch': 0.65}
{'loss': 2.3977, 'grad_norm': 0.8547922372817993, 'learning_rate': 0.0001566373411534702, 'epoch': 0.65}
{'loss': 2.2896, 'grad_norm': 0.8478119373321533, 'learning_rate': 0.00015624633431085045, 'epoch': 0.66}
{'loss': 2.4523, 'grad_norm': 0.7632755637168884, 'learning_rate': 0.00015585532746823072, 'epoch': 0.66}
{'loss': 2.4088, 'grad_norm': 2.55735445022583, 'learning_rate': 0.00015546432062561096, 'epoch': 0.67}
{'loss': 2.4447, 'grad_norm': 0.6963545083999634, 'learning_rate': 0.00015507331378299122, 'epoch': 0.67}
{'loss': 2.4745, 'grad_norm': 0.8737931251525879, 'learning_rate': 0.00015468230694037146, 'epoch': 0.68}
{'loss': 2.2778, 'grad_norm': 0.5926626324653625, 'learning_rate': 0.00015429130009775172, 'epoch': 0.69}
{'loss': 2.4686, 'grad_norm': 0.46391773223876953, 'learning_rate': 0.00015390029325513198, 'epoch': 0.69}
{'loss': 2.5753, 'grad_norm': 0.8255073428153992, 'learning_rate': 0.00015350928641251222, 'epoch': 0.7}
{'loss': 2.4843, 'grad_norm': 0.8216474056243896, 'learning_rate': 0.00015311827956989248, 'epoch': 0.7}
{'loss': 2.3576, 'grad_norm': 0.737403154373169, 'learning_rate': 0.00015272727272727275, 'epoch': 0.71}
{'loss': 2.3648, 'grad_norm': 0.8320791721343994, 'learning_rate': 0.00015233626588465299, 'epoch': 0.72}
{'loss': 2.5269, 'grad_norm': 0.7054491639137268, 'learning_rate': 0.00015194525904203325, 'epoch': 0.72}
{'loss': 2.4088, 'grad_norm': 0.4206552803516388, 'learning_rate': 0.0001515542521994135, 'epoch': 0.73}
{'loss': 2.564, 'grad_norm': 0.8210366368293762, 'learning_rate': 0.00015116324535679375, 'epoch': 0.73}
{'loss': 2.4746, 'grad_norm': 0.7744530439376831, 'learning_rate': 0.00015077223851417401, 'epoch': 0.74}
{'loss': 2.5018, 'grad_norm': 0.6271699666976929, 'learning_rate': 0.00015038123167155428, 'epoch': 0.74}
{'loss': 2.4242, 'grad_norm': 0.934518575668335, 'learning_rate': 0.00014999022482893451, 'epoch': 0.75}
{'loss': 2.3962, 'grad_norm': 0.5805235505104065, 'learning_rate': 0.00014959921798631478, 'epoch': 0.76}
{'loss': 2.6324, 'grad_norm': 0.998008668422699, 'learning_rate': 0.00014920821114369504, 'epoch': 0.76}
{'loss': 2.4019, 'grad_norm': 1.2154401540756226, 'learning_rate': 0.00014881720430107528, 'epoch': 0.77}
{'loss': 2.4913, 'grad_norm': 0.5452512502670288, 'learning_rate': 0.00014842619745845554, 'epoch': 0.77}
{'loss': 2.3517, 'grad_norm': 0.7716855406761169, 'learning_rate': 0.0001480351906158358, 'epoch': 0.78}
{'loss': 2.4278, 'grad_norm': 0.9252755045890808, 'learning_rate': 0.00014764418377321604, 'epoch': 0.79}
{'loss': 2.4816, 'grad_norm': 0.7719845175743103, 'learning_rate': 0.00014725317693059628, 'epoch': 0.79}
{'loss': 2.5208, 'grad_norm': 0.510776937007904, 'learning_rate': 0.00014686217008797654, 'epoch': 0.8}
{'loss': 2.358, 'grad_norm': 0.6016234159469604, 'learning_rate': 0.00014647116324535678, 'epoch': 0.8}
{'loss': 2.4461, 'grad_norm': 0.7699810862541199, 'learning_rate': 0.00014608015640273705, 'epoch': 0.81}
{'loss': 2.376, 'grad_norm': 0.7258842587471008, 'learning_rate': 0.0001456891495601173, 'epoch': 0.82}
{'loss': 2.4668, 'grad_norm': 0.813402533531189, 'learning_rate': 0.00014529814271749755, 'epoch': 0.82}
{'loss': 2.4069, 'grad_norm': 1.0297391414642334, 'learning_rate': 0.0001449071358748778, 'epoch': 0.83}
{'loss': 2.6084, 'grad_norm': 0.78711998462677, 'learning_rate': 0.00014451612903225807, 'epoch': 0.83}
{'loss': 2.2579, 'grad_norm': 0.9976129531860352, 'learning_rate': 0.0001441251221896383, 'epoch': 0.84}
{'loss': 2.2325, 'grad_norm': 0.49292701482772827, 'learning_rate': 0.00014373411534701857, 'epoch': 0.84}
{'loss': 2.3695, 'grad_norm': 0.7531594038009644, 'learning_rate': 0.00014334310850439884, 'epoch': 0.85}
{'loss': 2.4993, 'grad_norm': 0.6609255075454712, 'learning_rate': 0.00014295210166177908, 'epoch': 0.86}
{'loss': 2.4532, 'grad_norm': 1.4977998733520508, 'learning_rate': 0.00014256109481915934, 'epoch': 0.86}
{'loss': 2.3631, 'grad_norm': 0.5928364396095276, 'learning_rate': 0.0001421700879765396, 'epoch': 0.87}
{'loss': 2.5091, 'grad_norm': 0.7623715996742249, 'learning_rate': 0.00014177908113391984, 'epoch': 0.87}
{'loss': 2.4726, 'grad_norm': 0.7029008269309998, 'learning_rate': 0.0001413880742913001, 'epoch': 0.88}
{'loss': 2.4829, 'grad_norm': 1.1364197731018066, 'learning_rate': 0.00014099706744868034, 'epoch': 0.89}
{'loss': 2.6087, 'grad_norm': 0.8900541067123413, 'learning_rate': 0.0001406060606060606, 'epoch': 0.89}
{'loss': 2.5247, 'grad_norm': 0.6297895312309265, 'learning_rate': 0.00014021505376344087, 'epoch': 0.9}
{'loss': 2.4516, 'grad_norm': 0.542363703250885, 'learning_rate': 0.0001398240469208211, 'epoch': 0.9}
{'loss': 2.5111, 'grad_norm': 0.43670061230659485, 'learning_rate': 0.00013943304007820137, 'epoch': 0.91}
{'loss': 2.3361, 'grad_norm': 0.9720458388328552, 'learning_rate': 0.00013904203323558163, 'epoch': 0.91}
{'loss': 2.5099, 'grad_norm': 0.8392820358276367, 'learning_rate': 0.00013865102639296187, 'epoch': 0.92}
{'loss': 2.4373, 'grad_norm': 0.8756851553916931, 'learning_rate': 0.00013826001955034213, 'epoch': 0.93}
{'loss': 2.4575, 'grad_norm': 1.1135083436965942, 'learning_rate': 0.0001378690127077224, 'epoch': 0.93}
{'loss': 2.2808, 'grad_norm': 0.5203573703765869, 'learning_rate': 0.00013747800586510263, 'epoch': 0.94}
{'loss': 2.4764, 'grad_norm': 1.1403412818908691, 'learning_rate': 0.0001370869990224829, 'epoch': 0.94}
{'loss': 2.4195, 'grad_norm': 0.5717387199401855, 'learning_rate': 0.00013669599217986316, 'epoch': 0.95}
{'loss': 2.4363, 'grad_norm': 0.4255485534667969, 'learning_rate': 0.0001363049853372434, 'epoch': 0.96}
{'loss': 2.3983, 'grad_norm': 0.6755313873291016, 'learning_rate': 0.00013591397849462366, 'epoch': 0.96}
{'loss': 2.441, 'grad_norm': 0.6397953033447266, 'learning_rate': 0.00013552297165200393, 'epoch': 0.97}
{'loss': 2.3566, 'grad_norm': 0.7307475805282593, 'learning_rate': 0.00013513196480938416, 'epoch': 0.97}
{'loss': 2.4637, 'grad_norm': 0.824751079082489, 'learning_rate': 0.00013474095796676443, 'epoch': 0.98}
{'loss': 2.5156, 'grad_norm': 1.2693177461624146, 'learning_rate': 0.0001343499511241447, 'epoch': 0.99}
{'loss': 2.5618, 'grad_norm': 0.9337645769119263, 'learning_rate': 0.00013395894428152493, 'epoch': 0.99}
{'loss': 2.5243, 'grad_norm': 0.780158519744873, 'learning_rate': 0.0001335679374389052, 'epoch': 1.0}
{'loss': 2.4494, 'grad_norm': 0.6501984596252441, 'learning_rate': 0.00013317693059628546, 'epoch': 1.0}
{'loss': 2.3497, 'grad_norm': 0.3725273013114929, 'learning_rate': 0.0001327859237536657, 'epoch': 1.01}
{'loss': 2.3987, 'grad_norm': 1.2411370277404785, 'learning_rate': 0.00013239491691104596, 'epoch': 1.01}
{'loss': 2.4191, 'grad_norm': 0.5342556238174438, 'learning_rate': 0.0001320039100684262, 'epoch': 1.02}
{'loss': 2.4024, 'grad_norm': 0.9529397487640381, 'learning_rate': 0.00013161290322580646, 'epoch': 1.03}
{'loss': 2.4945, 'grad_norm': 0.777778148651123, 'learning_rate': 0.00013122189638318672, 'epoch': 1.03}
{'loss': 2.3027, 'grad_norm': 0.7739571928977966, 'learning_rate': 0.00013083088954056696, 'epoch': 1.04}
{'loss': 2.4165, 'grad_norm': 0.8291638493537903, 'learning_rate': 0.00013043988269794722, 'epoch': 1.04}
{'loss': 2.505, 'grad_norm': 0.6087352633476257, 'learning_rate': 0.00013004887585532749, 'epoch': 1.05}
{'loss': 2.2303, 'grad_norm': 0.9916442036628723, 'learning_rate': 0.00012965786901270772, 'epoch': 1.06}
{'loss': 2.5217, 'grad_norm': 0.8948364853858948, 'learning_rate': 0.000129266862170088, 'epoch': 1.06}
{'loss': 2.3799, 'grad_norm': 0.7386189103126526, 'learning_rate': 0.00012887585532746825, 'epoch': 1.07}
{'loss': 2.3665, 'grad_norm': 0.7181530594825745, 'learning_rate': 0.0001284848484848485, 'epoch': 1.07}
{'loss': 2.371, 'grad_norm': 0.6815192699432373, 'learning_rate': 0.00012809384164222875, 'epoch': 1.08}
{'loss': 2.3441, 'grad_norm': 0.7793464064598083, 'learning_rate': 0.00012770283479960902, 'epoch': 1.09}
{'loss': 2.4779, 'grad_norm': 0.7959496378898621, 'learning_rate': 0.00012731182795698925, 'epoch': 1.09}
{'loss': 2.3945, 'grad_norm': 0.8415114879608154, 'learning_rate': 0.00012692082111436952, 'epoch': 1.1}
{'loss': 2.3658, 'grad_norm': 0.7645819187164307, 'learning_rate': 0.00012652981427174978, 'epoch': 1.1}
{'loss': 2.5336, 'grad_norm': 0.9278669357299805, 'learning_rate': 0.00012613880742913002, 'epoch': 1.11}
{'loss': 2.3215, 'grad_norm': 0.7824729681015015, 'learning_rate': 0.00012574780058651028, 'epoch': 1.11}
{'loss': 2.3154, 'grad_norm': 0.5818787217140198, 'learning_rate': 0.00012535679374389054, 'epoch': 1.12}
{'loss': 2.3381, 'grad_norm': 0.9814456701278687, 'learning_rate': 0.00012496578690127078, 'epoch': 1.13}
{'loss': 2.4033, 'grad_norm': 1.0599383115768433, 'learning_rate': 0.00012457478005865105, 'epoch': 1.13}
{'loss': 2.3711, 'grad_norm': 0.9334889650344849, 'learning_rate': 0.0001241837732160313, 'epoch': 1.14}
{'loss': 2.4068, 'grad_norm': 0.6012988686561584, 'learning_rate': 0.00012379276637341155, 'epoch': 1.14}
{'loss': 2.3502, 'grad_norm': 0.7017738223075867, 'learning_rate': 0.0001234017595307918, 'epoch': 1.15}
{'loss': 2.3814, 'grad_norm': 0.771682620048523, 'learning_rate': 0.00012301075268817205, 'epoch': 1.16}
{'loss': 2.3166, 'grad_norm': 1.0064467191696167, 'learning_rate': 0.0001226197458455523, 'epoch': 1.16}
{'loss': 2.2501, 'grad_norm': 0.8862123489379883, 'learning_rate': 0.00012222873900293255, 'epoch': 1.17}
{'loss': 2.4011, 'grad_norm': 0.6073426008224487, 'learning_rate': 0.0001218377321603128, 'epoch': 1.17}
{'loss': 2.2436, 'grad_norm': 1.0657306909561157, 'learning_rate': 0.00012144672531769306, 'epoch': 1.18}
{'loss': 2.1457, 'grad_norm': 0.696173369884491, 'learning_rate': 0.00012105571847507331, 'epoch': 1.18}
{'loss': 2.4228, 'grad_norm': 0.5933048725128174, 'learning_rate': 0.00012066471163245356, 'epoch': 1.19}
{'loss': 2.142, 'grad_norm': 1.0631638765335083, 'learning_rate': 0.00012027370478983381, 'epoch': 1.2}
{'loss': 2.3833, 'grad_norm': 0.6050126552581787, 'learning_rate': 0.00011988269794721408, 'epoch': 1.2}
{'loss': 2.3857, 'grad_norm': 0.750884473323822, 'learning_rate': 0.00011949169110459433, 'epoch': 1.21}
{'loss': 2.2906, 'grad_norm': 0.6518499255180359, 'learning_rate': 0.00011910068426197458, 'epoch': 1.21}
{'loss': 2.3695, 'grad_norm': 0.9563039541244507, 'learning_rate': 0.00011870967741935484, 'epoch': 1.22}
{'loss': 2.2198, 'grad_norm': 0.6455472111701965, 'learning_rate': 0.00011831867057673509, 'epoch': 1.23}
{'loss': 2.3253, 'grad_norm': 1.0195353031158447, 'learning_rate': 0.00011792766373411534, 'epoch': 1.23}
{'loss': 2.251, 'grad_norm': 0.8668925762176514, 'learning_rate': 0.0001175366568914956, 'epoch': 1.24}
{'loss': 2.1624, 'grad_norm': 0.608616828918457, 'learning_rate': 0.00011714565004887586, 'epoch': 1.24}
{'loss': 2.3956, 'grad_norm': 0.6384101510047913, 'learning_rate': 0.00011675464320625611, 'epoch': 1.25}
{'loss': 2.3745, 'grad_norm': 1.2301603555679321, 'learning_rate': 0.00011636363636363636, 'epoch': 1.26}
{'loss': 2.444, 'grad_norm': 0.7474456429481506, 'learning_rate': 0.00011597262952101662, 'epoch': 1.26}
{'loss': 2.3845, 'grad_norm': 0.8274642825126648, 'learning_rate': 0.00011558162267839687, 'epoch': 1.27}
{'loss': 2.3408, 'grad_norm': 0.8098266124725342, 'learning_rate': 0.00011519061583577712, 'epoch': 1.27}
{'loss': 2.3236, 'grad_norm': 0.6762990355491638, 'learning_rate': 0.00011479960899315739, 'epoch': 1.28}
{'loss': 2.5382, 'grad_norm': 0.8374809622764587, 'learning_rate': 0.00011440860215053764, 'epoch': 1.28}
{'loss': 2.3039, 'grad_norm': 0.6429296135902405, 'learning_rate': 0.00011401759530791789, 'epoch': 1.29}
{'loss': 2.4369, 'grad_norm': 0.7450969219207764, 'learning_rate': 0.00011362658846529815, 'epoch': 1.3}
{'loss': 2.3884, 'grad_norm': 0.9518106579780579, 'learning_rate': 0.0001132355816226784, 'epoch': 1.3}
{'loss': 2.4374, 'grad_norm': 1.1970136165618896, 'learning_rate': 0.00011284457478005865, 'epoch': 1.31}
{'loss': 2.3278, 'grad_norm': 0.7914394736289978, 'learning_rate': 0.00011245356793743891, 'epoch': 1.31}
{'loss': 2.4063, 'grad_norm': 0.888818085193634, 'learning_rate': 0.00011206256109481917, 'epoch': 1.32}
{'loss': 2.3785, 'grad_norm': 0.7059850096702576, 'learning_rate': 0.00011167155425219942, 'epoch': 1.33}
{'loss': 2.535, 'grad_norm': 0.7302170991897583, 'learning_rate': 0.00011128054740957967, 'epoch': 1.33}
{'loss': 2.3673, 'grad_norm': 0.8552761673927307, 'learning_rate': 0.00011088954056695993, 'epoch': 1.34}
{'loss': 2.3824, 'grad_norm': 0.9450010061264038, 'learning_rate': 0.00011049853372434018, 'epoch': 1.34}
{'loss': 2.3523, 'grad_norm': 0.7410699129104614, 'learning_rate': 0.00011010752688172043, 'epoch': 1.35}
{'loss': 2.3705, 'grad_norm': 1.0325639247894287, 'learning_rate': 0.0001097165200391007, 'epoch': 1.35}
{'loss': 2.492, 'grad_norm': 0.7047389149665833, 'learning_rate': 0.00010932551319648094, 'epoch': 1.36}
{'loss': 2.3107, 'grad_norm': 1.1525291204452515, 'learning_rate': 0.0001089345063538612, 'epoch': 1.37}
{'loss': 2.2515, 'grad_norm': 0.9311668276786804, 'learning_rate': 0.00010854349951124146, 'epoch': 1.37}
{'loss': 2.3213, 'grad_norm': 1.1763728857040405, 'learning_rate': 0.00010815249266862171, 'epoch': 1.38}
{'loss': 2.1881, 'grad_norm': 0.9708263278007507, 'learning_rate': 0.00010776148582600196, 'epoch': 1.38}
{'loss': 2.4562, 'grad_norm': 1.4559870958328247, 'learning_rate': 0.00010737047898338221, 'epoch': 1.39}
{'loss': 2.3633, 'grad_norm': 0.6447737812995911, 'learning_rate': 0.00010697947214076247, 'epoch': 1.4}
{'loss': 2.2747, 'grad_norm': 1.0240142345428467, 'learning_rate': 0.00010658846529814272, 'epoch': 1.4}
{'loss': 2.1506, 'grad_norm': 0.6284523010253906, 'learning_rate': 0.00010619745845552297, 'epoch': 1.41}
{'loss': 2.36, 'grad_norm': 0.8560135960578918, 'learning_rate': 0.00010580645161290324, 'epoch': 1.41}
{'loss': 2.4916, 'grad_norm': 0.8079192042350769, 'learning_rate': 0.00010541544477028349, 'epoch': 1.42}
{'loss': 2.3912, 'grad_norm': 1.2160701751708984, 'learning_rate': 0.00010502443792766374, 'epoch': 1.43}
{'loss': 2.4359, 'grad_norm': 0.9064334034919739, 'learning_rate': 0.000104633431085044, 'epoch': 1.43}
{'loss': 2.3422, 'grad_norm': 0.7758204340934753, 'learning_rate': 0.00010424242424242425, 'epoch': 1.44}
{'loss': 2.3413, 'grad_norm': 0.6756552457809448, 'learning_rate': 0.0001038514173998045, 'epoch': 1.44}
{'loss': 2.2748, 'grad_norm': 0.8355382680892944, 'learning_rate': 0.00010346041055718477, 'epoch': 1.45}
{'loss': 2.2142, 'grad_norm': 0.7298339009284973, 'learning_rate': 0.00010306940371456502, 'epoch': 1.45}
{'loss': 2.3029, 'grad_norm': 1.0698796510696411, 'learning_rate': 0.00010267839687194527, 'epoch': 1.46}
{'loss': 2.3826, 'grad_norm': 3.3793556690216064, 'learning_rate': 0.00010228739002932552, 'epoch': 1.47}
{'loss': 2.3411, 'grad_norm': 1.1553800106048584, 'learning_rate': 0.00010189638318670578, 'epoch': 1.47}
{'loss': 2.4637, 'grad_norm': 0.7351034879684448, 'learning_rate': 0.00010150537634408603, 'epoch': 1.48}
{'loss': 2.4296, 'grad_norm': 0.8041082620620728, 'learning_rate': 0.00010111436950146628, 'epoch': 1.48}
{'loss': 2.3583, 'grad_norm': 0.7708492875099182, 'learning_rate': 0.00010072336265884655, 'epoch': 1.49}
{'loss': 2.2926, 'grad_norm': 1.0748493671417236, 'learning_rate': 0.0001003323558162268, 'epoch': 1.5}
{'loss': 2.4087, 'grad_norm': 1.2966340780258179, 'learning_rate': 9.994134897360703e-05, 'epoch': 1.5}
{'loss': 2.3545, 'grad_norm': 0.5842117071151733, 'learning_rate': 9.95503421309873e-05, 'epoch': 1.51}
{'loss': 2.3644, 'grad_norm': 0.7972239255905151, 'learning_rate': 9.915933528836755e-05, 'epoch': 1.51}
{'loss': 2.2744, 'grad_norm': 0.7625815868377686, 'learning_rate': 9.87683284457478e-05, 'epoch': 1.52}
{'loss': 2.3076, 'grad_norm': 1.0892188549041748, 'learning_rate': 9.837732160312806e-05, 'epoch': 1.52}
{'loss': 2.3479, 'grad_norm': 0.7556623816490173, 'learning_rate': 9.798631476050831e-05, 'epoch': 1.53}
{'loss': 2.3924, 'grad_norm': 0.8338509202003479, 'learning_rate': 9.759530791788856e-05, 'epoch': 1.54}
{'loss': 2.4195, 'grad_norm': 0.9490264058113098, 'learning_rate': 9.720430107526883e-05, 'epoch': 1.54}
{'loss': 2.3212, 'grad_norm': 0.9744609594345093, 'learning_rate': 9.681329423264908e-05, 'epoch': 1.55}
{'loss': 2.3346, 'grad_norm': 1.2101010084152222, 'learning_rate': 9.642228739002933e-05, 'epoch': 1.55}
{'loss': 2.4417, 'grad_norm': 0.6446071863174438, 'learning_rate': 9.603128054740958e-05, 'epoch': 1.56}
{'loss': 2.4106, 'grad_norm': 0.7375398278236389, 'learning_rate': 9.564027370478984e-05, 'epoch': 1.57}
{'loss': 2.3106, 'grad_norm': 0.9452989101409912, 'learning_rate': 9.52492668621701e-05, 'epoch': 1.57}
{'loss': 2.4601, 'grad_norm': 0.9002954363822937, 'learning_rate': 9.485826001955034e-05, 'epoch': 1.58}
{'loss': 2.3625, 'grad_norm': 0.8962758183479309, 'learning_rate': 9.446725317693061e-05, 'epoch': 1.58}
{'loss': 2.2926, 'grad_norm': 0.9057299494743347, 'learning_rate': 9.407624633431086e-05, 'epoch': 1.59}
{'loss': 2.3369, 'grad_norm': 1.288252830505371, 'learning_rate': 9.368523949169111e-05, 'epoch': 1.6}
{'loss': 2.5006, 'grad_norm': 1.07474946975708, 'learning_rate': 9.329423264907137e-05, 'epoch': 1.6}
{'loss': 2.3765, 'grad_norm': 0.7947068214416504, 'learning_rate': 9.290322580645162e-05, 'epoch': 1.61}
{'loss': 2.3241, 'grad_norm': 0.7087596654891968, 'learning_rate': 9.251221896383187e-05, 'epoch': 1.61}
{'loss': 2.1743, 'grad_norm': 0.8470214009284973, 'learning_rate': 9.212121212121214e-05, 'epoch': 1.62}
{'loss': 2.4267, 'grad_norm': 1.743638277053833, 'learning_rate': 9.173020527859239e-05, 'epoch': 1.62}
{'loss': 2.4641, 'grad_norm': 0.9546754360198975, 'learning_rate': 9.133919843597264e-05, 'epoch': 1.63}
{'loss': 2.393, 'grad_norm': 1.1954145431518555, 'learning_rate': 9.094819159335289e-05, 'epoch': 1.64}
{'loss': 2.3845, 'grad_norm': 1.3384170532226562, 'learning_rate': 9.055718475073314e-05, 'epoch': 1.64}
{'loss': 2.2089, 'grad_norm': 2.1570839881896973, 'learning_rate': 9.016617790811339e-05, 'epoch': 1.65}
{'loss': 2.4176, 'grad_norm': 0.8044294714927673, 'learning_rate': 8.977517106549365e-05, 'epoch': 1.65}
{'loss': 2.4135, 'grad_norm': 1.0961313247680664, 'learning_rate': 8.93841642228739e-05, 'epoch': 1.66}
{'loss': 2.3216, 'grad_norm': 1.1952298879623413, 'learning_rate': 8.899315738025415e-05, 'epoch': 1.67}
{'loss': 2.2616, 'grad_norm': 0.8802736401557922, 'learning_rate': 8.86021505376344e-05, 'epoch': 1.67}
{'loss': 2.4075, 'grad_norm': 0.9945578575134277, 'learning_rate': 8.821114369501467e-05, 'epoch': 1.68}
{'loss': 2.4695, 'grad_norm': 0.8734769225120544, 'learning_rate': 8.782013685239492e-05, 'epoch': 1.68}
{'loss': 2.4471, 'grad_norm': 0.9786873459815979, 'learning_rate': 8.742913000977517e-05, 'epoch': 1.69}
{'loss': 2.4087, 'grad_norm': 1.062361478805542, 'learning_rate': 8.703812316715543e-05, 'epoch': 1.7}
{'loss': 2.362, 'grad_norm': 0.8701267838478088, 'learning_rate': 8.664711632453568e-05, 'epoch': 1.7}
{'loss': 2.3316, 'grad_norm': 0.849563479423523, 'learning_rate': 8.625610948191593e-05, 'epoch': 1.71}
{'loss': 2.2885, 'grad_norm': 0.8903008699417114, 'learning_rate': 8.58651026392962e-05, 'epoch': 1.71}
{'loss': 2.4235, 'grad_norm': 0.8183367848396301, 'learning_rate': 8.547409579667645e-05, 'epoch': 1.72}
{'loss': 2.3956, 'grad_norm': 0.8790372610092163, 'learning_rate': 8.50830889540567e-05, 'epoch': 1.72}
{'loss': 2.4495, 'grad_norm': 1.1341575384140015, 'learning_rate': 8.469208211143695e-05, 'epoch': 1.73}
{'loss': 2.3607, 'grad_norm': 0.7124800682067871, 'learning_rate': 8.430107526881721e-05, 'epoch': 1.74}
{'loss': 2.2968, 'grad_norm': 1.4692013263702393, 'learning_rate': 8.391006842619746e-05, 'epoch': 1.74}
{'loss': 2.3928, 'grad_norm': 0.9576994776725769, 'learning_rate': 8.351906158357771e-05, 'epoch': 1.75}
{'loss': 2.3958, 'grad_norm': 0.7680023312568665, 'learning_rate': 8.312805474095798e-05, 'epoch': 1.75}
{'loss': 2.3864, 'grad_norm': 0.8042029738426208, 'learning_rate': 8.273704789833823e-05, 'epoch': 1.76}
{'loss': 2.2882, 'grad_norm': 1.0063295364379883, 'learning_rate': 8.234604105571848e-05, 'epoch': 1.77}
{'loss': 2.2703, 'grad_norm': 0.7924007177352905, 'learning_rate': 8.195503421309874e-05, 'epoch': 1.77}
{'loss': 2.2471, 'grad_norm': 0.9630866050720215, 'learning_rate': 8.156402737047899e-05, 'epoch': 1.78}
{'loss': 2.3515, 'grad_norm': 1.0404226779937744, 'learning_rate': 8.117302052785924e-05, 'epoch': 1.78}
{'loss': 2.3154, 'grad_norm': 0.8017299175262451, 'learning_rate': 8.07820136852395e-05, 'epoch': 1.79}
{'loss': 2.4158, 'grad_norm': 1.1009175777435303, 'learning_rate': 8.039100684261976e-05, 'epoch': 1.79}
{'loss': 2.4016, 'grad_norm': 1.6789727210998535, 'learning_rate': 8e-05, 'epoch': 1.8}
{'loss': 2.4342, 'grad_norm': 1.224273920059204, 'learning_rate': 7.960899315738026e-05, 'epoch': 1.81}
{'loss': 2.2761, 'grad_norm': 0.8074284791946411, 'learning_rate': 7.921798631476052e-05, 'epoch': 1.81}
{'loss': 2.4081, 'grad_norm': 0.6255567073822021, 'learning_rate': 7.882697947214077e-05, 'epoch': 1.82}
{'loss': 2.2362, 'grad_norm': 1.06178879737854, 'learning_rate': 7.843597262952102e-05, 'epoch': 1.82}
{'loss': 2.4033, 'grad_norm': 0.9407915472984314, 'learning_rate': 7.804496578690127e-05, 'epoch': 1.83}
{'loss': 2.2445, 'grad_norm': 0.7939478754997253, 'learning_rate': 7.765395894428152e-05, 'epoch': 1.84}
{'loss': 2.3183, 'grad_norm': 0.7414306402206421, 'learning_rate': 7.726295210166177e-05, 'epoch': 1.84}
{'loss': 2.2121, 'grad_norm': 0.6561530232429504, 'learning_rate': 7.687194525904204e-05, 'epoch': 1.85}
{'loss': 2.4447, 'grad_norm': 0.8691661953926086, 'learning_rate': 7.648093841642229e-05, 'epoch': 1.85}
{'loss': 2.3207, 'grad_norm': 1.018580675125122, 'learning_rate': 7.608993157380254e-05, 'epoch': 1.86}
{'loss': 2.3386, 'grad_norm': 0.7225053906440735, 'learning_rate': 7.56989247311828e-05, 'epoch': 1.87}
{'loss': 2.234, 'grad_norm': 1.13009512424469, 'learning_rate': 7.530791788856305e-05, 'epoch': 1.87}
{'loss': 2.2763, 'grad_norm': 0.7916872501373291, 'learning_rate': 7.49169110459433e-05, 'epoch': 1.88}
{'loss': 2.2314, 'grad_norm': 0.9153351187705994, 'learning_rate': 7.452590420332357e-05, 'epoch': 1.88}
{'loss': 2.3891, 'grad_norm': 0.9471980929374695, 'learning_rate': 7.413489736070382e-05, 'epoch': 1.89}
{'loss': 2.2907, 'grad_norm': 1.1801888942718506, 'learning_rate': 7.374389051808407e-05, 'epoch': 1.89}
{'loss': 2.4969, 'grad_norm': 0.8752332329750061, 'learning_rate': 7.335288367546432e-05, 'epoch': 1.9}
{'loss': 2.2787, 'grad_norm': 0.8503050208091736, 'learning_rate': 7.296187683284458e-05, 'epoch': 1.91}
{'loss': 2.3582, 'grad_norm': 0.8242284655570984, 'learning_rate': 7.257086999022483e-05, 'epoch': 1.91}
{'loss': 2.2571, 'grad_norm': 0.8371303081512451, 'learning_rate': 7.217986314760508e-05, 'epoch': 1.92}
{'loss': 2.1777, 'grad_norm': 0.8931213617324829, 'learning_rate': 7.178885630498535e-05, 'epoch': 1.92}
{'loss': 2.3762, 'grad_norm': 0.7358521819114685, 'learning_rate': 7.13978494623656e-05, 'epoch': 1.93}
{'loss': 2.3003, 'grad_norm': 1.0165923833847046, 'learning_rate': 7.100684261974585e-05, 'epoch': 1.94}
{'loss': 2.478, 'grad_norm': 0.7931016087532043, 'learning_rate': 7.061583577712611e-05, 'epoch': 1.94}
{'loss': 2.3445, 'grad_norm': 1.0050709247589111, 'learning_rate': 7.022482893450636e-05, 'epoch': 1.95}
{'loss': 2.26, 'grad_norm': 0.6242589354515076, 'learning_rate': 6.983382209188661e-05, 'epoch': 1.95}
{'loss': 2.2567, 'grad_norm': 1.2101945877075195, 'learning_rate': 6.944281524926687e-05, 'epoch': 1.96}
{'loss': 2.4395, 'grad_norm': 1.1126211881637573, 'learning_rate': 6.905180840664713e-05, 'epoch': 1.96}
{'loss': 2.2461, 'grad_norm': 0.955967366695404, 'learning_rate': 6.866080156402738e-05, 'epoch': 1.97}
{'loss': 2.3883, 'grad_norm': 1.008713722229004, 'learning_rate': 6.826979472140763e-05, 'epoch': 1.98}
{'loss': 2.3621, 'grad_norm': 0.9314594864845276, 'learning_rate': 6.787878787878789e-05, 'epoch': 1.98}
{'loss': 2.3822, 'grad_norm': 0.870418906211853, 'learning_rate': 6.748778103616814e-05, 'epoch': 1.99}
{'loss': 2.3397, 'grad_norm': 1.2652854919433594, 'learning_rate': 6.709677419354839e-05, 'epoch': 1.99}
{'loss': 2.4087, 'grad_norm': 0.7186542749404907, 'learning_rate': 6.670576735092865e-05, 'epoch': 2.0}
{'loss': 2.4108, 'grad_norm': 1.0514806509017944, 'learning_rate': 6.63147605083089e-05, 'epoch': 2.01}
{'loss': 2.2029, 'grad_norm': 0.6011645793914795, 'learning_rate': 6.592375366568914e-05, 'epoch': 2.01}
{'loss': 2.1216, 'grad_norm': 1.1188440322875977, 'learning_rate': 6.55327468230694e-05, 'epoch': 2.02}
{'loss': 2.2794, 'grad_norm': 0.8911095857620239, 'learning_rate': 6.514173998044966e-05, 'epoch': 2.02}
{'loss': 2.3669, 'grad_norm': 1.0406250953674316, 'learning_rate': 6.47507331378299e-05, 'epoch': 2.03}
{'loss': 2.2763, 'grad_norm': 0.9710056781768799, 'learning_rate': 6.435972629521017e-05, 'epoch': 2.04}
{'loss': 2.2497, 'grad_norm': 1.1765480041503906, 'learning_rate': 6.396871945259042e-05, 'epoch': 2.04}
{'loss': 2.1575, 'grad_norm': 0.86046302318573, 'learning_rate': 6.357771260997067e-05, 'epoch': 2.05}
{'loss': 2.1762, 'grad_norm': 1.048961877822876, 'learning_rate': 6.318670576735093e-05, 'epoch': 2.05}
{'loss': 2.1393, 'grad_norm': 0.8705580830574036, 'learning_rate': 6.279569892473119e-05, 'epoch': 2.06}
{'loss': 2.2422, 'grad_norm': 0.6317495107650757, 'learning_rate': 6.240469208211144e-05, 'epoch': 2.06}
{'loss': 2.2838, 'grad_norm': 1.0116938352584839, 'learning_rate': 6.201368523949169e-05, 'epoch': 2.07}
{'loss': 2.0824, 'grad_norm': 0.8435804843902588, 'learning_rate': 6.162267839687195e-05, 'epoch': 2.08}
{'loss': 2.3669, 'grad_norm': 0.8421974778175354, 'learning_rate': 6.12316715542522e-05, 'epoch': 2.08}
{'loss': 2.2684, 'grad_norm': 1.2556967735290527, 'learning_rate': 6.084066471163246e-05, 'epoch': 2.09}
{'loss': 2.2048, 'grad_norm': 0.938744843006134, 'learning_rate': 6.044965786901271e-05, 'epoch': 2.09}
{'loss': 2.1787, 'grad_norm': 0.8862740993499756, 'learning_rate': 6.0058651026392965e-05, 'epoch': 2.1}
{'loss': 2.3176, 'grad_norm': 1.2887403964996338, 'learning_rate': 5.966764418377322e-05, 'epoch': 2.11}
{'loss': 2.2649, 'grad_norm': 1.1324024200439453, 'learning_rate': 5.927663734115347e-05, 'epoch': 2.11}
{'loss': 2.4249, 'grad_norm': 0.9435769319534302, 'learning_rate': 5.888563049853373e-05, 'epoch': 2.12}
{'loss': 2.381, 'grad_norm': 1.3552168607711792, 'learning_rate': 5.849462365591398e-05, 'epoch': 2.12}
{'loss': 2.3223, 'grad_norm': 1.0590174198150635, 'learning_rate': 5.810361681329424e-05, 'epoch': 2.13}
{'loss': 2.2781, 'grad_norm': 1.2780146598815918, 'learning_rate': 5.7712609970674494e-05, 'epoch': 2.13}
{'loss': 2.3194, 'grad_norm': 0.9539952278137207, 'learning_rate': 5.7321603128054744e-05, 'epoch': 2.14}
{'loss': 2.3067, 'grad_norm': 0.7348148822784424, 'learning_rate': 5.6930596285435e-05, 'epoch': 2.15}
{'loss': 2.154, 'grad_norm': 0.872607409954071, 'learning_rate': 5.653958944281525e-05, 'epoch': 2.15}
{'loss': 2.3013, 'grad_norm': 0.9744665622711182, 'learning_rate': 5.614858260019551e-05, 'epoch': 2.16}
{'loss': 2.2419, 'grad_norm': 0.9368674159049988, 'learning_rate': 5.5757575757575766e-05, 'epoch': 2.16}
{'loss': 2.2292, 'grad_norm': 0.9485223293304443, 'learning_rate': 5.5366568914956016e-05, 'epoch': 2.17}
{'loss': 2.2831, 'grad_norm': 0.9273890256881714, 'learning_rate': 5.4975562072336274e-05, 'epoch': 2.18}
{'loss': 2.2411, 'grad_norm': 1.0911978483200073, 'learning_rate': 5.458455522971653e-05, 'epoch': 2.18}
{'loss': 2.2483, 'grad_norm': 1.0992088317871094, 'learning_rate': 5.419354838709678e-05, 'epoch': 2.19}
{'loss': 2.2519, 'grad_norm': 1.085653305053711, 'learning_rate': 5.380254154447704e-05, 'epoch': 2.19}
{'loss': 2.2024, 'grad_norm': 1.521134614944458, 'learning_rate': 5.341153470185728e-05, 'epoch': 2.2}
{'loss': 2.3656, 'grad_norm': 1.6044570207595825, 'learning_rate': 5.302052785923753e-05, 'epoch': 2.21}
{'loss': 2.323, 'grad_norm': 1.915472149848938, 'learning_rate': 5.262952101661779e-05, 'epoch': 2.21}
{'loss': 2.2831, 'grad_norm': 1.0441291332244873, 'learning_rate': 5.2238514173998046e-05, 'epoch': 2.22}
{'loss': 2.1806, 'grad_norm': 1.0915842056274414, 'learning_rate': 5.18475073313783e-05, 'epoch': 2.22}
{'loss': 2.2034, 'grad_norm': 1.8178722858428955, 'learning_rate': 5.1456500488758554e-05, 'epoch': 2.23}
{'loss': 2.2202, 'grad_norm': 1.1240978240966797, 'learning_rate': 5.1065493646138804e-05, 'epoch': 2.23}
{'loss': 2.3097, 'grad_norm': 0.8774274587631226, 'learning_rate': 5.067448680351906e-05, 'epoch': 2.24}
{'loss': 2.1814, 'grad_norm': 1.1271051168441772, 'learning_rate': 5.028347996089932e-05, 'epoch': 2.25}
{'loss': 2.2069, 'grad_norm': 1.0490012168884277, 'learning_rate': 4.989247311827957e-05, 'epoch': 2.25}
{'loss': 2.2113, 'grad_norm': 1.52350914478302, 'learning_rate': 4.9501466275659826e-05, 'epoch': 2.26}
{'loss': 2.2482, 'grad_norm': 1.349790096282959, 'learning_rate': 4.9110459433040076e-05, 'epoch': 2.26}
{'loss': 2.2474, 'grad_norm': 1.060747504234314, 'learning_rate': 4.8719452590420334e-05, 'epoch': 2.27}
{'loss': 2.4198, 'grad_norm': 1.187149167060852, 'learning_rate': 4.832844574780059e-05, 'epoch': 2.28}
{'loss': 2.357, 'grad_norm': 1.1305108070373535, 'learning_rate': 4.793743890518084e-05, 'epoch': 2.28}
{'loss': 2.3449, 'grad_norm': 0.967352032661438, 'learning_rate': 4.75464320625611e-05, 'epoch': 2.29}
{'loss': 2.2784, 'grad_norm': 0.9163220524787903, 'learning_rate': 4.715542521994135e-05, 'epoch': 2.29}
{'loss': 2.2592, 'grad_norm': 1.096816897392273, 'learning_rate': 4.6764418377321606e-05, 'epoch': 2.3}
{'loss': 2.2855, 'grad_norm': 0.8560993075370789, 'learning_rate': 4.637341153470186e-05, 'epoch': 2.3}
{'loss': 2.2712, 'grad_norm': 1.1266778707504272, 'learning_rate': 4.598240469208211e-05, 'epoch': 2.31}
{'loss': 2.275, 'grad_norm': 0.9848178625106812, 'learning_rate': 4.559139784946237e-05, 'epoch': 2.32}
{'loss': 2.3169, 'grad_norm': 0.9021832346916199, 'learning_rate': 4.520039100684262e-05, 'epoch': 2.32}
{'loss': 2.2378, 'grad_norm': 0.9538801312446594, 'learning_rate': 4.480938416422288e-05, 'epoch': 2.33}
{'loss': 2.2123, 'grad_norm': 0.8450062870979309, 'learning_rate': 4.4418377321603135e-05, 'epoch': 2.33}
{'loss': 2.2949, 'grad_norm': 1.0014886856079102, 'learning_rate': 4.402737047898338e-05, 'epoch': 2.34}
{'loss': 2.3307, 'grad_norm': 1.0042331218719482, 'learning_rate': 4.3636363636363636e-05, 'epoch': 2.35}
{'loss': 2.2532, 'grad_norm': 1.6198707818984985, 'learning_rate': 4.324535679374389e-05, 'epoch': 2.35}
{'loss': 2.3801, 'grad_norm': 0.8456987738609314, 'learning_rate': 4.285434995112414e-05, 'epoch': 2.36}
{'loss': 2.1898, 'grad_norm': 1.1561514139175415, 'learning_rate': 4.24633431085044e-05, 'epoch': 2.36}
{'loss': 2.3367, 'grad_norm': 1.4947420358657837, 'learning_rate': 4.207233626588466e-05, 'epoch': 2.37}
{'loss': 2.2967, 'grad_norm': 1.1746805906295776, 'learning_rate': 4.168132942326491e-05, 'epoch': 2.38}
{'loss': 2.1225, 'grad_norm': 1.4988828897476196, 'learning_rate': 4.1290322580645165e-05, 'epoch': 2.38}
{'loss': 2.3255, 'grad_norm': 0.772068440914154, 'learning_rate': 4.0899315738025415e-05, 'epoch': 2.39}
{'loss': 2.3563, 'grad_norm': 0.991833508014679, 'learning_rate': 4.050830889540567e-05, 'epoch': 2.39}
{'loss': 2.2422, 'grad_norm': 1.4573633670806885, 'learning_rate': 4.011730205278593e-05, 'epoch': 2.4}
{'loss': 2.2675, 'grad_norm': 1.5023770332336426, 'learning_rate': 3.972629521016618e-05, 'epoch': 2.4}
{'loss': 2.2312, 'grad_norm': 1.4126404523849487, 'learning_rate': 3.933528836754644e-05, 'epoch': 2.41}
{'loss': 2.3446, 'grad_norm': 0.9812307953834534, 'learning_rate': 3.894428152492669e-05, 'epoch': 2.42}
{'loss': 2.3334, 'grad_norm': 1.006069302558899, 'learning_rate': 3.8553274682306945e-05, 'epoch': 2.42}
{'loss': 2.3451, 'grad_norm': 0.8340328931808472, 'learning_rate': 3.81622678396872e-05, 'epoch': 2.43}
{'loss': 2.2227, 'grad_norm': 1.305615782737732, 'learning_rate': 3.7771260997067445e-05, 'epoch': 2.43}
{'loss': 2.3086, 'grad_norm': 1.0689759254455566, 'learning_rate': 3.73802541544477e-05, 'epoch': 2.44}
{'loss': 2.2201, 'grad_norm': 1.4280328750610352, 'learning_rate': 3.698924731182796e-05, 'epoch': 2.45}
{'loss': 2.2266, 'grad_norm': 1.2478915452957153, 'learning_rate': 3.659824046920821e-05, 'epoch': 2.45}
{'loss': 2.3465, 'grad_norm': 1.5270791053771973, 'learning_rate': 3.620723362658847e-05, 'epoch': 2.46}
{'loss': 2.385, 'grad_norm': 1.334678292274475, 'learning_rate': 3.581622678396872e-05, 'epoch': 2.46}
{'loss': 2.3067, 'grad_norm': 1.3559095859527588, 'learning_rate': 3.5425219941348974e-05, 'epoch': 2.47}
{'loss': 2.1879, 'grad_norm': 0.754245400428772, 'learning_rate': 3.503421309872923e-05, 'epoch': 2.48}
{'loss': 2.052, 'grad_norm': 1.6595767736434937, 'learning_rate': 3.464320625610948e-05, 'epoch': 2.48}
{'loss': 2.296, 'grad_norm': 1.0320216417312622, 'learning_rate': 3.425219941348974e-05, 'epoch': 2.49}
{'loss': 2.3506, 'grad_norm': 1.040635347366333, 'learning_rate': 3.386119257086999e-05, 'epoch': 2.49}
{'loss': 2.2614, 'grad_norm': 1.3675689697265625, 'learning_rate': 3.347018572825025e-05, 'epoch': 2.5}
{'loss': 2.2348, 'grad_norm': 1.514518141746521, 'learning_rate': 3.3079178885630504e-05, 'epoch': 2.5}
{'loss': 2.1717, 'grad_norm': 0.8774962425231934, 'learning_rate': 3.2688172043010754e-05, 'epoch': 2.51}
{'loss': 2.2554, 'grad_norm': 1.008081316947937, 'learning_rate': 3.229716520039101e-05, 'epoch': 2.52}
{'loss': 2.3157, 'grad_norm': 1.3901835680007935, 'learning_rate': 3.190615835777127e-05, 'epoch': 2.52}
{'loss': 2.3306, 'grad_norm': 1.2247066497802734, 'learning_rate': 3.151515151515151e-05, 'epoch': 2.53}
{'loss': 2.3668, 'grad_norm': 0.9277892112731934, 'learning_rate': 3.112414467253177e-05, 'epoch': 2.53}
{'loss': 2.2295, 'grad_norm': 1.0923388004302979, 'learning_rate': 3.0733137829912026e-05, 'epoch': 2.54}
{'loss': 2.1456, 'grad_norm': 1.0884288549423218, 'learning_rate': 3.0342130987292277e-05, 'epoch': 2.55}
{'loss': 2.2879, 'grad_norm': 1.3425915241241455, 'learning_rate': 2.9951124144672534e-05, 'epoch': 2.55}
{'loss': 2.3374, 'grad_norm': 1.343218207359314, 'learning_rate': 2.9560117302052787e-05, 'epoch': 2.56}
{'loss': 2.2445, 'grad_norm': 1.084983229637146, 'learning_rate': 2.916911045943304e-05, 'epoch': 2.56}
{'loss': 2.2715, 'grad_norm': 0.686002254486084, 'learning_rate': 2.8778103616813295e-05, 'epoch': 2.57}
{'loss': 2.3518, 'grad_norm': 0.7119842171669006, 'learning_rate': 2.838709677419355e-05, 'epoch': 2.57}
{'loss': 2.1138, 'grad_norm': 1.290696382522583, 'learning_rate': 2.7996089931573806e-05, 'epoch': 2.58}
{'loss': 2.323, 'grad_norm': 1.3756301403045654, 'learning_rate': 2.760508308895406e-05, 'epoch': 2.59}
{'loss': 2.2363, 'grad_norm': 0.8237162828445435, 'learning_rate': 2.7214076246334313e-05, 'epoch': 2.59}
{'loss': 2.3095, 'grad_norm': 0.7744879722595215, 'learning_rate': 2.6823069403714567e-05, 'epoch': 2.6}
{'loss': 2.2408, 'grad_norm': 1.2705605030059814, 'learning_rate': 2.643206256109482e-05, 'epoch': 2.6}
{'loss': 2.2489, 'grad_norm': 1.1299196481704712, 'learning_rate': 2.6041055718475078e-05, 'epoch': 2.61}
{'loss': 2.2573, 'grad_norm': 0.8819766044616699, 'learning_rate': 2.5650048875855332e-05, 'epoch': 2.62}
{'loss': 2.3134, 'grad_norm': 1.4998797178268433, 'learning_rate': 2.525904203323558e-05, 'epoch': 2.62}
{'loss': 2.2828, 'grad_norm': 0.842066764831543, 'learning_rate': 2.486803519061584e-05, 'epoch': 2.63}
{'loss': 2.3117, 'grad_norm': 0.8712450861930847, 'learning_rate': 2.4477028347996093e-05, 'epoch': 2.63}
{'loss': 2.224, 'grad_norm': 0.9883606433868408, 'learning_rate': 2.4086021505376347e-05, 'epoch': 2.64}
{'loss': 2.2644, 'grad_norm': 1.2664525508880615, 'learning_rate': 2.3695014662756597e-05, 'epoch': 2.65}
{'loss': 2.216, 'grad_norm': 1.4063451290130615, 'learning_rate': 2.3304007820136854e-05, 'epoch': 2.65}
{'loss': 2.2723, 'grad_norm': 1.093461036682129, 'learning_rate': 2.2913000977517108e-05, 'epoch': 2.66}
{'loss': 2.2296, 'grad_norm': 1.9944660663604736, 'learning_rate': 2.2521994134897362e-05, 'epoch': 2.66}
{'loss': 2.1773, 'grad_norm': 1.2744719982147217, 'learning_rate': 2.2130987292277615e-05, 'epoch': 2.67}
{'loss': 2.1534, 'grad_norm': 1.0651777982711792, 'learning_rate': 2.173998044965787e-05, 'epoch': 2.67}
{'loss': 2.3161, 'grad_norm': 0.8566887974739075, 'learning_rate': 2.1348973607038126e-05, 'epoch': 2.68}
{'loss': 2.3518, 'grad_norm': 1.0740876197814941, 'learning_rate': 2.095796676441838e-05, 'epoch': 2.69}
{'loss': 2.2433, 'grad_norm': 0.7508428692817688, 'learning_rate': 2.056695992179863e-05, 'epoch': 2.69}
{'loss': 2.3783, 'grad_norm': 1.201001524925232, 'learning_rate': 2.0175953079178884e-05, 'epoch': 2.7}
{'loss': 2.2982, 'grad_norm': 1.1563291549682617, 'learning_rate': 1.978494623655914e-05, 'epoch': 2.7}
{'loss': 2.341, 'grad_norm': 1.0538232326507568, 'learning_rate': 1.9393939393939395e-05, 'epoch': 2.71}
{'loss': 2.2014, 'grad_norm': 1.3167033195495605, 'learning_rate': 1.900293255131965e-05, 'epoch': 2.72}
{'loss': 2.3383, 'grad_norm': 1.3657890558242798, 'learning_rate': 1.8611925708699903e-05, 'epoch': 2.72}
{'loss': 2.3059, 'grad_norm': 1.3627402782440186, 'learning_rate': 1.822091886608016e-05, 'epoch': 2.73}
{'loss': 2.2264, 'grad_norm': 1.2176296710968018, 'learning_rate': 1.7829912023460413e-05, 'epoch': 2.73}
{'loss': 2.3401, 'grad_norm': 1.443552851676941, 'learning_rate': 1.7438905180840664e-05, 'epoch': 2.74}
{'loss': 2.3951, 'grad_norm': 1.5539343357086182, 'learning_rate': 1.7047898338220918e-05, 'epoch': 2.74}
{'loss': 2.2573, 'grad_norm': 0.9516291618347168, 'learning_rate': 1.6656891495601175e-05, 'epoch': 2.75}
{'loss': 1.9955, 'grad_norm': 0.9170775413513184, 'learning_rate': 1.626588465298143e-05, 'epoch': 2.76}
{'loss': 2.376, 'grad_norm': 1.3548829555511475, 'learning_rate': 1.5874877810361682e-05, 'epoch': 2.76}
{'loss': 2.188, 'grad_norm': 1.4313859939575195, 'learning_rate': 1.5483870967741936e-05, 'epoch': 2.77}
{'loss': 2.333, 'grad_norm': 0.833340585231781, 'learning_rate': 1.5092864125122191e-05, 'epoch': 2.77}
{'loss': 2.287, 'grad_norm': 0.8326566815376282, 'learning_rate': 1.4701857282502445e-05, 'epoch': 2.78}
{'loss': 2.1402, 'grad_norm': 1.1996101140975952, 'learning_rate': 1.4310850439882697e-05, 'epoch': 2.79}
{'loss': 2.3054, 'grad_norm': 1.0155470371246338, 'learning_rate': 1.3919843597262953e-05, 'epoch': 2.79}
{'loss': 2.2822, 'grad_norm': 0.9130332469940186, 'learning_rate': 1.3528836754643206e-05, 'epoch': 2.8}
{'loss': 2.3609, 'grad_norm': 1.021608829498291, 'learning_rate': 1.3137829912023462e-05, 'epoch': 2.8}
{'loss': 2.22, 'grad_norm': 1.203410029411316, 'learning_rate': 1.2746823069403716e-05, 'epoch': 2.81}
{'loss': 2.3137, 'grad_norm': 0.9442886114120483, 'learning_rate': 1.235581622678397e-05, 'epoch': 2.82}
{'loss': 2.3729, 'grad_norm': 1.2051689624786377, 'learning_rate': 1.1964809384164223e-05, 'epoch': 2.82}
{'loss': 2.1788, 'grad_norm': 1.0315852165222168, 'learning_rate': 1.1573802541544477e-05, 'epoch': 2.83}
{'loss': 2.2732, 'grad_norm': 1.2110860347747803, 'learning_rate': 1.1182795698924732e-05, 'epoch': 2.83}
{'loss': 2.3547, 'grad_norm': 1.3590937852859497, 'learning_rate': 1.0791788856304986e-05, 'epoch': 2.84}
{'loss': 2.3166, 'grad_norm': 1.0244712829589844, 'learning_rate': 1.040078201368524e-05, 'epoch': 2.84}
{'loss': 2.4396, 'grad_norm': 1.4161641597747803, 'learning_rate': 1.0009775171065494e-05, 'epoch': 2.85}
{'loss': 2.3162, 'grad_norm': 0.8482810854911804, 'learning_rate': 9.618768328445749e-06, 'epoch': 2.86}
{'loss': 2.1997, 'grad_norm': 1.335029125213623, 'learning_rate': 9.227761485826003e-06, 'epoch': 2.86}
{'loss': 2.2247, 'grad_norm': 1.3724838495254517, 'learning_rate': 8.836754643206256e-06, 'epoch': 2.87}
{'loss': 2.3668, 'grad_norm': 0.9586502909660339, 'learning_rate': 8.44574780058651e-06, 'epoch': 2.87}
{'loss': 2.3387, 'grad_norm': 1.0373798608779907, 'learning_rate': 8.054740957966766e-06, 'epoch': 2.88}
{'loss': 2.2403, 'grad_norm': 1.340331792831421, 'learning_rate': 7.66373411534702e-06, 'epoch': 2.89}
{'loss': 2.192, 'grad_norm': 1.3268977403640747, 'learning_rate': 7.272727272727272e-06, 'epoch': 2.89}
{'loss': 2.1326, 'grad_norm': 1.200034737586975, 'learning_rate': 6.881720430107527e-06, 'epoch': 2.9}
{'loss': 2.2599, 'grad_norm': 0.9826558828353882, 'learning_rate': 6.4907135874877815e-06, 'epoch': 2.9}
{'loss': 2.2834, 'grad_norm': 1.1035912036895752, 'learning_rate': 6.099706744868035e-06, 'epoch': 2.91}
{'loss': 2.1745, 'grad_norm': 1.7034465074539185, 'learning_rate': 5.70869990224829e-06, 'epoch': 2.91}
{'loss': 1.9045, 'grad_norm': 1.9356818199157715, 'learning_rate': 5.317693059628544e-06, 'epoch': 2.92}
{'loss': 2.3322, 'grad_norm': 1.4803259372711182, 'learning_rate': 4.926686217008798e-06, 'epoch': 2.93}
{'loss': 2.2098, 'grad_norm': 1.183295488357544, 'learning_rate': 4.535679374389052e-06, 'epoch': 2.93}
{'loss': 2.1599, 'grad_norm': 1.731440782546997, 'learning_rate': 4.1446725317693065e-06, 'epoch': 2.94}
{'loss': 2.0912, 'grad_norm': 1.2768787145614624, 'learning_rate': 3.7536656891495603e-06, 'epoch': 2.94}
{'loss': 2.2132, 'grad_norm': 0.7858970761299133, 'learning_rate': 3.362658846529815e-06, 'epoch': 2.95}
{'loss': 2.2134, 'grad_norm': 1.1530507802963257, 'learning_rate': 2.9716520039100686e-06, 'epoch': 2.96}
{'loss': 2.3484, 'grad_norm': 1.110343337059021, 'learning_rate': 2.580645161290323e-06, 'epoch': 2.96}
{'loss': 2.2896, 'grad_norm': 1.3530480861663818, 'learning_rate': 2.189638318670577e-06, 'epoch': 2.97}
{'loss': 2.2611, 'grad_norm': 1.1450703144073486, 'learning_rate': 1.798631476050831e-06, 'epoch': 2.97}
{'loss': 2.2942, 'grad_norm': 0.7940738201141357, 'learning_rate': 1.4076246334310851e-06, 'epoch': 2.98}
{'loss': 2.2485, 'grad_norm': 1.145379900932312, 'learning_rate': 1.0166177908113393e-06, 'epoch': 2.99}
{'loss': 2.3418, 'grad_norm': 1.328377366065979, 'learning_rate': 6.256109481915933e-07, 'epoch': 2.99}
{'loss': 2.2228, 'grad_norm': 1.143851637840271, 'learning_rate': 2.3460410557184752e-07, 'epoch': 3.0}
{'train_runtime': 5031.6019, 'train_samples_per_second': 4.065, 'train_steps_per_second': 1.017, 'train_loss': 2.367969664893425, 'epoch': 3.0}
   [Save] Saving adapter to /gpfs/data/fs71186/ziegler/ThesisProject/results/adapters/llama2_darkreddit
   [System] Renaming adapters to *_3ep...
>>> [3/5] Evaluating LoRA (3 Epochs)...
   [Config] Detected CLUSTER Environment (Linux).
========================================
   STARTING JOB: llama2_reuters (LoRA)
   Device: cuda
========================================
   [Data] Loading Reuters (C50train)...
   [Data] Loading Reuters (C50test)...
   [Data] Final Test Size: 2500 samples
   [llama2] Loading Llama (Decoder) from: /gpfs/data/fs71186/ziegler/ThesisProject/models/Llama-2-7b-hf
   [llama2] [DEBUG] Attempting to load LoRA from: /gpfs/data/fs71186/ziegler/ThesisProject/results/adapters/llama2_reuters
   [llama2] [SUCCESS] LoRA Adapter active (Keys matched).
   [Pipeline] Generating Train Embeddings...
   [Pipeline] Generating Test Embeddings...
   [Save] Saving embeddings to: /gpfs/data/fs71186/ziegler/ThesisProject/results/embeddings/llama2_reuters_lora_3ep.pt
   [Eval] Calculating metrics for llama2 on reuters...
   [Eval] Report saved: /gpfs/data/fs71186/ziegler/ThesisProject/results/logs/llama2_reuters_2026-01-28_06-49-46_report.txt
   [Eval] Plot saved: /gpfs/data/fs71186/ziegler/ThesisProject/results/plots/llama2_reuters_2026-01-28_06-49-46_matrix.png
------------------------------------------------

========================================
   JOB COMPLETE: llama2_reuters (LoRA)
==========================================
   [Config] Detected CLUSTER Environment (Linux).
========================================
   STARTING JOB: llama2_darkreddit (LoRA)
   Device: cuda
========================================
   [Data] Loading DarkReddit (darkreddit_authorship_attribution_train_anon.jsonl)...
   [Info] Detected keys - Text: 'comment', Author: 'author'
   [Data] Loading DarkReddit (darkreddit_authorship_attribution_test_anon.jsonl)...
   [Info] Detected keys - Text: 'comment', Author: 'author'
   [Data] Final Test Size: 2276 samples
   [llama2] Loading Llama (Decoder) from: /gpfs/data/fs71186/ziegler/ThesisProject/models/Llama-2-7b-hf
   [llama2] [DEBUG] Attempting to load LoRA from: /gpfs/data/fs71186/ziegler/ThesisProject/results/adapters/llama2_darkreddit
   [llama2] [SUCCESS] LoRA Adapter active (Keys matched).
   [Pipeline] Generating Train Embeddings...
   [Pipeline] Generating Test Embeddings...
   [Save] Saving embeddings to: /gpfs/data/fs71186/ziegler/ThesisProject/results/embeddings/llama2_darkreddit_lora_3ep.pt
   [Eval] Calculating metrics for llama2 on darkreddit...
   [Eval] Report saved: /gpfs/data/fs71186/ziegler/ThesisProject/results/logs/llama2_darkreddit_2026-01-28_06-58-12_report.txt
   [Eval] Plot saved: /gpfs/data/fs71186/ziegler/ThesisProject/results/plots/llama2_darkreddit_2026-01-28_06-58-12_matrix.png
------------------------------------------------

========================================
   JOB COMPLETE: llama2_darkreddit (LoRA)
==========================================

>>> [4/5] Training LoRA (5 Epochs)...
   [Config] Detected CLUSTER Environment (Linux).
========================================
   STARTING LORA TRAINING (STANDARD BASE)
   Model:   llama2
   Dataset: reuters
========================================
   [Data] Loading dataset...
   [Data] Loading Reuters (C50train)...
   [Model] Loading Base: /gpfs/data/fs71186/ziegler/ThesisProject/models/Llama-2-7b-hf
trainable params: 4,194,304 || all params: 6,742,609,920 || trainable%: 0.0622
   [Train] Starting training loop...
{'loss': 1.8763, 'grad_norm': 0.17498986423015594, 'learning_rate': 0.00019942400000000002, 'epoch': 0.02}
{'loss': 1.8415, 'grad_norm': 0.20668324828147888, 'learning_rate': 0.00019878400000000003, 'epoch': 0.03}
{'loss': 1.8246, 'grad_norm': 0.23023612797260284, 'learning_rate': 0.000198144, 'epoch': 0.05}
{'loss': 1.8214, 'grad_norm': 0.2410372644662857, 'learning_rate': 0.000197504, 'epoch': 0.06}
{'loss': 1.7908, 'grad_norm': 0.2598058879375458, 'learning_rate': 0.000196864, 'epoch': 0.08}
{'loss': 1.8614, 'grad_norm': 0.2425619214773178, 'learning_rate': 0.000196224, 'epoch': 0.1}
{'loss': 1.8512, 'grad_norm': 0.23132821917533875, 'learning_rate': 0.000195584, 'epoch': 0.11}
{'loss': 1.7262, 'grad_norm': 0.23749180138111115, 'learning_rate': 0.000194944, 'epoch': 0.13}
{'loss': 1.7955, 'grad_norm': 0.262550413608551, 'learning_rate': 0.00019430400000000002, 'epoch': 0.14}
{'loss': 1.7787, 'grad_norm': 0.24587446451187134, 'learning_rate': 0.000193664, 'epoch': 0.16}
{'loss': 1.7754, 'grad_norm': 0.24670840799808502, 'learning_rate': 0.000193024, 'epoch': 0.18}
{'loss': 1.7612, 'grad_norm': 0.2577933073043823, 'learning_rate': 0.000192384, 'epoch': 0.19}
{'loss': 1.8311, 'grad_norm': 0.2408529818058014, 'learning_rate': 0.000191744, 'epoch': 0.21}
{'loss': 1.7984, 'grad_norm': 0.27972617745399475, 'learning_rate': 0.00019110400000000002, 'epoch': 0.22}
{'loss': 1.7877, 'grad_norm': 0.21635189652442932, 'learning_rate': 0.00019046400000000002, 'epoch': 0.24}
{'loss': 1.7868, 'grad_norm': 0.3506920039653778, 'learning_rate': 0.000189824, 'epoch': 0.26}
{'loss': 1.7772, 'grad_norm': 0.260869562625885, 'learning_rate': 0.000189184, 'epoch': 0.27}
{'loss': 1.7584, 'grad_norm': 0.2725182771682739, 'learning_rate': 0.00018854400000000002, 'epoch': 0.29}
{'loss': 1.7292, 'grad_norm': 0.24708981812000275, 'learning_rate': 0.00018790400000000002, 'epoch': 0.3}
{'loss': 1.782, 'grad_norm': 0.23527732491493225, 'learning_rate': 0.00018726400000000003, 'epoch': 0.32}
{'loss': 1.7864, 'grad_norm': 0.2704443633556366, 'learning_rate': 0.000186624, 'epoch': 0.34}
{'loss': 1.7705, 'grad_norm': 0.27053627371788025, 'learning_rate': 0.00018598400000000001, 'epoch': 0.35}
{'loss': 1.7468, 'grad_norm': 0.2714293301105499, 'learning_rate': 0.00018534400000000002, 'epoch': 0.37}
{'loss': 1.7821, 'grad_norm': 0.3125634789466858, 'learning_rate': 0.000184704, 'epoch': 0.38}
{'loss': 1.8204, 'grad_norm': 0.2444806843996048, 'learning_rate': 0.000184064, 'epoch': 0.4}
{'loss': 1.7531, 'grad_norm': 0.23932138085365295, 'learning_rate': 0.000183424, 'epoch': 0.42}
{'loss': 1.7542, 'grad_norm': 0.2342243641614914, 'learning_rate': 0.000182784, 'epoch': 0.43}
{'loss': 1.7837, 'grad_norm': 0.2713952660560608, 'learning_rate': 0.000182144, 'epoch': 0.45}
{'loss': 1.7684, 'grad_norm': 0.26551374793052673, 'learning_rate': 0.000181504, 'epoch': 0.46}
{'loss': 1.7698, 'grad_norm': 0.2859903573989868, 'learning_rate': 0.000180864, 'epoch': 0.48}
{'loss': 1.7594, 'grad_norm': 0.2579587697982788, 'learning_rate': 0.00018022400000000001, 'epoch': 0.5}
{'loss': 1.7374, 'grad_norm': 0.26995140314102173, 'learning_rate': 0.00017958400000000002, 'epoch': 0.51}
{'loss': 1.7645, 'grad_norm': 0.2685025930404663, 'learning_rate': 0.000178944, 'epoch': 0.53}
{'loss': 1.7913, 'grad_norm': 0.28950774669647217, 'learning_rate': 0.000178304, 'epoch': 0.54}
{'loss': 1.7625, 'grad_norm': 0.2583726644515991, 'learning_rate': 0.000177664, 'epoch': 0.56}
{'loss': 1.8164, 'grad_norm': 0.2713833153247833, 'learning_rate': 0.00017702400000000002, 'epoch': 0.58}
{'loss': 1.7165, 'grad_norm': 0.27208584547042847, 'learning_rate': 0.00017638400000000002, 'epoch': 0.59}
{'loss': 1.7511, 'grad_norm': 0.29246649146080017, 'learning_rate': 0.000175744, 'epoch': 0.61}
{'loss': 1.7639, 'grad_norm': 0.28186261653900146, 'learning_rate': 0.000175104, 'epoch': 0.62}
{'loss': 1.8049, 'grad_norm': 0.3162703216075897, 'learning_rate': 0.00017446400000000002, 'epoch': 0.64}
{'loss': 1.7853, 'grad_norm': 0.2982436418533325, 'learning_rate': 0.00017382400000000002, 'epoch': 0.66}
{'loss': 1.7488, 'grad_norm': 0.5039640069007874, 'learning_rate': 0.000173184, 'epoch': 0.67}
{'loss': 1.7272, 'grad_norm': 0.27063876390457153, 'learning_rate': 0.000172544, 'epoch': 0.69}
{'loss': 1.7185, 'grad_norm': 0.29148101806640625, 'learning_rate': 0.00017190399999999999, 'epoch': 0.7}
{'loss': 1.8115, 'grad_norm': 0.265809565782547, 'learning_rate': 0.000171264, 'epoch': 0.72}
{'loss': 1.7403, 'grad_norm': 0.38471803069114685, 'learning_rate': 0.000170624, 'epoch': 0.74}
{'loss': 1.7448, 'grad_norm': 0.25492602586746216, 'learning_rate': 0.000169984, 'epoch': 0.75}
{'loss': 1.6895, 'grad_norm': 0.26415857672691345, 'learning_rate': 0.000169344, 'epoch': 0.77}
{'loss': 1.798, 'grad_norm': 0.3548602759838104, 'learning_rate': 0.00016870400000000002, 'epoch': 0.78}
{'loss': 1.7723, 'grad_norm': 0.2850046753883362, 'learning_rate': 0.000168064, 'epoch': 0.8}
{'loss': 1.7805, 'grad_norm': 0.2850610017776489, 'learning_rate': 0.000167424, 'epoch': 0.82}
{'loss': 1.7789, 'grad_norm': 0.32750093936920166, 'learning_rate': 0.000166784, 'epoch': 0.83}
{'loss': 1.7707, 'grad_norm': 0.3282897174358368, 'learning_rate': 0.00016614400000000001, 'epoch': 0.85}
{'loss': 1.7794, 'grad_norm': 0.2914847731590271, 'learning_rate': 0.00016550400000000002, 'epoch': 0.86}
{'loss': 1.7035, 'grad_norm': 0.2754341959953308, 'learning_rate': 0.00016486400000000003, 'epoch': 0.88}
{'loss': 1.7557, 'grad_norm': 0.2719751000404358, 'learning_rate': 0.000164224, 'epoch': 0.9}
{'loss': 1.7503, 'grad_norm': 0.2853497266769409, 'learning_rate': 0.000163584, 'epoch': 0.91}
{'loss': 1.7481, 'grad_norm': 0.36269864439964294, 'learning_rate': 0.00016294400000000002, 'epoch': 0.93}
{'loss': 1.7176, 'grad_norm': 0.2687087059020996, 'learning_rate': 0.00016230400000000002, 'epoch': 0.94}
{'loss': 1.7187, 'grad_norm': 0.29461202025413513, 'learning_rate': 0.000161664, 'epoch': 0.96}
{'loss': 1.7674, 'grad_norm': 0.2763213813304901, 'learning_rate': 0.000161024, 'epoch': 0.98}
{'loss': 1.7767, 'grad_norm': 0.3176049590110779, 'learning_rate': 0.000160384, 'epoch': 0.99}
{'loss': 1.7062, 'grad_norm': 0.3192856013774872, 'learning_rate': 0.000159744, 'epoch': 1.01}
{'loss': 1.6905, 'grad_norm': 0.3244284391403198, 'learning_rate': 0.000159104, 'epoch': 1.02}
{'loss': 1.694, 'grad_norm': 0.33294039964675903, 'learning_rate': 0.000158464, 'epoch': 1.04}
{'loss': 1.6946, 'grad_norm': 0.38448062539100647, 'learning_rate': 0.000157824, 'epoch': 1.06}
{'loss': 1.7001, 'grad_norm': 0.35819560289382935, 'learning_rate': 0.000157184, 'epoch': 1.07}
{'loss': 1.682, 'grad_norm': 0.35793375968933105, 'learning_rate': 0.000156544, 'epoch': 1.09}
{'loss': 1.7153, 'grad_norm': 0.3816806375980377, 'learning_rate': 0.000155904, 'epoch': 1.1}
{'loss': 1.708, 'grad_norm': 0.40008264780044556, 'learning_rate': 0.000155264, 'epoch': 1.12}
{'loss': 1.7233, 'grad_norm': 0.38222119212150574, 'learning_rate': 0.00015462400000000002, 'epoch': 1.14}
{'loss': 1.6697, 'grad_norm': 0.37005966901779175, 'learning_rate': 0.00015398400000000002, 'epoch': 1.15}
{'loss': 1.6651, 'grad_norm': 0.3822486996650696, 'learning_rate': 0.000153344, 'epoch': 1.17}
{'loss': 1.7013, 'grad_norm': 0.36706817150115967, 'learning_rate': 0.000152704, 'epoch': 1.18}
{'loss': 1.664, 'grad_norm': 0.39192628860473633, 'learning_rate': 0.000152064, 'epoch': 1.2}
{'loss': 1.7541, 'grad_norm': 0.3699200749397278, 'learning_rate': 0.00015142400000000002, 'epoch': 1.22}
{'loss': 1.6499, 'grad_norm': 0.440101683139801, 'learning_rate': 0.00015078400000000003, 'epoch': 1.23}
{'loss': 1.7005, 'grad_norm': 0.4193570017814636, 'learning_rate': 0.000150144, 'epoch': 1.25}
{'loss': 1.679, 'grad_norm': 0.39696744084358215, 'learning_rate': 0.000149504, 'epoch': 1.26}
{'loss': 1.6721, 'grad_norm': 0.4303182363510132, 'learning_rate': 0.00014886400000000002, 'epoch': 1.28}
{'loss': 1.7362, 'grad_norm': 0.3878032863140106, 'learning_rate': 0.000148224, 'epoch': 1.3}
{'loss': 1.6954, 'grad_norm': 0.4399416744709015, 'learning_rate': 0.000147584, 'epoch': 1.31}
{'loss': 1.7121, 'grad_norm': 0.42474690079689026, 'learning_rate': 0.000146944, 'epoch': 1.33}
{'loss': 1.7278, 'grad_norm': 0.46783629059791565, 'learning_rate': 0.000146304, 'epoch': 1.34}
{'loss': 1.7069, 'grad_norm': 0.42839089035987854, 'learning_rate': 0.000145664, 'epoch': 1.36}
{'loss': 1.6926, 'grad_norm': 0.4970797002315521, 'learning_rate': 0.000145024, 'epoch': 1.38}
{'loss': 1.6776, 'grad_norm': 0.41863760352134705, 'learning_rate': 0.000144384, 'epoch': 1.39}
{'loss': 1.6606, 'grad_norm': 0.4090827405452728, 'learning_rate': 0.000143744, 'epoch': 1.41}
{'loss': 1.6898, 'grad_norm': 0.47881340980529785, 'learning_rate': 0.00014310400000000002, 'epoch': 1.42}
{'loss': 1.751, 'grad_norm': 0.4148857891559601, 'learning_rate': 0.000142464, 'epoch': 1.44}
{'loss': 1.6973, 'grad_norm': 0.43848660588264465, 'learning_rate': 0.000141824, 'epoch': 1.46}
{'loss': 1.673, 'grad_norm': 0.39986518025398254, 'learning_rate': 0.000141184, 'epoch': 1.47}
{'loss': 1.6872, 'grad_norm': 0.4286183714866638, 'learning_rate': 0.00014054400000000002, 'epoch': 1.49}
{'loss': 1.6603, 'grad_norm': 0.4189107120037079, 'learning_rate': 0.00013990400000000002, 'epoch': 1.5}
{'loss': 1.6722, 'grad_norm': 0.4670701324939728, 'learning_rate': 0.00013926400000000003, 'epoch': 1.52}
{'loss': 1.6674, 'grad_norm': 0.4046125113964081, 'learning_rate': 0.000138624, 'epoch': 1.54}
{'loss': 1.675, 'grad_norm': 0.44253501296043396, 'learning_rate': 0.000137984, 'epoch': 1.55}
{'loss': 1.7391, 'grad_norm': 0.4249434769153595, 'learning_rate': 0.00013734400000000002, 'epoch': 1.57}
{'loss': 1.7847, 'grad_norm': 0.41207456588745117, 'learning_rate': 0.000136704, 'epoch': 1.58}
{'loss': 1.7224, 'grad_norm': 0.43421536684036255, 'learning_rate': 0.000136064, 'epoch': 1.6}
{'loss': 1.6535, 'grad_norm': 0.5156500339508057, 'learning_rate': 0.000135424, 'epoch': 1.62}
{'loss': 1.695, 'grad_norm': 0.43699195981025696, 'learning_rate': 0.000134784, 'epoch': 1.63}
{'loss': 1.6698, 'grad_norm': 0.4258272051811218, 'learning_rate': 0.000134144, 'epoch': 1.65}
{'loss': 1.7422, 'grad_norm': 0.40485793352127075, 'learning_rate': 0.000133504, 'epoch': 1.66}
{'loss': 1.7045, 'grad_norm': 0.3804126977920532, 'learning_rate': 0.000132864, 'epoch': 1.68}
{'loss': 1.636, 'grad_norm': 0.4094800651073456, 'learning_rate': 0.000132224, 'epoch': 1.7}
{'loss': 1.7079, 'grad_norm': 0.44813480973243713, 'learning_rate': 0.000131584, 'epoch': 1.71}
{'loss': 1.7212, 'grad_norm': 0.41843536496162415, 'learning_rate': 0.000130944, 'epoch': 1.73}
{'loss': 1.7259, 'grad_norm': 0.4209721088409424, 'learning_rate': 0.000130304, 'epoch': 1.74}
{'loss': 1.6655, 'grad_norm': 0.4106520712375641, 'learning_rate': 0.000129664, 'epoch': 1.76}
{'loss': 1.747, 'grad_norm': 0.3951394855976105, 'learning_rate': 0.00012902400000000002, 'epoch': 1.78}
{'loss': 1.7138, 'grad_norm': 0.43643924593925476, 'learning_rate': 0.00012838400000000002, 'epoch': 1.79}
{'loss': 1.6602, 'grad_norm': 0.4395468235015869, 'learning_rate': 0.000127744, 'epoch': 1.81}
{'loss': 1.696, 'grad_norm': 0.48406174778938293, 'learning_rate': 0.000127104, 'epoch': 1.82}
{'loss': 1.6815, 'grad_norm': 0.45888271927833557, 'learning_rate': 0.00012646400000000001, 'epoch': 1.84}
{'loss': 1.6666, 'grad_norm': 0.4522416591644287, 'learning_rate': 0.00012582400000000002, 'epoch': 1.86}
{'loss': 1.7009, 'grad_norm': 0.4247927665710449, 'learning_rate': 0.000125184, 'epoch': 1.87}
{'loss': 1.6718, 'grad_norm': 0.4132792353630066, 'learning_rate': 0.000124544, 'epoch': 1.89}
{'loss': 1.6747, 'grad_norm': 0.4807107746601105, 'learning_rate': 0.00012390399999999998, 'epoch': 1.9}
{'loss': 1.7013, 'grad_norm': 0.41784435510635376, 'learning_rate': 0.000123264, 'epoch': 1.92}
{'loss': 1.7021, 'grad_norm': 0.4208591878414154, 'learning_rate': 0.000122624, 'epoch': 1.94}
{'loss': 1.727, 'grad_norm': 0.4696219563484192, 'learning_rate': 0.000121984, 'epoch': 1.95}
{'loss': 1.6795, 'grad_norm': 0.44398486614227295, 'learning_rate': 0.00012134400000000001, 'epoch': 1.97}
{'loss': 1.6229, 'grad_norm': 0.41764429211616516, 'learning_rate': 0.00012070399999999999, 'epoch': 1.98}
{'loss': 1.666, 'grad_norm': 0.4066084921360016, 'learning_rate': 0.000120064, 'epoch': 2.0}
{'loss': 1.6053, 'grad_norm': 0.4804076552391052, 'learning_rate': 0.000119424, 'epoch': 2.02}
{'loss': 1.6149, 'grad_norm': 0.4907739758491516, 'learning_rate': 0.000118784, 'epoch': 2.03}
{'loss': 1.5443, 'grad_norm': 0.45118772983551025, 'learning_rate': 0.00011814400000000001, 'epoch': 2.05}
{'loss': 1.6015, 'grad_norm': 0.538957953453064, 'learning_rate': 0.00011750400000000002, 'epoch': 2.06}
{'loss': 1.6255, 'grad_norm': 0.4819509983062744, 'learning_rate': 0.000116864, 'epoch': 2.08}
{'loss': 1.6619, 'grad_norm': 0.4819639027118683, 'learning_rate': 0.000116224, 'epoch': 2.1}
{'loss': 1.6214, 'grad_norm': 0.530252993106842, 'learning_rate': 0.00011558400000000001, 'epoch': 2.11}
{'loss': 1.6194, 'grad_norm': 0.578984797000885, 'learning_rate': 0.000114944, 'epoch': 2.13}
{'loss': 1.5903, 'grad_norm': 0.5442571640014648, 'learning_rate': 0.00011430400000000001, 'epoch': 2.14}
{'loss': 1.573, 'grad_norm': 0.516390860080719, 'learning_rate': 0.00011366400000000001, 'epoch': 2.16}
{'loss': 1.6363, 'grad_norm': 0.5260459780693054, 'learning_rate': 0.000113024, 'epoch': 2.18}
{'loss': 1.6596, 'grad_norm': 0.555253267288208, 'learning_rate': 0.000112384, 'epoch': 2.19}
{'loss': 1.6693, 'grad_norm': 0.5823519825935364, 'learning_rate': 0.000111744, 'epoch': 2.21}
{'loss': 1.6352, 'grad_norm': 0.5405314564704895, 'learning_rate': 0.00011110400000000001, 'epoch': 2.22}
{'loss': 1.6436, 'grad_norm': 0.5453200936317444, 'learning_rate': 0.00011046400000000002, 'epoch': 2.24}
{'loss': 1.6008, 'grad_norm': 0.598495364189148, 'learning_rate': 0.00010982400000000001, 'epoch': 2.26}
{'loss': 1.6006, 'grad_norm': 0.5817496180534363, 'learning_rate': 0.000109184, 'epoch': 2.27}
{'loss': 1.6578, 'grad_norm': 0.5657961964607239, 'learning_rate': 0.000108544, 'epoch': 2.29}
{'loss': 1.6156, 'grad_norm': 0.6105852723121643, 'learning_rate': 0.000107904, 'epoch': 2.3}
{'loss': 1.6163, 'grad_norm': 0.5369282960891724, 'learning_rate': 0.00010726400000000001, 'epoch': 2.32}
{'loss': 1.568, 'grad_norm': 0.5414219498634338, 'learning_rate': 0.00010662400000000001, 'epoch': 2.34}
{'loss': 1.6594, 'grad_norm': 0.6110580563545227, 'learning_rate': 0.000105984, 'epoch': 2.35}
{'loss': 1.6332, 'grad_norm': 0.49851033091545105, 'learning_rate': 0.000105344, 'epoch': 2.37}
{'loss': 1.6537, 'grad_norm': 0.6164767146110535, 'learning_rate': 0.000104704, 'epoch': 2.38}
{'loss': 1.6058, 'grad_norm': 0.5119826793670654, 'learning_rate': 0.00010406400000000001, 'epoch': 2.4}
{'loss': 1.6662, 'grad_norm': 0.5587156414985657, 'learning_rate': 0.000103424, 'epoch': 2.42}
{'loss': 1.54, 'grad_norm': 0.5288016200065613, 'learning_rate': 0.00010278400000000001, 'epoch': 2.43}
{'loss': 1.6447, 'grad_norm': 0.5729846954345703, 'learning_rate': 0.00010214399999999999, 'epoch': 2.45}
{'loss': 1.6003, 'grad_norm': 0.6649083495140076, 'learning_rate': 0.000101504, 'epoch': 2.46}
{'loss': 1.6446, 'grad_norm': 0.6613265872001648, 'learning_rate': 0.000100864, 'epoch': 2.48}
{'loss': 1.6144, 'grad_norm': 0.5217663645744324, 'learning_rate': 0.00010022400000000001, 'epoch': 2.5}
{'loss': 1.5688, 'grad_norm': 0.6434280872344971, 'learning_rate': 9.9584e-05, 'epoch': 2.51}
{'loss': 1.61, 'grad_norm': 0.5662876963615417, 'learning_rate': 9.8944e-05, 'epoch': 2.53}
{'loss': 1.6248, 'grad_norm': 0.5323895812034607, 'learning_rate': 9.830400000000001e-05, 'epoch': 2.54}
{'loss': 1.5924, 'grad_norm': 0.5539789795875549, 'learning_rate': 9.7664e-05, 'epoch': 2.56}
{'loss': 1.5455, 'grad_norm': 0.5793851613998413, 'learning_rate': 9.7024e-05, 'epoch': 2.58}
{'loss': 1.6072, 'grad_norm': 0.5619118213653564, 'learning_rate': 9.6384e-05, 'epoch': 2.59}
{'loss': 1.6283, 'grad_norm': 0.695270836353302, 'learning_rate': 9.5744e-05, 'epoch': 2.61}
{'loss': 1.6445, 'grad_norm': 0.556022584438324, 'learning_rate': 9.5104e-05, 'epoch': 2.62}
{'loss': 1.6959, 'grad_norm': 0.6430215239524841, 'learning_rate': 9.446400000000001e-05, 'epoch': 2.64}
{'loss': 1.6582, 'grad_norm': 0.6721392869949341, 'learning_rate': 9.3824e-05, 'epoch': 2.66}
{'loss': 1.5735, 'grad_norm': 0.5964314341545105, 'learning_rate': 9.318400000000001e-05, 'epoch': 2.67}
{'loss': 1.6171, 'grad_norm': 0.6037160754203796, 'learning_rate': 9.254400000000001e-05, 'epoch': 2.69}
{'loss': 1.5907, 'grad_norm': 0.5378749370574951, 'learning_rate': 9.1904e-05, 'epoch': 2.7}
{'loss': 1.6292, 'grad_norm': 0.5531526803970337, 'learning_rate': 9.1264e-05, 'epoch': 2.72}
{'loss': 1.5905, 'grad_norm': 0.6464782953262329, 'learning_rate': 9.0624e-05, 'epoch': 2.74}
{'loss': 1.609, 'grad_norm': 0.6490155458450317, 'learning_rate': 8.9984e-05, 'epoch': 2.75}
{'loss': 1.6124, 'grad_norm': 0.6052839756011963, 'learning_rate': 8.9344e-05, 'epoch': 2.77}
{'loss': 1.6912, 'grad_norm': 0.6212320327758789, 'learning_rate': 8.870400000000001e-05, 'epoch': 2.78}
{'loss': 1.6047, 'grad_norm': 0.9375858306884766, 'learning_rate': 8.8064e-05, 'epoch': 2.8}
{'loss': 1.5943, 'grad_norm': 0.6203354597091675, 'learning_rate': 8.742400000000001e-05, 'epoch': 2.82}
{'loss': 1.5926, 'grad_norm': 0.5727004408836365, 'learning_rate': 8.6784e-05, 'epoch': 2.83}
{'loss': 1.6352, 'grad_norm': 0.5030932426452637, 'learning_rate': 8.614400000000001e-05, 'epoch': 2.85}
{'loss': 1.6384, 'grad_norm': 0.579691469669342, 'learning_rate': 8.5504e-05, 'epoch': 2.86}
{'loss': 1.5688, 'grad_norm': 0.6714531183242798, 'learning_rate': 8.486399999999999e-05, 'epoch': 2.88}
{'loss': 1.6042, 'grad_norm': 0.6361286044120789, 'learning_rate': 8.4224e-05, 'epoch': 2.9}
{'loss': 1.6019, 'grad_norm': 0.663031816482544, 'learning_rate': 8.3584e-05, 'epoch': 2.91}
{'loss': 1.5755, 'grad_norm': 0.5911135673522949, 'learning_rate': 8.2944e-05, 'epoch': 2.93}
{'loss': 1.5958, 'grad_norm': 0.5931525230407715, 'learning_rate': 8.2304e-05, 'epoch': 2.94}
{'loss': 1.6455, 'grad_norm': 0.6228444576263428, 'learning_rate': 8.166400000000001e-05, 'epoch': 2.96}
{'loss': 1.585, 'grad_norm': 0.5277650356292725, 'learning_rate': 8.1024e-05, 'epoch': 2.98}
{'loss': 1.6318, 'grad_norm': 0.5494703054428101, 'learning_rate': 8.038400000000001e-05, 'epoch': 2.99}
{'loss': 1.5897, 'grad_norm': 0.5559930205345154, 'learning_rate': 7.9744e-05, 'epoch': 3.01}
{'loss': 1.5675, 'grad_norm': 0.5961315631866455, 'learning_rate': 7.910400000000001e-05, 'epoch': 3.02}
{'loss': 1.5028, 'grad_norm': 0.614800751209259, 'learning_rate': 7.8464e-05, 'epoch': 3.04}
{'loss': 1.5723, 'grad_norm': 0.6602863073348999, 'learning_rate': 7.7824e-05, 'epoch': 3.06}
{'loss': 1.585, 'grad_norm': 0.6055523753166199, 'learning_rate': 7.7184e-05, 'epoch': 3.07}
{'loss': 1.5406, 'grad_norm': 0.6492098569869995, 'learning_rate': 7.6544e-05, 'epoch': 3.09}
{'loss': 1.51, 'grad_norm': 0.709169864654541, 'learning_rate': 7.590400000000001e-05, 'epoch': 3.1}
{'loss': 1.5378, 'grad_norm': 0.7048740386962891, 'learning_rate': 7.5264e-05, 'epoch': 3.12}
{'loss': 1.5895, 'grad_norm': 0.767815887928009, 'learning_rate': 7.462400000000001e-05, 'epoch': 3.14}
{'loss': 1.597, 'grad_norm': 0.6559506058692932, 'learning_rate': 7.398400000000002e-05, 'epoch': 3.15}
{'loss': 1.5404, 'grad_norm': 0.7545275688171387, 'learning_rate': 7.334400000000001e-05, 'epoch': 3.17}
{'loss': 1.5501, 'grad_norm': 0.717579185962677, 'learning_rate': 7.2704e-05, 'epoch': 3.18}
{'loss': 1.5677, 'grad_norm': 0.6538758873939514, 'learning_rate': 7.206399999999999e-05, 'epoch': 3.2}
{'loss': 1.5386, 'grad_norm': 0.678280234336853, 'learning_rate': 7.1424e-05, 'epoch': 3.22}
{'loss': 1.5408, 'grad_norm': 0.7061510682106018, 'learning_rate': 7.0784e-05, 'epoch': 3.23}
{'loss': 1.5847, 'grad_norm': 0.679927408695221, 'learning_rate': 7.0144e-05, 'epoch': 3.25}
{'loss': 1.5622, 'grad_norm': 1.1720693111419678, 'learning_rate': 6.9504e-05, 'epoch': 3.26}
{'loss': 1.6092, 'grad_norm': 0.6859660744667053, 'learning_rate': 6.886400000000001e-05, 'epoch': 3.28}
{'loss': 1.5388, 'grad_norm': 0.6938421726226807, 'learning_rate': 6.8224e-05, 'epoch': 3.3}
{'loss': 1.6034, 'grad_norm': 0.7960523366928101, 'learning_rate': 6.758400000000001e-05, 'epoch': 3.31}
{'loss': 1.57, 'grad_norm': 0.6817010045051575, 'learning_rate': 6.6944e-05, 'epoch': 3.33}
{'loss': 1.5732, 'grad_norm': 0.713744580745697, 'learning_rate': 6.6304e-05, 'epoch': 3.34}
{'loss': 1.5034, 'grad_norm': 0.7102643847465515, 'learning_rate': 6.5664e-05, 'epoch': 3.36}
{'loss': 1.5867, 'grad_norm': 0.703194797039032, 'learning_rate': 6.5024e-05, 'epoch': 3.38}
{'loss': 1.4853, 'grad_norm': 0.7798023223876953, 'learning_rate': 6.4384e-05, 'epoch': 3.39}
{'loss': 1.552, 'grad_norm': 0.7412826418876648, 'learning_rate': 6.3744e-05, 'epoch': 3.41}
{'loss': 1.6365, 'grad_norm': 0.7059835195541382, 'learning_rate': 6.310400000000001e-05, 'epoch': 3.42}
{'loss': 1.5156, 'grad_norm': 0.6301701068878174, 'learning_rate': 6.2464e-05, 'epoch': 3.44}
{'loss': 1.5299, 'grad_norm': 0.6834152340888977, 'learning_rate': 6.182400000000001e-05, 'epoch': 3.46}
{'loss': 1.5676, 'grad_norm': 0.7336402535438538, 'learning_rate': 6.1184e-05, 'epoch': 3.47}
{'loss': 1.5237, 'grad_norm': 0.6661317944526672, 'learning_rate': 6.0544e-05, 'epoch': 3.49}
{'loss': 1.5723, 'grad_norm': 0.7707781791687012, 'learning_rate': 5.990400000000001e-05, 'epoch': 3.5}
{'loss': 1.5426, 'grad_norm': 0.668617844581604, 'learning_rate': 5.9264e-05, 'epoch': 3.52}
{'loss': 1.4924, 'grad_norm': 0.6752864122390747, 'learning_rate': 5.8624e-05, 'epoch': 3.54}
{'loss': 1.574, 'grad_norm': 0.785121500492096, 'learning_rate': 5.7984000000000006e-05, 'epoch': 3.55}
{'loss': 1.5457, 'grad_norm': 0.6543939113616943, 'learning_rate': 5.7344e-05, 'epoch': 3.57}
{'loss': 1.5667, 'grad_norm': 0.6531611680984497, 'learning_rate': 5.6704000000000005e-05, 'epoch': 3.58}
{'loss': 1.506, 'grad_norm': 0.7331867814064026, 'learning_rate': 5.6064000000000004e-05, 'epoch': 3.6}
{'loss': 1.5981, 'grad_norm': 0.665136456489563, 'learning_rate': 5.5423999999999997e-05, 'epoch': 3.62}
{'loss': 1.5029, 'grad_norm': 0.7014878988265991, 'learning_rate': 5.4784e-05, 'epoch': 3.63}
{'loss': 1.5216, 'grad_norm': 0.7700870633125305, 'learning_rate': 5.414400000000001e-05, 'epoch': 3.65}
{'loss': 1.53, 'grad_norm': 0.8558714389801025, 'learning_rate': 5.3504e-05, 'epoch': 3.66}
{'loss': 1.5346, 'grad_norm': 0.7132883071899414, 'learning_rate': 5.2864e-05, 'epoch': 3.68}
{'loss': 1.5693, 'grad_norm': 0.7049205303192139, 'learning_rate': 5.222400000000001e-05, 'epoch': 3.7}
{'loss': 1.5976, 'grad_norm': 0.7561346292495728, 'learning_rate': 5.1584e-05, 'epoch': 3.71}
{'loss': 1.5282, 'grad_norm': 0.6546708941459656, 'learning_rate': 5.0944000000000006e-05, 'epoch': 3.73}
{'loss': 1.4647, 'grad_norm': 0.6550260186195374, 'learning_rate': 5.0304000000000005e-05, 'epoch': 3.74}
{'loss': 1.5454, 'grad_norm': 0.6345544457435608, 'learning_rate': 4.9664000000000004e-05, 'epoch': 3.76}
{'loss': 1.5822, 'grad_norm': 0.7515823245048523, 'learning_rate': 4.9024000000000004e-05, 'epoch': 3.78}
{'loss': 1.5358, 'grad_norm': 0.7011200785636902, 'learning_rate': 4.8384e-05, 'epoch': 3.79}
{'loss': 1.5912, 'grad_norm': 0.7636756896972656, 'learning_rate': 4.7744e-05, 'epoch': 3.81}
{'loss': 1.5013, 'grad_norm': 0.7381448745727539, 'learning_rate': 4.7104e-05, 'epoch': 3.82}
{'loss': 1.4919, 'grad_norm': 0.7160632610321045, 'learning_rate': 4.6464e-05, 'epoch': 3.84}
{'loss': 1.5159, 'grad_norm': 0.8338664174079895, 'learning_rate': 4.5824e-05, 'epoch': 3.86}
{'loss': 1.5471, 'grad_norm': 0.7249046564102173, 'learning_rate': 4.5184000000000006e-05, 'epoch': 3.87}
{'loss': 1.5762, 'grad_norm': 0.7793492674827576, 'learning_rate': 4.4544e-05, 'epoch': 3.89}
{'loss': 1.5587, 'grad_norm': 0.8002456426620483, 'learning_rate': 4.3904e-05, 'epoch': 3.9}
{'loss': 1.5253, 'grad_norm': 0.758915364742279, 'learning_rate': 4.3264000000000005e-05, 'epoch': 3.92}
{'loss': 1.5105, 'grad_norm': 0.8117628693580627, 'learning_rate': 4.2624000000000004e-05, 'epoch': 3.94}
{'loss': 1.5262, 'grad_norm': 0.7987351417541504, 'learning_rate': 4.1984e-05, 'epoch': 3.95}
{'loss': 1.5599, 'grad_norm': 0.7650673389434814, 'learning_rate': 4.1344e-05, 'epoch': 3.97}
{'loss': 1.5963, 'grad_norm': 0.8266918659210205, 'learning_rate': 4.0704e-05, 'epoch': 3.98}
{'loss': 1.541, 'grad_norm': 0.7470446825027466, 'learning_rate': 4.0064e-05, 'epoch': 4.0}
{'loss': 1.4551, 'grad_norm': 0.6170862317085266, 'learning_rate': 3.9424e-05, 'epoch': 4.02}
{'loss': 1.5222, 'grad_norm': 0.77569180727005, 'learning_rate': 3.878400000000001e-05, 'epoch': 4.03}
{'loss': 1.5823, 'grad_norm': 0.7406018972396851, 'learning_rate': 3.8144e-05, 'epoch': 4.05}
{'loss': 1.4729, 'grad_norm': 0.7766386270523071, 'learning_rate': 3.7504e-05, 'epoch': 4.06}
{'loss': 1.4436, 'grad_norm': 0.7815362215042114, 'learning_rate': 3.6864000000000005e-05, 'epoch': 4.08}
{'loss': 1.5182, 'grad_norm': 0.9485129117965698, 'learning_rate': 3.6224000000000004e-05, 'epoch': 4.1}
{'loss': 1.491, 'grad_norm': 0.7975488901138306, 'learning_rate': 3.5584000000000004e-05, 'epoch': 4.11}
{'loss': 1.5064, 'grad_norm': 0.9378533363342285, 'learning_rate': 3.4943999999999996e-05, 'epoch': 4.13}
{'loss': 1.4318, 'grad_norm': 0.7889769673347473, 'learning_rate': 3.4304e-05, 'epoch': 4.14}
{'loss': 1.4878, 'grad_norm': 0.7842833995819092, 'learning_rate': 3.3664e-05, 'epoch': 4.16}
{'loss': 1.5425, 'grad_norm': 0.8664174675941467, 'learning_rate': 3.3024e-05, 'epoch': 4.18}
{'loss': 1.5409, 'grad_norm': 0.7129321098327637, 'learning_rate': 3.2384e-05, 'epoch': 4.19}
{'loss': 1.4614, 'grad_norm': 0.810695230960846, 'learning_rate': 3.1744e-05, 'epoch': 4.21}
{'loss': 1.5445, 'grad_norm': 0.7744588851928711, 'learning_rate': 3.1104e-05, 'epoch': 4.22}
{'loss': 1.4405, 'grad_norm': 0.7783814072608948, 'learning_rate': 3.0464000000000005e-05, 'epoch': 4.24}
{'loss': 1.5323, 'grad_norm': 0.9016858339309692, 'learning_rate': 2.9824e-05, 'epoch': 4.26}
{'loss': 1.495, 'grad_norm': 0.6723436713218689, 'learning_rate': 2.9184e-05, 'epoch': 4.27}
{'loss': 1.5112, 'grad_norm': 0.825652003288269, 'learning_rate': 2.8544000000000003e-05, 'epoch': 4.29}
{'loss': 1.5055, 'grad_norm': 0.8078998327255249, 'learning_rate': 2.7904000000000003e-05, 'epoch': 4.3}
{'loss': 1.4635, 'grad_norm': 0.8598530292510986, 'learning_rate': 2.7264000000000002e-05, 'epoch': 4.32}
{'loss': 1.4969, 'grad_norm': 0.8191478848457336, 'learning_rate': 2.6623999999999998e-05, 'epoch': 4.34}
{'loss': 1.5113, 'grad_norm': 0.7885765433311462, 'learning_rate': 2.5984000000000004e-05, 'epoch': 4.35}
{'loss': 1.5419, 'grad_norm': 0.75578373670578, 'learning_rate': 2.5344e-05, 'epoch': 4.37}
{'loss': 1.4529, 'grad_norm': 0.78046715259552, 'learning_rate': 2.4704000000000003e-05, 'epoch': 4.38}
{'loss': 1.4626, 'grad_norm': 0.7147630453109741, 'learning_rate': 2.4064000000000002e-05, 'epoch': 4.4}
{'loss': 1.5519, 'grad_norm': 0.9027987718582153, 'learning_rate': 2.3424e-05, 'epoch': 4.42}
{'loss': 1.4918, 'grad_norm': 0.8656867146492004, 'learning_rate': 2.2784e-05, 'epoch': 4.43}
{'loss': 1.5123, 'grad_norm': 0.7697229385375977, 'learning_rate': 2.2144e-05, 'epoch': 4.45}
{'loss': 1.4687, 'grad_norm': 0.7352097034454346, 'learning_rate': 2.1504000000000003e-05, 'epoch': 4.46}
{'loss': 1.4876, 'grad_norm': 0.7905662655830383, 'learning_rate': 2.0864e-05, 'epoch': 4.48}
{'loss': 1.4533, 'grad_norm': 0.8857744336128235, 'learning_rate': 2.0224e-05, 'epoch': 4.5}
{'loss': 1.5103, 'grad_norm': 0.9813469648361206, 'learning_rate': 1.9584e-05, 'epoch': 4.51}
{'loss': 1.5779, 'grad_norm': 0.8286803960800171, 'learning_rate': 1.8944e-05, 'epoch': 4.53}
{'loss': 1.5057, 'grad_norm': 0.7664641737937927, 'learning_rate': 1.8304000000000003e-05, 'epoch': 4.54}
{'loss': 1.5256, 'grad_norm': 0.8500388264656067, 'learning_rate': 1.7664e-05, 'epoch': 4.56}
{'loss': 1.4789, 'grad_norm': 0.8459239602088928, 'learning_rate': 1.7024e-05, 'epoch': 4.58}
{'loss': 1.4971, 'grad_norm': 0.8863269686698914, 'learning_rate': 1.6384e-05, 'epoch': 4.59}
{'loss': 1.5011, 'grad_norm': 0.8088613748550415, 'learning_rate': 1.5744e-05, 'epoch': 4.61}
{'loss': 1.5322, 'grad_norm': 0.8023902773857117, 'learning_rate': 1.5104000000000001e-05, 'epoch': 4.62}
{'loss': 1.4263, 'grad_norm': 0.8323401808738708, 'learning_rate': 1.4463999999999999e-05, 'epoch': 4.64}
{'loss': 1.5253, 'grad_norm': 0.8224554657936096, 'learning_rate': 1.3824e-05, 'epoch': 4.66}
{'loss': 1.4986, 'grad_norm': 0.7391058802604675, 'learning_rate': 1.3184000000000001e-05, 'epoch': 4.67}
{'loss': 1.4684, 'grad_norm': 0.7977184057235718, 'learning_rate': 1.2544e-05, 'epoch': 4.69}
{'loss': 1.5127, 'grad_norm': 0.8666775822639465, 'learning_rate': 1.1904000000000002e-05, 'epoch': 4.7}
{'loss': 1.4852, 'grad_norm': 0.8050158023834229, 'learning_rate': 1.1264000000000001e-05, 'epoch': 4.72}
{'loss': 1.4981, 'grad_norm': 0.7325595021247864, 'learning_rate': 1.0624e-05, 'epoch': 4.74}
{'loss': 1.4674, 'grad_norm': 0.8947892189025879, 'learning_rate': 9.984e-06, 'epoch': 4.75}
{'loss': 1.5672, 'grad_norm': 0.6890901327133179, 'learning_rate': 9.344e-06, 'epoch': 4.77}
{'loss': 1.4685, 'grad_norm': 0.9603971242904663, 'learning_rate': 8.704000000000002e-06, 'epoch': 4.78}
{'loss': 1.5196, 'grad_norm': 0.8592439293861389, 'learning_rate': 8.064000000000001e-06, 'epoch': 4.8}
{'loss': 1.4985, 'grad_norm': 0.8272830843925476, 'learning_rate': 7.424e-06, 'epoch': 4.82}
{'loss': 1.5236, 'grad_norm': 0.7899431586265564, 'learning_rate': 6.784e-06, 'epoch': 4.83}
{'loss': 1.5163, 'grad_norm': 0.7766560912132263, 'learning_rate': 6.144000000000001e-06, 'epoch': 4.85}
{'loss': 1.4753, 'grad_norm': 0.8799020051956177, 'learning_rate': 5.504e-06, 'epoch': 4.86}
{'loss': 1.5687, 'grad_norm': 0.9531965255737305, 'learning_rate': 4.864e-06, 'epoch': 4.88}
{'loss': 1.4575, 'grad_norm': 0.9806978106498718, 'learning_rate': 4.2240000000000006e-06, 'epoch': 4.9}
{'loss': 1.4837, 'grad_norm': 0.8910518288612366, 'learning_rate': 3.584e-06, 'epoch': 4.91}
{'loss': 1.5027, 'grad_norm': 0.7056857347488403, 'learning_rate': 2.944e-06, 'epoch': 4.93}
{'loss': 1.4436, 'grad_norm': 0.7991307377815247, 'learning_rate': 2.3040000000000003e-06, 'epoch': 4.94}
{'loss': 1.5013, 'grad_norm': 0.9595322012901306, 'learning_rate': 1.6639999999999999e-06, 'epoch': 4.96}
{'loss': 1.4814, 'grad_norm': 0.9019801020622253, 'learning_rate': 1.024e-06, 'epoch': 4.98}
{'loss': 1.549, 'grad_norm': 0.7717990875244141, 'learning_rate': 3.8400000000000005e-07, 'epoch': 4.99}
{'train_runtime': 2838.2396, 'train_samples_per_second': 4.404, 'train_steps_per_second': 1.101, 'train_loss': 1.626312584991455, 'epoch': 5.0}
   [Save] Saving adapter to /gpfs/data/fs71186/ziegler/ThesisProject/results/adapters/llama2_reuters
   [Config] Detected CLUSTER Environment (Linux).
========================================
   STARTING LORA TRAINING (STANDARD BASE)
   Model:   llama2
   Dataset: darkreddit
========================================
   [Data] Loading dataset...
   [Data] Loading DarkReddit (darkreddit_authorship_attribution_train_anon.jsonl)...
   [Info] Detected keys - Text: 'comment', Author: 'author'
   [Model] Loading Base: /gpfs/data/fs71186/ziegler/ThesisProject/models/Llama-2-7b-hf
trainable params: 4,194,304 || all params: 6,742,609,920 || trainable%: 0.0622
   [Train] Starting training loop...
{'loss': 2.8501, 'grad_norm': 0.30515938997268677, 'learning_rate': 0.00019978885630498534, 'epoch': 0.01}
{'loss': 2.6325, 'grad_norm': 0.474791944026947, 'learning_rate': 0.00019955425219941351, 'epoch': 0.01}
{'loss': 2.5769, 'grad_norm': 0.6406607031822205, 'learning_rate': 0.00019931964809384166, 'epoch': 0.02}
{'loss': 2.6435, 'grad_norm': 0.40579065680503845, 'learning_rate': 0.0001990850439882698, 'epoch': 0.02}
{'loss': 2.6574, 'grad_norm': 0.603606104850769, 'learning_rate': 0.00019885043988269796, 'epoch': 0.03}
{'loss': 2.6344, 'grad_norm': 0.6721068620681763, 'learning_rate': 0.0001986158357771261, 'epoch': 0.04}
{'loss': 2.5228, 'grad_norm': 0.4081517457962036, 'learning_rate': 0.00019838123167155428, 'epoch': 0.04}
{'loss': 2.585, 'grad_norm': 0.986678421497345, 'learning_rate': 0.0001981466275659824, 'epoch': 0.05}
{'loss': 2.6622, 'grad_norm': 0.8565261960029602, 'learning_rate': 0.00019791202346041055, 'epoch': 0.05}
{'loss': 2.6176, 'grad_norm': 0.6527690291404724, 'learning_rate': 0.00019767741935483872, 'epoch': 0.06}
{'loss': 2.5129, 'grad_norm': 0.6555683612823486, 'learning_rate': 0.00019744281524926687, 'epoch': 0.06}
{'loss': 2.5431, 'grad_norm': 0.5738315582275391, 'learning_rate': 0.00019720821114369504, 'epoch': 0.07}
{'loss': 2.5238, 'grad_norm': 0.9003808498382568, 'learning_rate': 0.00019697360703812316, 'epoch': 0.08}
{'loss': 2.5249, 'grad_norm': 0.5834559798240662, 'learning_rate': 0.0001967390029325513, 'epoch': 0.08}
{'loss': 2.4595, 'grad_norm': 0.6387976408004761, 'learning_rate': 0.00019650439882697949, 'epoch': 0.09}
{'loss': 2.6086, 'grad_norm': 0.5315487384796143, 'learning_rate': 0.00019626979472140763, 'epoch': 0.09}
{'loss': 2.5917, 'grad_norm': 0.7638882994651794, 'learning_rate': 0.0001960351906158358, 'epoch': 0.1}
{'loss': 2.4894, 'grad_norm': 0.8620864152908325, 'learning_rate': 0.00019580058651026393, 'epoch': 0.11}
{'loss': 2.4689, 'grad_norm': 0.4979921579360962, 'learning_rate': 0.00019556598240469208, 'epoch': 0.11}
{'loss': 2.4706, 'grad_norm': 0.8187530040740967, 'learning_rate': 0.00019533137829912025, 'epoch': 0.12}
{'loss': 2.565, 'grad_norm': 0.5656065940856934, 'learning_rate': 0.0001950967741935484, 'epoch': 0.12}
{'loss': 2.5858, 'grad_norm': 0.6601728796958923, 'learning_rate': 0.00019486217008797655, 'epoch': 0.13}
{'loss': 2.572, 'grad_norm': 0.574472188949585, 'learning_rate': 0.0001946275659824047, 'epoch': 0.13}
{'loss': 2.5018, 'grad_norm': 0.49129047989845276, 'learning_rate': 0.00019439296187683284, 'epoch': 0.14}
{'loss': 2.4726, 'grad_norm': 0.6610080003738403, 'learning_rate': 0.00019415835777126102, 'epoch': 0.15}
{'loss': 2.4463, 'grad_norm': 0.6528413891792297, 'learning_rate': 0.00019392375366568916, 'epoch': 0.15}
{'loss': 2.4363, 'grad_norm': 0.815260648727417, 'learning_rate': 0.0001936891495601173, 'epoch': 0.16}
{'loss': 2.5161, 'grad_norm': 0.6880995631217957, 'learning_rate': 0.00019345454545454546, 'epoch': 0.16}
{'loss': 2.453, 'grad_norm': 0.8592464923858643, 'learning_rate': 0.0001932199413489736, 'epoch': 0.17}
{'loss': 2.5186, 'grad_norm': 0.7035325169563293, 'learning_rate': 0.00019298533724340178, 'epoch': 0.18}
{'loss': 2.4631, 'grad_norm': 0.767103910446167, 'learning_rate': 0.00019275073313782993, 'epoch': 0.18}
{'loss': 2.5824, 'grad_norm': 0.578258216381073, 'learning_rate': 0.00019251612903225807, 'epoch': 0.19}
{'loss': 2.5314, 'grad_norm': 0.7849388122558594, 'learning_rate': 0.00019228152492668622, 'epoch': 0.19}
{'loss': 2.5862, 'grad_norm': 0.3680625259876251, 'learning_rate': 0.00019204692082111437, 'epoch': 0.2}
{'loss': 2.5061, 'grad_norm': 0.868506133556366, 'learning_rate': 0.00019181231671554254, 'epoch': 0.21}
{'loss': 2.4801, 'grad_norm': 0.5498048067092896, 'learning_rate': 0.0001915777126099707, 'epoch': 0.21}
{'loss': 2.3183, 'grad_norm': 0.6259783506393433, 'learning_rate': 0.00019134310850439884, 'epoch': 0.22}
{'loss': 2.6059, 'grad_norm': 0.5505051612854004, 'learning_rate': 0.000191108504398827, 'epoch': 0.22}
{'loss': 2.4068, 'grad_norm': 0.7053195834159851, 'learning_rate': 0.00019087390029325513, 'epoch': 0.23}
{'loss': 2.5412, 'grad_norm': 0.5244070887565613, 'learning_rate': 0.0001906392961876833, 'epoch': 0.23}
{'loss': 2.4957, 'grad_norm': 0.5277440547943115, 'learning_rate': 0.00019040469208211146, 'epoch': 0.24}
{'loss': 2.5868, 'grad_norm': 0.6954277157783508, 'learning_rate': 0.00019017008797653958, 'epoch': 0.25}
{'loss': 2.4541, 'grad_norm': 0.48849520087242126, 'learning_rate': 0.00018993548387096775, 'epoch': 0.25}
{'loss': 2.5075, 'grad_norm': 0.6320706605911255, 'learning_rate': 0.0001897008797653959, 'epoch': 0.26}
{'loss': 2.5531, 'grad_norm': 0.5647336840629578, 'learning_rate': 0.00018946627565982407, 'epoch': 0.26}
{'loss': 2.4804, 'grad_norm': 0.7058895826339722, 'learning_rate': 0.00018923167155425222, 'epoch': 0.27}
{'loss': 2.4448, 'grad_norm': 0.46146348118782043, 'learning_rate': 0.00018899706744868034, 'epoch': 0.28}
{'loss': 2.3821, 'grad_norm': 0.7525782585144043, 'learning_rate': 0.00018876246334310852, 'epoch': 0.28}
{'loss': 2.6432, 'grad_norm': 1.7401198148727417, 'learning_rate': 0.00018852785923753666, 'epoch': 0.29}
{'loss': 2.5197, 'grad_norm': 0.5529105067253113, 'learning_rate': 0.0001882932551319648, 'epoch': 0.29}
{'loss': 2.442, 'grad_norm': 0.661323606967926, 'learning_rate': 0.00018805865102639299, 'epoch': 0.3}
{'loss': 2.5264, 'grad_norm': 1.1646618843078613, 'learning_rate': 0.0001878240469208211, 'epoch': 0.3}
{'loss': 2.4826, 'grad_norm': 0.5992003083229065, 'learning_rate': 0.00018758944281524928, 'epoch': 0.31}
{'loss': 2.5414, 'grad_norm': 0.9266212582588196, 'learning_rate': 0.00018735483870967743, 'epoch': 0.32}
{'loss': 2.5661, 'grad_norm': 0.5804837346076965, 'learning_rate': 0.00018712023460410558, 'epoch': 0.32}
{'loss': 2.4382, 'grad_norm': 0.5536945462226868, 'learning_rate': 0.00018688563049853372, 'epoch': 0.33}
{'loss': 2.467, 'grad_norm': 0.7245401740074158, 'learning_rate': 0.00018665102639296187, 'epoch': 0.33}
{'loss': 2.4842, 'grad_norm': 0.8140644431114197, 'learning_rate': 0.00018641642228739005, 'epoch': 0.34}
{'loss': 2.4439, 'grad_norm': 0.4799656569957733, 'learning_rate': 0.0001861818181818182, 'epoch': 0.35}
{'loss': 2.5654, 'grad_norm': 0.9089317917823792, 'learning_rate': 0.00018594721407624634, 'epoch': 0.35}
{'loss': 2.5153, 'grad_norm': 0.7241203784942627, 'learning_rate': 0.0001857126099706745, 'epoch': 0.36}
{'loss': 2.4388, 'grad_norm': 0.5491069555282593, 'learning_rate': 0.00018547800586510264, 'epoch': 0.36}
{'loss': 2.5289, 'grad_norm': 0.6701854467391968, 'learning_rate': 0.0001852434017595308, 'epoch': 0.37}
{'loss': 2.5247, 'grad_norm': 0.44682928919792175, 'learning_rate': 0.00018500879765395896, 'epoch': 0.38}
{'loss': 2.4256, 'grad_norm': 0.8275929093360901, 'learning_rate': 0.0001847741935483871, 'epoch': 0.38}
{'loss': 2.6014, 'grad_norm': 0.5922042727470398, 'learning_rate': 0.00018453958944281525, 'epoch': 0.39}
{'loss': 2.49, 'grad_norm': 0.6194130778312683, 'learning_rate': 0.0001843049853372434, 'epoch': 0.39}
{'loss': 2.4635, 'grad_norm': 0.7850307822227478, 'learning_rate': 0.00018407038123167157, 'epoch': 0.4}
{'loss': 2.3983, 'grad_norm': 0.7582347393035889, 'learning_rate': 0.00018383577712609972, 'epoch': 0.4}
{'loss': 2.4308, 'grad_norm': 0.6570547223091125, 'learning_rate': 0.00018360117302052787, 'epoch': 0.41}
{'loss': 2.555, 'grad_norm': 0.4711104929447174, 'learning_rate': 0.00018336656891495602, 'epoch': 0.42}
{'loss': 2.5679, 'grad_norm': 0.7845484614372253, 'learning_rate': 0.00018313196480938416, 'epoch': 0.42}
{'loss': 2.505, 'grad_norm': 1.3047735691070557, 'learning_rate': 0.0001828973607038123, 'epoch': 0.43}
{'loss': 2.5019, 'grad_norm': 0.5156994462013245, 'learning_rate': 0.0001826627565982405, 'epoch': 0.43}
{'loss': 2.4589, 'grad_norm': 0.7715854048728943, 'learning_rate': 0.00018242815249266863, 'epoch': 0.44}
{'loss': 2.4797, 'grad_norm': 0.555712878704071, 'learning_rate': 0.00018219354838709678, 'epoch': 0.45}
{'loss': 2.3348, 'grad_norm': 0.5606775879859924, 'learning_rate': 0.00018195894428152493, 'epoch': 0.45}
{'loss': 2.5763, 'grad_norm': 0.8672407865524292, 'learning_rate': 0.00018172434017595308, 'epoch': 0.46}
{'loss': 2.4071, 'grad_norm': 0.667595386505127, 'learning_rate': 0.00018148973607038125, 'epoch': 0.46}
{'loss': 2.3032, 'grad_norm': 0.6730234026908875, 'learning_rate': 0.0001812551319648094, 'epoch': 0.47}
{'loss': 2.5341, 'grad_norm': 0.8415653109550476, 'learning_rate': 0.00018102052785923755, 'epoch': 0.48}
{'loss': 2.4019, 'grad_norm': 0.38925424218177795, 'learning_rate': 0.0001807859237536657, 'epoch': 0.48}
{'loss': 2.5342, 'grad_norm': 0.5025955438613892, 'learning_rate': 0.00018055131964809384, 'epoch': 0.49}
{'loss': 2.5129, 'grad_norm': 0.5543749332427979, 'learning_rate': 0.00018031671554252202, 'epoch': 0.49}
{'loss': 2.5708, 'grad_norm': 0.6273632049560547, 'learning_rate': 0.00018008211143695016, 'epoch': 0.5}
{'loss': 2.4399, 'grad_norm': 0.7010301947593689, 'learning_rate': 0.0001798475073313783, 'epoch': 0.5}
{'loss': 2.349, 'grad_norm': 0.5877229571342468, 'learning_rate': 0.00017961290322580646, 'epoch': 0.51}
{'loss': 2.3772, 'grad_norm': 0.602745532989502, 'learning_rate': 0.0001793782991202346, 'epoch': 0.52}
{'loss': 2.3415, 'grad_norm': 0.5762274861335754, 'learning_rate': 0.00017914369501466278, 'epoch': 0.52}
{'loss': 2.4815, 'grad_norm': 0.8585249185562134, 'learning_rate': 0.00017890909090909093, 'epoch': 0.53}
{'loss': 2.3915, 'grad_norm': 0.6364718079566956, 'learning_rate': 0.00017867448680351908, 'epoch': 0.53}
{'loss': 2.4784, 'grad_norm': 0.6900255680084229, 'learning_rate': 0.00017843988269794722, 'epoch': 0.54}
{'loss': 2.6048, 'grad_norm': 0.4679834842681885, 'learning_rate': 0.00017820527859237537, 'epoch': 0.55}
{'loss': 2.5518, 'grad_norm': 0.8129533529281616, 'learning_rate': 0.00017797067448680355, 'epoch': 0.55}
{'loss': 2.4201, 'grad_norm': 0.5852656960487366, 'learning_rate': 0.00017773607038123167, 'epoch': 0.56}
{'loss': 2.582, 'grad_norm': 0.528623104095459, 'learning_rate': 0.0001775014662756598, 'epoch': 0.56}
{'loss': 2.4772, 'grad_norm': 0.5580548048019409, 'learning_rate': 0.000177266862170088, 'epoch': 0.57}
{'loss': 2.476, 'grad_norm': 0.5254814624786377, 'learning_rate': 0.00017703225806451614, 'epoch': 0.57}
{'loss': 2.5786, 'grad_norm': 0.6548667550086975, 'learning_rate': 0.0001767976539589443, 'epoch': 0.58}
{'loss': 2.5015, 'grad_norm': 0.6737333536148071, 'learning_rate': 0.00017656304985337243, 'epoch': 0.59}
{'loss': 2.4931, 'grad_norm': 0.54767245054245, 'learning_rate': 0.00017632844574780058, 'epoch': 0.59}
{'loss': 2.4328, 'grad_norm': 0.6193332672119141, 'learning_rate': 0.00017609384164222875, 'epoch': 0.6}
{'loss': 2.518, 'grad_norm': 1.0163464546203613, 'learning_rate': 0.0001758592375366569, 'epoch': 0.6}
{'loss': 2.5249, 'grad_norm': 0.5750632882118225, 'learning_rate': 0.00017562463343108507, 'epoch': 0.61}
{'loss': 2.4847, 'grad_norm': 0.7071568965911865, 'learning_rate': 0.0001753900293255132, 'epoch': 0.62}
{'loss': 2.4295, 'grad_norm': 0.6958030462265015, 'learning_rate': 0.00017515542521994134, 'epoch': 0.62}
{'loss': 2.498, 'grad_norm': 0.6789782047271729, 'learning_rate': 0.00017492082111436952, 'epoch': 0.63}
{'loss': 2.3754, 'grad_norm': 0.367469847202301, 'learning_rate': 0.00017468621700879766, 'epoch': 0.63}
{'loss': 2.4005, 'grad_norm': 0.6198727488517761, 'learning_rate': 0.0001744516129032258, 'epoch': 0.64}
{'loss': 2.4724, 'grad_norm': 0.7869590520858765, 'learning_rate': 0.00017421700879765396, 'epoch': 0.65}
{'loss': 2.393, 'grad_norm': 0.8594380021095276, 'learning_rate': 0.0001739824046920821, 'epoch': 0.65}
{'loss': 2.2857, 'grad_norm': 0.6902344226837158, 'learning_rate': 0.00017374780058651028, 'epoch': 0.66}
{'loss': 2.4512, 'grad_norm': 0.7588244080543518, 'learning_rate': 0.00017351319648093843, 'epoch': 0.66}
{'loss': 2.3977, 'grad_norm': 1.373363971710205, 'learning_rate': 0.00017327859237536658, 'epoch': 0.67}
{'loss': 2.4412, 'grad_norm': 0.6948986649513245, 'learning_rate': 0.00017304398826979472, 'epoch': 0.67}
{'loss': 2.4725, 'grad_norm': 0.8715291619300842, 'learning_rate': 0.00017280938416422287, 'epoch': 0.68}
{'loss': 2.2747, 'grad_norm': 0.5814780592918396, 'learning_rate': 0.00017257478005865105, 'epoch': 0.69}
{'loss': 2.4661, 'grad_norm': 0.45209068059921265, 'learning_rate': 0.0001723401759530792, 'epoch': 0.69}
{'loss': 2.5715, 'grad_norm': 0.7899828553199768, 'learning_rate': 0.00017210557184750734, 'epoch': 0.7}
{'loss': 2.4838, 'grad_norm': 0.8070264458656311, 'learning_rate': 0.0001718709677419355, 'epoch': 0.7}
{'loss': 2.3574, 'grad_norm': 0.7813449501991272, 'learning_rate': 0.00017163636363636364, 'epoch': 0.71}
{'loss': 2.3649, 'grad_norm': 0.8518057465553284, 'learning_rate': 0.0001714017595307918, 'epoch': 0.72}
{'loss': 2.5264, 'grad_norm': 0.6909005045890808, 'learning_rate': 0.00017116715542521996, 'epoch': 0.72}
{'loss': 2.4063, 'grad_norm': 0.4161970317363739, 'learning_rate': 0.0001709325513196481, 'epoch': 0.73}
{'loss': 2.5584, 'grad_norm': 0.7969151735305786, 'learning_rate': 0.00017069794721407625, 'epoch': 0.73}
{'loss': 2.4749, 'grad_norm': 0.7820730805397034, 'learning_rate': 0.0001704633431085044, 'epoch': 0.74}
{'loss': 2.5005, 'grad_norm': 0.6154270172119141, 'learning_rate': 0.00017022873900293258, 'epoch': 0.74}
{'loss': 2.424, 'grad_norm': 0.9384543299674988, 'learning_rate': 0.00016999413489736072, 'epoch': 0.75}
{'loss': 2.3955, 'grad_norm': 0.599778413772583, 'learning_rate': 0.00016975953079178884, 'epoch': 0.76}
{'loss': 2.6309, 'grad_norm': 0.9785894751548767, 'learning_rate': 0.00016952492668621702, 'epoch': 0.76}
{'loss': 2.3984, 'grad_norm': 1.1729106903076172, 'learning_rate': 0.00016929032258064517, 'epoch': 0.77}
{'loss': 2.4905, 'grad_norm': 0.5529369711875916, 'learning_rate': 0.00016905571847507334, 'epoch': 0.77}
{'loss': 2.3497, 'grad_norm': 0.7482501268386841, 'learning_rate': 0.0001688211143695015, 'epoch': 0.78}
{'loss': 2.4303, 'grad_norm': 0.9713222980499268, 'learning_rate': 0.0001685865102639296, 'epoch': 0.79}
{'loss': 2.4788, 'grad_norm': 0.7614420652389526, 'learning_rate': 0.00016835190615835778, 'epoch': 0.79}
{'loss': 2.5197, 'grad_norm': 0.4993954598903656, 'learning_rate': 0.00016811730205278593, 'epoch': 0.8}
{'loss': 2.362, 'grad_norm': 0.5692422986030579, 'learning_rate': 0.00016788269794721408, 'epoch': 0.8}
{'loss': 2.4464, 'grad_norm': 0.7750693559646606, 'learning_rate': 0.00016764809384164225, 'epoch': 0.81}
{'loss': 2.3714, 'grad_norm': 0.7052017450332642, 'learning_rate': 0.00016741348973607037, 'epoch': 0.82}
{'loss': 2.4657, 'grad_norm': 0.7955080270767212, 'learning_rate': 0.00016717888563049855, 'epoch': 0.82}
{'loss': 2.4022, 'grad_norm': 1.0215590000152588, 'learning_rate': 0.0001669442815249267, 'epoch': 0.83}
{'loss': 2.6085, 'grad_norm': 0.7713472247123718, 'learning_rate': 0.00016670967741935484, 'epoch': 0.83}
{'loss': 2.2555, 'grad_norm': 0.9863149523735046, 'learning_rate': 0.000166475073313783, 'epoch': 0.84}
{'loss': 2.2318, 'grad_norm': 0.4784716069698334, 'learning_rate': 0.00016624046920821114, 'epoch': 0.84}
{'loss': 2.3547, 'grad_norm': 0.781252920627594, 'learning_rate': 0.0001660058651026393, 'epoch': 0.85}
{'loss': 2.4965, 'grad_norm': 0.6417825818061829, 'learning_rate': 0.00016577126099706746, 'epoch': 0.86}
{'loss': 2.4529, 'grad_norm': 1.7271168231964111, 'learning_rate': 0.0001655366568914956, 'epoch': 0.86}
{'loss': 2.3648, 'grad_norm': 0.570190966129303, 'learning_rate': 0.00016530205278592375, 'epoch': 0.87}
{'loss': 2.5087, 'grad_norm': 0.7326866388320923, 'learning_rate': 0.0001650674486803519, 'epoch': 0.87}
{'loss': 2.4772, 'grad_norm': 0.7087951898574829, 'learning_rate': 0.00016483284457478008, 'epoch': 0.88}
{'loss': 2.481, 'grad_norm': 1.0427733659744263, 'learning_rate': 0.00016459824046920822, 'epoch': 0.89}
{'loss': 2.6082, 'grad_norm': 0.8259491920471191, 'learning_rate': 0.00016436363636363637, 'epoch': 0.89}
{'loss': 2.5254, 'grad_norm': 0.5793567299842834, 'learning_rate': 0.00016412903225806452, 'epoch': 0.9}
{'loss': 2.4523, 'grad_norm': 0.5427409410476685, 'learning_rate': 0.00016389442815249267, 'epoch': 0.9}
{'loss': 2.511, 'grad_norm': 0.43990814685821533, 'learning_rate': 0.00016365982404692084, 'epoch': 0.91}
{'loss': 2.3312, 'grad_norm': 0.9738964438438416, 'learning_rate': 0.000163425219941349, 'epoch': 0.91}
{'loss': 2.5055, 'grad_norm': 0.7891179919242859, 'learning_rate': 0.00016319061583577714, 'epoch': 0.92}
{'loss': 2.4359, 'grad_norm': 0.8524309396743774, 'learning_rate': 0.00016295601173020528, 'epoch': 0.93}
{'loss': 2.4593, 'grad_norm': 0.7801998853683472, 'learning_rate': 0.00016272140762463343, 'epoch': 0.93}
{'loss': 2.2745, 'grad_norm': 0.5187588930130005, 'learning_rate': 0.00016248680351906158, 'epoch': 0.94}
{'loss': 2.4726, 'grad_norm': 1.039032220840454, 'learning_rate': 0.00016225219941348975, 'epoch': 0.94}
{'loss': 2.412, 'grad_norm': 0.5751729011535645, 'learning_rate': 0.0001620175953079179, 'epoch': 0.95}
{'loss': 2.4361, 'grad_norm': 0.4404606223106384, 'learning_rate': 0.00016178299120234605, 'epoch': 0.96}
{'loss': 2.3976, 'grad_norm': 0.6564649939537048, 'learning_rate': 0.0001615483870967742, 'epoch': 0.96}
{'loss': 2.4361, 'grad_norm': 0.6274003386497498, 'learning_rate': 0.00016131378299120234, 'epoch': 0.97}
{'loss': 2.3578, 'grad_norm': 0.7218052744865417, 'learning_rate': 0.00016107917888563052, 'epoch': 0.97}
{'loss': 2.4616, 'grad_norm': 0.8101129531860352, 'learning_rate': 0.00016084457478005867, 'epoch': 0.98}
{'loss': 2.5176, 'grad_norm': 1.2777671813964844, 'learning_rate': 0.0001606099706744868, 'epoch': 0.99}
{'loss': 2.5594, 'grad_norm': 0.8729737997055054, 'learning_rate': 0.00016037536656891496, 'epoch': 0.99}
{'loss': 2.523, 'grad_norm': 0.7463646531105042, 'learning_rate': 0.0001601407624633431, 'epoch': 1.0}
{'loss': 2.4476, 'grad_norm': 0.6476879119873047, 'learning_rate': 0.00015990615835777128, 'epoch': 1.0}
{'loss': 2.345, 'grad_norm': 0.37479913234710693, 'learning_rate': 0.00015967155425219943, 'epoch': 1.01}
{'loss': 2.39, 'grad_norm': 1.218392014503479, 'learning_rate': 0.00015943695014662758, 'epoch': 1.01}
{'loss': 2.4141, 'grad_norm': 0.5356500744819641, 'learning_rate': 0.00015920234604105573, 'epoch': 1.02}
{'loss': 2.3987, 'grad_norm': 0.9302428960800171, 'learning_rate': 0.00015896774193548387, 'epoch': 1.03}
{'loss': 2.4905, 'grad_norm': 0.7353399991989136, 'learning_rate': 0.00015873313782991205, 'epoch': 1.03}
{'loss': 2.2951, 'grad_norm': 0.7719540596008301, 'learning_rate': 0.00015849853372434017, 'epoch': 1.04}
{'loss': 2.4089, 'grad_norm': 0.8008524179458618, 'learning_rate': 0.00015826392961876832, 'epoch': 1.04}
{'loss': 2.4976, 'grad_norm': 0.6030989289283752, 'learning_rate': 0.0001580293255131965, 'epoch': 1.05}
{'loss': 2.2241, 'grad_norm': 0.9469099640846252, 'learning_rate': 0.00015779472140762464, 'epoch': 1.06}
{'loss': 2.5196, 'grad_norm': 0.8821412324905396, 'learning_rate': 0.0001575601173020528, 'epoch': 1.06}
{'loss': 2.373, 'grad_norm': 0.7068455219268799, 'learning_rate': 0.00015732551319648093, 'epoch': 1.07}
{'loss': 2.362, 'grad_norm': 0.7137457132339478, 'learning_rate': 0.00015709090909090908, 'epoch': 1.07}
{'loss': 2.3722, 'grad_norm': 0.6783157587051392, 'learning_rate': 0.00015685630498533725, 'epoch': 1.08}
{'loss': 2.3418, 'grad_norm': 0.7607395052909851, 'learning_rate': 0.0001566217008797654, 'epoch': 1.09}
{'loss': 2.4715, 'grad_norm': 0.7886677384376526, 'learning_rate': 0.00015638709677419358, 'epoch': 1.09}
{'loss': 2.3907, 'grad_norm': 0.8323796391487122, 'learning_rate': 0.0001561524926686217, 'epoch': 1.1}
{'loss': 2.3486, 'grad_norm': 0.7498457431793213, 'learning_rate': 0.00015591788856304984, 'epoch': 1.1}
{'loss': 2.5239, 'grad_norm': 0.8873826861381531, 'learning_rate': 0.00015568328445747802, 'epoch': 1.11}
{'loss': 2.311, 'grad_norm': 0.7474027276039124, 'learning_rate': 0.00015544868035190617, 'epoch': 1.11}
{'loss': 2.3148, 'grad_norm': 0.5659245252609253, 'learning_rate': 0.00015521407624633431, 'epoch': 1.12}
{'loss': 2.3257, 'grad_norm': 0.8438365459442139, 'learning_rate': 0.00015497947214076246, 'epoch': 1.13}
{'loss': 2.3897, 'grad_norm': 0.7434271574020386, 'learning_rate': 0.0001547448680351906, 'epoch': 1.13}
{'loss': 2.3669, 'grad_norm': 0.9006891250610352, 'learning_rate': 0.00015451026392961878, 'epoch': 1.14}
{'loss': 2.3997, 'grad_norm': 0.580018162727356, 'learning_rate': 0.00015427565982404693, 'epoch': 1.14}
{'loss': 2.3457, 'grad_norm': 0.6666097044944763, 'learning_rate': 0.00015404105571847508, 'epoch': 1.15}
{'loss': 2.3778, 'grad_norm': 0.7660198211669922, 'learning_rate': 0.00015380645161290323, 'epoch': 1.16}
{'loss': 2.3095, 'grad_norm': 0.9103902578353882, 'learning_rate': 0.00015357184750733137, 'epoch': 1.16}
{'loss': 2.2498, 'grad_norm': 0.905828058719635, 'learning_rate': 0.00015333724340175955, 'epoch': 1.17}
{'loss': 2.3949, 'grad_norm': 0.6351515054702759, 'learning_rate': 0.0001531026392961877, 'epoch': 1.17}
{'loss': 2.2406, 'grad_norm': 1.093163251876831, 'learning_rate': 0.00015286803519061584, 'epoch': 1.18}
{'loss': 2.1318, 'grad_norm': 0.6871721148490906, 'learning_rate': 0.000152633431085044, 'epoch': 1.18}
{'loss': 2.4188, 'grad_norm': 0.5854676961898804, 'learning_rate': 0.00015239882697947214, 'epoch': 1.19}
{'loss': 2.1362, 'grad_norm': 1.0065388679504395, 'learning_rate': 0.0001521642228739003, 'epoch': 1.2}
{'loss': 2.3809, 'grad_norm': 0.5970546007156372, 'learning_rate': 0.00015192961876832846, 'epoch': 1.2}
{'loss': 2.3801, 'grad_norm': 0.7496270537376404, 'learning_rate': 0.0001516950146627566, 'epoch': 1.21}
{'loss': 2.289, 'grad_norm': 0.6516083478927612, 'learning_rate': 0.00015146041055718476, 'epoch': 1.21}
{'loss': 2.3662, 'grad_norm': 0.8938273191452026, 'learning_rate': 0.0001512258064516129, 'epoch': 1.22}
{'loss': 2.2169, 'grad_norm': 0.5937212705612183, 'learning_rate': 0.00015099120234604108, 'epoch': 1.23}
{'loss': 2.3206, 'grad_norm': 0.9624772071838379, 'learning_rate': 0.00015075659824046923, 'epoch': 1.23}
{'loss': 2.2508, 'grad_norm': 0.8548356294631958, 'learning_rate': 0.00015052199413489737, 'epoch': 1.24}
{'loss': 2.1498, 'grad_norm': 0.5820488929748535, 'learning_rate': 0.00015028739002932552, 'epoch': 1.24}
{'loss': 2.3899, 'grad_norm': 0.6307672262191772, 'learning_rate': 0.00015005278592375367, 'epoch': 1.25}
{'loss': 2.3666, 'grad_norm': 1.192990779876709, 'learning_rate': 0.00014981818181818184, 'epoch': 1.26}
{'loss': 2.4415, 'grad_norm': 0.7276974320411682, 'learning_rate': 0.00014958357771261, 'epoch': 1.26}
{'loss': 2.3826, 'grad_norm': 0.8209984302520752, 'learning_rate': 0.0001493489736070381, 'epoch': 1.27}
{'loss': 2.3358, 'grad_norm': 0.785076379776001, 'learning_rate': 0.00014911436950146629, 'epoch': 1.27}
{'loss': 2.3252, 'grad_norm': 0.6728160977363586, 'learning_rate': 0.00014887976539589443, 'epoch': 1.28}
{'loss': 2.5307, 'grad_norm': 0.8197872042655945, 'learning_rate': 0.0001486451612903226, 'epoch': 1.28}
{'loss': 2.3022, 'grad_norm': 0.6067876815795898, 'learning_rate': 0.00014841055718475075, 'epoch': 1.29}
{'loss': 2.4331, 'grad_norm': 0.7179356813430786, 'learning_rate': 0.00014817595307917888, 'epoch': 1.3}
{'loss': 2.3853, 'grad_norm': 0.8451903462409973, 'learning_rate': 0.00014794134897360705, 'epoch': 1.3}
{'loss': 2.4371, 'grad_norm': 1.153222918510437, 'learning_rate': 0.0001477067448680352, 'epoch': 1.31}
{'loss': 2.3238, 'grad_norm': 0.7581000924110413, 'learning_rate': 0.00014747214076246334, 'epoch': 1.31}
{'loss': 2.3992, 'grad_norm': 0.8375346660614014, 'learning_rate': 0.00014723753665689152, 'epoch': 1.32}
{'loss': 2.3764, 'grad_norm': 0.6855708360671997, 'learning_rate': 0.00014700293255131964, 'epoch': 1.33}
{'loss': 2.5271, 'grad_norm': 0.7193407416343689, 'learning_rate': 0.00014676832844574781, 'epoch': 1.33}
{'loss': 2.3684, 'grad_norm': 0.8406664133071899, 'learning_rate': 0.00014653372434017596, 'epoch': 1.34}
{'loss': 2.3802, 'grad_norm': 0.9002476930618286, 'learning_rate': 0.0001462991202346041, 'epoch': 1.34}
{'loss': 2.3467, 'grad_norm': 0.713457465171814, 'learning_rate': 0.00014606451612903226, 'epoch': 1.35}
{'loss': 2.3717, 'grad_norm': 0.9799916744232178, 'learning_rate': 0.0001458299120234604, 'epoch': 1.35}
{'loss': 2.4887, 'grad_norm': 0.6795196533203125, 'learning_rate': 0.00014559530791788858, 'epoch': 1.36}
{'loss': 2.3085, 'grad_norm': 1.1123102903366089, 'learning_rate': 0.00014536070381231673, 'epoch': 1.37}
{'loss': 2.2457, 'grad_norm': 0.9137870073318481, 'learning_rate': 0.00014512609970674487, 'epoch': 1.37}
{'loss': 2.3183, 'grad_norm': 1.0959843397140503, 'learning_rate': 0.00014489149560117302, 'epoch': 1.38}
{'loss': 2.1853, 'grad_norm': 0.937522828578949, 'learning_rate': 0.00014465689149560117, 'epoch': 1.38}
{'loss': 2.4534, 'grad_norm': 1.4019880294799805, 'learning_rate': 0.00014442228739002934, 'epoch': 1.39}
{'loss': 2.3591, 'grad_norm': 0.6292750835418701, 'learning_rate': 0.0001441876832844575, 'epoch': 1.4}
{'loss': 2.2695, 'grad_norm': 1.01676344871521, 'learning_rate': 0.00014395307917888564, 'epoch': 1.4}
{'loss': 2.1355, 'grad_norm': 0.6261669397354126, 'learning_rate': 0.00014371847507331379, 'epoch': 1.41}
{'loss': 2.3596, 'grad_norm': 0.8320038914680481, 'learning_rate': 0.00014348387096774193, 'epoch': 1.41}
{'loss': 2.4909, 'grad_norm': 0.7848435640335083, 'learning_rate': 0.00014324926686217008, 'epoch': 1.42}
{'loss': 2.3888, 'grad_norm': 1.1867955923080444, 'learning_rate': 0.00014301466275659826, 'epoch': 1.43}
{'loss': 2.4284, 'grad_norm': 0.8760201930999756, 'learning_rate': 0.0001427800586510264, 'epoch': 1.43}
{'loss': 2.3407, 'grad_norm': 0.7743946313858032, 'learning_rate': 0.00014254545454545455, 'epoch': 1.44}
{'loss': 2.3388, 'grad_norm': 0.6385815739631653, 'learning_rate': 0.0001423108504398827, 'epoch': 1.44}
{'loss': 2.2731, 'grad_norm': 0.8117901682853699, 'learning_rate': 0.00014207624633431085, 'epoch': 1.45}
{'loss': 2.2057, 'grad_norm': 0.7527569532394409, 'learning_rate': 0.00014184164222873902, 'epoch': 1.45}
{'loss': 2.2987, 'grad_norm': 1.0788534879684448, 'learning_rate': 0.00014160703812316717, 'epoch': 1.46}
{'loss': 2.3741, 'grad_norm': 1.7350387573242188, 'learning_rate': 0.00014137243401759532, 'epoch': 1.47}
{'loss': 2.3368, 'grad_norm': 1.1055727005004883, 'learning_rate': 0.00014113782991202346, 'epoch': 1.47}
{'loss': 2.4641, 'grad_norm': 0.6942778825759888, 'learning_rate': 0.0001409032258064516, 'epoch': 1.48}
{'loss': 2.4253, 'grad_norm': 0.7821170091629028, 'learning_rate': 0.00014066862170087978, 'epoch': 1.48}
{'loss': 2.3461, 'grad_norm': 0.7576926946640015, 'learning_rate': 0.00014043401759530793, 'epoch': 1.49}
{'loss': 2.2947, 'grad_norm': 1.0179939270019531, 'learning_rate': 0.00014019941348973608, 'epoch': 1.5}
{'loss': 2.4069, 'grad_norm': 1.2506170272827148, 'learning_rate': 0.00013996480938416423, 'epoch': 1.5}
{'loss': 2.3532, 'grad_norm': 0.5618973970413208, 'learning_rate': 0.00013973020527859237, 'epoch': 1.51}
{'loss': 2.361, 'grad_norm': 0.7852855920791626, 'learning_rate': 0.00013949560117302055, 'epoch': 1.51}
{'loss': 2.2692, 'grad_norm': 0.7361481189727783, 'learning_rate': 0.0001392609970674487, 'epoch': 1.52}
{'loss': 2.3015, 'grad_norm': 1.0416789054870605, 'learning_rate': 0.00013902639296187684, 'epoch': 1.52}
{'loss': 2.347, 'grad_norm': 0.7484384179115295, 'learning_rate': 0.000138791788856305, 'epoch': 1.53}
{'loss': 2.3836, 'grad_norm': 0.7893089652061462, 'learning_rate': 0.00013855718475073314, 'epoch': 1.54}
{'loss': 2.4157, 'grad_norm': 0.9073408842086792, 'learning_rate': 0.00013832258064516131, 'epoch': 1.54}
{'loss': 2.317, 'grad_norm': 0.9511263966560364, 'learning_rate': 0.00013808797653958943, 'epoch': 1.55}
{'loss': 2.3338, 'grad_norm': 1.2050902843475342, 'learning_rate': 0.00013785337243401758, 'epoch': 1.55}
{'loss': 2.4341, 'grad_norm': 0.6338037848472595, 'learning_rate': 0.00013761876832844576, 'epoch': 1.56}
{'loss': 2.4091, 'grad_norm': 0.721570611000061, 'learning_rate': 0.0001373841642228739, 'epoch': 1.57}
{'loss': 2.3029, 'grad_norm': 1.059451937675476, 'learning_rate': 0.00013714956011730208, 'epoch': 1.57}
{'loss': 2.4587, 'grad_norm': 0.9033511877059937, 'learning_rate': 0.0001369149560117302, 'epoch': 1.58}
{'loss': 2.3599, 'grad_norm': 0.8813236355781555, 'learning_rate': 0.00013668035190615835, 'epoch': 1.58}
{'loss': 2.282, 'grad_norm': 0.8787100911140442, 'learning_rate': 0.00013644574780058652, 'epoch': 1.59}
{'loss': 2.3348, 'grad_norm': 1.1411346197128296, 'learning_rate': 0.00013621114369501467, 'epoch': 1.6}
{'loss': 2.497, 'grad_norm': 1.0481376647949219, 'learning_rate': 0.00013597653958944284, 'epoch': 1.6}
{'loss': 2.3734, 'grad_norm': 0.7811893224716187, 'learning_rate': 0.00013574193548387096, 'epoch': 1.61}
{'loss': 2.3183, 'grad_norm': 0.7025284767150879, 'learning_rate': 0.0001355073313782991, 'epoch': 1.61}
{'loss': 2.1684, 'grad_norm': 0.7896589636802673, 'learning_rate': 0.00013527272727272729, 'epoch': 1.62}
{'loss': 2.4262, 'grad_norm': 1.6340787410736084, 'learning_rate': 0.00013503812316715543, 'epoch': 1.62}
{'loss': 2.4575, 'grad_norm': 0.9241045117378235, 'learning_rate': 0.00013480351906158358, 'epoch': 1.63}
{'loss': 2.389, 'grad_norm': 1.146266222000122, 'learning_rate': 0.00013456891495601173, 'epoch': 1.64}
{'loss': 2.3829, 'grad_norm': 1.3055498600006104, 'learning_rate': 0.00013433431085043988, 'epoch': 1.64}
{'loss': 2.2077, 'grad_norm': 0.6723308563232422, 'learning_rate': 0.00013409970674486805, 'epoch': 1.65}
{'loss': 2.4146, 'grad_norm': 0.7919087409973145, 'learning_rate': 0.0001338651026392962, 'epoch': 1.65}
{'loss': 2.4159, 'grad_norm': 1.0492074489593506, 'learning_rate': 0.00013363049853372435, 'epoch': 1.66}
{'loss': 2.3136, 'grad_norm': 1.135048508644104, 'learning_rate': 0.0001333958944281525, 'epoch': 1.67}
{'loss': 2.2584, 'grad_norm': 0.8570655584335327, 'learning_rate': 0.00013316129032258064, 'epoch': 1.67}
{'loss': 2.4031, 'grad_norm': 0.9625996947288513, 'learning_rate': 0.00013292668621700882, 'epoch': 1.68}
{'loss': 2.4654, 'grad_norm': 0.8385099768638611, 'learning_rate': 0.00013269208211143696, 'epoch': 1.68}
{'loss': 2.4385, 'grad_norm': 0.8284792900085449, 'learning_rate': 0.0001324574780058651, 'epoch': 1.69}
{'loss': 2.4003, 'grad_norm': 1.0158134698867798, 'learning_rate': 0.00013222287390029326, 'epoch': 1.7}
{'loss': 2.3585, 'grad_norm': 0.7085739374160767, 'learning_rate': 0.0001319882697947214, 'epoch': 1.7}
{'loss': 2.3303, 'grad_norm': 0.8078423738479614, 'learning_rate': 0.00013175366568914958, 'epoch': 1.71}
{'loss': 2.2873, 'grad_norm': 0.8703046441078186, 'learning_rate': 0.00013151906158357773, 'epoch': 1.71}
{'loss': 2.4181, 'grad_norm': 0.7767428755760193, 'learning_rate': 0.00013128445747800587, 'epoch': 1.72}
{'loss': 2.3951, 'grad_norm': 0.9508437514305115, 'learning_rate': 0.00013104985337243402, 'epoch': 1.72}
{'loss': 2.4509, 'grad_norm': 1.1548972129821777, 'learning_rate': 0.00013081524926686217, 'epoch': 1.73}
{'loss': 2.3597, 'grad_norm': 0.6608993411064148, 'learning_rate': 0.00013058064516129034, 'epoch': 1.74}
{'loss': 2.2923, 'grad_norm': 1.6740643978118896, 'learning_rate': 0.0001303460410557185, 'epoch': 1.74}
{'loss': 2.3998, 'grad_norm': 0.8982438445091248, 'learning_rate': 0.0001301114369501466, 'epoch': 1.75}
{'loss': 2.3916, 'grad_norm': 0.7819066643714905, 'learning_rate': 0.0001298768328445748, 'epoch': 1.75}
{'loss': 2.3839, 'grad_norm': 0.7485578656196594, 'learning_rate': 0.00012964222873900293, 'epoch': 1.76}
{'loss': 2.2855, 'grad_norm': 0.9606866836547852, 'learning_rate': 0.0001294076246334311, 'epoch': 1.77}
{'loss': 2.2688, 'grad_norm': 0.6755217909812927, 'learning_rate': 0.00012917302052785926, 'epoch': 1.77}
{'loss': 2.2474, 'grad_norm': 0.9391531944274902, 'learning_rate': 0.00012893841642228738, 'epoch': 1.78}
{'loss': 2.3566, 'grad_norm': 1.0328831672668457, 'learning_rate': 0.00012870381231671555, 'epoch': 1.78}
{'loss': 2.3176, 'grad_norm': 0.7737529873847961, 'learning_rate': 0.0001284692082111437, 'epoch': 1.79}
{'loss': 2.414, 'grad_norm': 1.0222965478897095, 'learning_rate': 0.00012823460410557185, 'epoch': 1.79}
{'loss': 2.3972, 'grad_norm': 1.433726191520691, 'learning_rate': 0.00012800000000000002, 'epoch': 1.8}
{'loss': 2.4374, 'grad_norm': 1.212005615234375, 'learning_rate': 0.00012776539589442814, 'epoch': 1.81}
{'loss': 2.2689, 'grad_norm': 0.7656713128089905, 'learning_rate': 0.00012753079178885632, 'epoch': 1.81}
{'loss': 2.399, 'grad_norm': 0.6049433350563049, 'learning_rate': 0.00012729618768328446, 'epoch': 1.82}
{'loss': 2.2333, 'grad_norm': 2.202904224395752, 'learning_rate': 0.0001270615835777126, 'epoch': 1.82}
{'loss': 2.3975, 'grad_norm': 0.883084774017334, 'learning_rate': 0.00012682697947214076, 'epoch': 1.83}
{'loss': 2.2372, 'grad_norm': 0.7483057379722595, 'learning_rate': 0.0001265923753665689, 'epoch': 1.84}
{'loss': 2.3153, 'grad_norm': 0.6462323665618896, 'learning_rate': 0.00012635777126099708, 'epoch': 1.84}
{'loss': 2.2092, 'grad_norm': 0.6281235814094543, 'learning_rate': 0.00012612316715542523, 'epoch': 1.85}
{'loss': 2.4438, 'grad_norm': 0.8469501733779907, 'learning_rate': 0.00012588856304985338, 'epoch': 1.85}
{'loss': 2.3193, 'grad_norm': 1.0029816627502441, 'learning_rate': 0.00012565395894428152, 'epoch': 1.86}
{'loss': 2.3373, 'grad_norm': 0.7157108187675476, 'learning_rate': 0.00012541935483870967, 'epoch': 1.87}
{'loss': 2.2364, 'grad_norm': 1.1080858707427979, 'learning_rate': 0.00012518475073313785, 'epoch': 1.87}
{'loss': 2.272, 'grad_norm': 0.7621021866798401, 'learning_rate': 0.000124950146627566, 'epoch': 1.88}
{'loss': 2.2267, 'grad_norm': 0.858317494392395, 'learning_rate': 0.00012471554252199414, 'epoch': 1.88}
{'loss': 2.3826, 'grad_norm': 0.8822457790374756, 'learning_rate': 0.0001244809384164223, 'epoch': 1.89}
{'loss': 2.2829, 'grad_norm': 1.1185168027877808, 'learning_rate': 0.00012424633431085044, 'epoch': 1.89}
{'loss': 2.4928, 'grad_norm': 0.7742405533790588, 'learning_rate': 0.0001240117302052786, 'epoch': 1.9}
{'loss': 2.2765, 'grad_norm': 0.9118495583534241, 'learning_rate': 0.00012377712609970676, 'epoch': 1.91}
{'loss': 2.3555, 'grad_norm': 0.8009656071662903, 'learning_rate': 0.0001235425219941349, 'epoch': 1.91}
{'loss': 2.2624, 'grad_norm': 0.8239362835884094, 'learning_rate': 0.00012330791788856305, 'epoch': 1.92}
{'loss': 2.1657, 'grad_norm': 0.7256330847740173, 'learning_rate': 0.0001230733137829912, 'epoch': 1.92}
{'loss': 2.3721, 'grad_norm': 0.7019519209861755, 'learning_rate': 0.00012283870967741935, 'epoch': 1.93}
{'loss': 2.3001, 'grad_norm': 0.9630616307258606, 'learning_rate': 0.00012260410557184752, 'epoch': 1.94}
{'loss': 2.4703, 'grad_norm': 0.782250165939331, 'learning_rate': 0.00012236950146627567, 'epoch': 1.94}
{'loss': 2.3399, 'grad_norm': 0.9990528225898743, 'learning_rate': 0.00012213489736070382, 'epoch': 1.95}
{'loss': 2.2531, 'grad_norm': 0.603915274143219, 'learning_rate': 0.00012190029325513196, 'epoch': 1.95}
{'loss': 2.2489, 'grad_norm': 1.1798499822616577, 'learning_rate': 0.00012166568914956011, 'epoch': 1.96}
{'loss': 2.4359, 'grad_norm': 1.0726505517959595, 'learning_rate': 0.00012143108504398827, 'epoch': 1.96}
{'loss': 2.2416, 'grad_norm': 0.903053343296051, 'learning_rate': 0.00012119648093841642, 'epoch': 1.97}
{'loss': 2.3861, 'grad_norm': 0.9910166263580322, 'learning_rate': 0.0001209618768328446, 'epoch': 1.98}
{'loss': 2.3615, 'grad_norm': 0.8759191632270813, 'learning_rate': 0.00012072727272727273, 'epoch': 1.98}
{'loss': 2.3807, 'grad_norm': 0.8107502460479736, 'learning_rate': 0.00012049266862170088, 'epoch': 1.99}
{'loss': 2.3341, 'grad_norm': 1.226318120956421, 'learning_rate': 0.00012025806451612904, 'epoch': 1.99}
{'loss': 2.3986, 'grad_norm': 0.7005077600479126, 'learning_rate': 0.00012002346041055719, 'epoch': 2.0}
{'loss': 2.3882, 'grad_norm': 0.9830564260482788, 'learning_rate': 0.00011978885630498535, 'epoch': 2.01}
{'loss': 2.1798, 'grad_norm': 0.5806452631950378, 'learning_rate': 0.0001195542521994135, 'epoch': 2.01}
{'loss': 2.0995, 'grad_norm': 1.1010265350341797, 'learning_rate': 0.00011931964809384164, 'epoch': 2.02}
{'loss': 2.2527, 'grad_norm': 0.8912277817726135, 'learning_rate': 0.0001190850439882698, 'epoch': 2.02}
{'loss': 2.3417, 'grad_norm': 1.0379976034164429, 'learning_rate': 0.00011885043988269795, 'epoch': 2.03}
{'loss': 2.2462, 'grad_norm': 0.9714399576187134, 'learning_rate': 0.00011861583577712611, 'epoch': 2.04}
{'loss': 2.222, 'grad_norm': 1.133951187133789, 'learning_rate': 0.00011838123167155426, 'epoch': 2.04}
{'loss': 2.132, 'grad_norm': 0.8366208672523499, 'learning_rate': 0.0001181466275659824, 'epoch': 2.05}
{'loss': 2.1455, 'grad_norm': 1.0870544910430908, 'learning_rate': 0.00011791202346041057, 'epoch': 2.05}
{'loss': 2.1163, 'grad_norm': 0.8720879554748535, 'learning_rate': 0.00011767741935483871, 'epoch': 2.06}
{'loss': 2.2186, 'grad_norm': 0.6485456824302673, 'learning_rate': 0.00011744281524926686, 'epoch': 2.06}
{'loss': 2.2596, 'grad_norm': 0.9962537884712219, 'learning_rate': 0.00011720821114369502, 'epoch': 2.07}
{'loss': 2.0559, 'grad_norm': 0.8540560603141785, 'learning_rate': 0.00011697360703812317, 'epoch': 2.08}
{'loss': 2.3399, 'grad_norm': 0.8395291566848755, 'learning_rate': 0.00011673900293255133, 'epoch': 2.08}
{'loss': 2.2372, 'grad_norm': 1.340675950050354, 'learning_rate': 0.00011650439882697948, 'epoch': 2.09}
{'loss': 2.1785, 'grad_norm': 0.960833728313446, 'learning_rate': 0.00011626979472140763, 'epoch': 2.09}
{'loss': 2.1482, 'grad_norm': 0.9318756461143494, 'learning_rate': 0.00011603519061583579, 'epoch': 2.1}
{'loss': 2.2981, 'grad_norm': 1.248439073562622, 'learning_rate': 0.00011580058651026394, 'epoch': 2.11}
{'loss': 2.2321, 'grad_norm': 1.1340031623840332, 'learning_rate': 0.0001155659824046921, 'epoch': 2.11}
{'loss': 2.4037, 'grad_norm': 0.9147170782089233, 'learning_rate': 0.00011533137829912024, 'epoch': 2.12}
{'loss': 2.3552, 'grad_norm': 1.3178601264953613, 'learning_rate': 0.00011509677419354838, 'epoch': 2.12}
{'loss': 2.3063, 'grad_norm': 1.225946307182312, 'learning_rate': 0.00011486217008797655, 'epoch': 2.13}
{'loss': 2.2565, 'grad_norm': 1.2191187143325806, 'learning_rate': 0.0001146275659824047, 'epoch': 2.13}
{'loss': 2.299, 'grad_norm': 0.9488253593444824, 'learning_rate': 0.00011439296187683286, 'epoch': 2.14}
{'loss': 2.2869, 'grad_norm': 0.7349690198898315, 'learning_rate': 0.00011415835777126101, 'epoch': 2.15}
{'loss': 2.1274, 'grad_norm': 0.8942080140113831, 'learning_rate': 0.00011392375366568914, 'epoch': 2.15}
{'loss': 2.2833, 'grad_norm': 1.0009934902191162, 'learning_rate': 0.00011368914956011732, 'epoch': 2.16}
{'loss': 2.2184, 'grad_norm': 0.9431527256965637, 'learning_rate': 0.00011345454545454545, 'epoch': 2.16}
{'loss': 2.2113, 'grad_norm': 0.905620813369751, 'learning_rate': 0.0001132199413489736, 'epoch': 2.17}
{'loss': 2.2584, 'grad_norm': 0.9007548689842224, 'learning_rate': 0.00011298533724340177, 'epoch': 2.18}
{'loss': 2.2221, 'grad_norm': 1.0321376323699951, 'learning_rate': 0.00011275073313782991, 'epoch': 2.18}
{'loss': 2.2338, 'grad_norm': 1.08225679397583, 'learning_rate': 0.00011251612903225808, 'epoch': 2.19}
{'loss': 2.2276, 'grad_norm': 1.0910899639129639, 'learning_rate': 0.00011228152492668622, 'epoch': 2.19}
{'loss': 2.1747, 'grad_norm': 1.1583819389343262, 'learning_rate': 0.00011204692082111436, 'epoch': 2.2}
{'loss': 2.3469, 'grad_norm': 1.2987459897994995, 'learning_rate': 0.00011181231671554252, 'epoch': 2.21}
{'loss': 2.2983, 'grad_norm': 1.7169830799102783, 'learning_rate': 0.00011157771260997067, 'epoch': 2.21}
{'loss': 2.256, 'grad_norm': 1.0107591152191162, 'learning_rate': 0.00011134310850439885, 'epoch': 2.22}
{'loss': 2.1584, 'grad_norm': 1.1106940507888794, 'learning_rate': 0.00011110850439882698, 'epoch': 2.22}
{'loss': 2.1837, 'grad_norm': 1.7360495328903198, 'learning_rate': 0.00011087390029325513, 'epoch': 2.23}
{'loss': 2.2035, 'grad_norm': 1.1112176179885864, 'learning_rate': 0.00011063929618768329, 'epoch': 2.23}
{'loss': 2.2876, 'grad_norm': 0.850055992603302, 'learning_rate': 0.00011040469208211144, 'epoch': 2.24}
{'loss': 2.157, 'grad_norm': 1.1030157804489136, 'learning_rate': 0.0001101700879765396, 'epoch': 2.25}
{'loss': 2.1874, 'grad_norm': 1.0118935108184814, 'learning_rate': 0.00010993548387096775, 'epoch': 2.25}
{'loss': 2.1936, 'grad_norm': 1.4375152587890625, 'learning_rate': 0.00010970087976539589, 'epoch': 2.26}
{'loss': 2.2306, 'grad_norm': 1.2436811923980713, 'learning_rate': 0.00010946627565982405, 'epoch': 2.26}
{'loss': 2.2179, 'grad_norm': 1.0130219459533691, 'learning_rate': 0.0001092316715542522, 'epoch': 2.27}
{'loss': 2.4079, 'grad_norm': 1.1655991077423096, 'learning_rate': 0.00010899706744868036, 'epoch': 2.28}
{'loss': 2.3329, 'grad_norm': 1.1466736793518066, 'learning_rate': 0.00010876246334310851, 'epoch': 2.28}
{'loss': 2.3178, 'grad_norm': 0.9611638188362122, 'learning_rate': 0.00010852785923753666, 'epoch': 2.29}
{'loss': 2.263, 'grad_norm': 0.8991850018501282, 'learning_rate': 0.00010829325513196482, 'epoch': 2.29}
{'loss': 2.2361, 'grad_norm': 1.063421607017517, 'learning_rate': 0.00010805865102639297, 'epoch': 2.3}
{'loss': 2.2565, 'grad_norm': 0.8298370242118835, 'learning_rate': 0.00010782404692082111, 'epoch': 2.3}
{'loss': 2.2467, 'grad_norm': 1.1368788480758667, 'learning_rate': 0.00010758944281524927, 'epoch': 2.31}
{'loss': 2.2552, 'grad_norm': 1.0199267864227295, 'learning_rate': 0.00010735483870967742, 'epoch': 2.32}
{'loss': 2.2873, 'grad_norm': 0.8773138523101807, 'learning_rate': 0.00010712023460410558, 'epoch': 2.32}
{'loss': 2.2149, 'grad_norm': 0.9901348352432251, 'learning_rate': 0.00010688563049853373, 'epoch': 2.33}
{'loss': 2.1896, 'grad_norm': 0.8149033188819885, 'learning_rate': 0.00010665102639296188, 'epoch': 2.33}
{'loss': 2.2779, 'grad_norm': 1.1002814769744873, 'learning_rate': 0.00010641642228739004, 'epoch': 2.34}
{'loss': 2.3125, 'grad_norm': 0.9873158931732178, 'learning_rate': 0.00010618181818181819, 'epoch': 2.35}
{'loss': 2.2214, 'grad_norm': 1.5384101867675781, 'learning_rate': 0.00010594721407624635, 'epoch': 2.35}
{'loss': 2.3585, 'grad_norm': 0.8609541058540344, 'learning_rate': 0.0001057126099706745, 'epoch': 2.36}
{'loss': 2.174, 'grad_norm': 1.1550590991973877, 'learning_rate': 0.00010547800586510264, 'epoch': 2.36}
{'loss': 2.3163, 'grad_norm': 1.500067114830017, 'learning_rate': 0.0001052434017595308, 'epoch': 2.37}
{'loss': 2.2727, 'grad_norm': 1.1774965524673462, 'learning_rate': 0.00010500879765395895, 'epoch': 2.38}
{'loss': 2.0984, 'grad_norm': 1.8947172164916992, 'learning_rate': 0.00010477419354838711, 'epoch': 2.38}
{'loss': 2.3077, 'grad_norm': 0.7644265294075012, 'learning_rate': 0.00010453958944281526, 'epoch': 2.39}
{'loss': 2.3288, 'grad_norm': 1.0307046175003052, 'learning_rate': 0.0001043049853372434, 'epoch': 2.39}
{'loss': 2.2298, 'grad_norm': 1.462283730506897, 'learning_rate': 0.00010407038123167157, 'epoch': 2.4}
{'loss': 2.2504, 'grad_norm': 1.4157153367996216, 'learning_rate': 0.00010383577712609972, 'epoch': 2.4}
{'loss': 2.2036, 'grad_norm': 1.3712810277938843, 'learning_rate': 0.00010360117302052788, 'epoch': 2.41}
{'loss': 2.3218, 'grad_norm': 0.9830647706985474, 'learning_rate': 0.00010336656891495602, 'epoch': 2.42}
{'loss': 2.3156, 'grad_norm': 0.9810864329338074, 'learning_rate': 0.00010313196480938416, 'epoch': 2.42}
{'loss': 2.326, 'grad_norm': 0.8629885911941528, 'learning_rate': 0.00010289736070381233, 'epoch': 2.43}
{'loss': 2.2029, 'grad_norm': 1.2868092060089111, 'learning_rate': 0.00010266275659824047, 'epoch': 2.43}
{'loss': 2.2806, 'grad_norm': 1.0755691528320312, 'learning_rate': 0.00010242815249266861, 'epoch': 2.44}
{'loss': 2.197, 'grad_norm': 1.4200942516326904, 'learning_rate': 0.00010219354838709679, 'epoch': 2.45}
{'loss': 2.2036, 'grad_norm': 1.1221448183059692, 'learning_rate': 0.00010195894428152492, 'epoch': 2.45}
{'loss': 2.3229, 'grad_norm': 1.463169813156128, 'learning_rate': 0.0001017243401759531, 'epoch': 2.46}
{'loss': 2.3663, 'grad_norm': 1.2290072441101074, 'learning_rate': 0.00010148973607038123, 'epoch': 2.46}
{'loss': 2.285, 'grad_norm': 1.2606251239776611, 'learning_rate': 0.00010125513196480938, 'epoch': 2.47}
{'loss': 2.1664, 'grad_norm': 0.7561043500900269, 'learning_rate': 0.00010102052785923754, 'epoch': 2.48}
{'loss': 2.0307, 'grad_norm': 1.4530390501022339, 'learning_rate': 0.00010078592375366569, 'epoch': 2.48}
{'loss': 2.2809, 'grad_norm': 0.9753097891807556, 'learning_rate': 0.00010055131964809386, 'epoch': 2.49}
{'loss': 2.3305, 'grad_norm': 1.0126159191131592, 'learning_rate': 0.000100316715542522, 'epoch': 2.49}
{'loss': 2.2339, 'grad_norm': 1.3011295795440674, 'learning_rate': 0.00010008211143695014, 'epoch': 2.5}
{'loss': 2.22, 'grad_norm': 1.496108055114746, 'learning_rate': 9.98475073313783e-05, 'epoch': 2.5}
{'loss': 2.152, 'grad_norm': 0.8443412780761719, 'learning_rate': 9.961290322580645e-05, 'epoch': 2.51}
{'loss': 2.2271, 'grad_norm': 1.0191539525985718, 'learning_rate': 9.937829912023461e-05, 'epoch': 2.52}
{'loss': 2.2941, 'grad_norm': 1.3854204416275024, 'learning_rate': 9.914369501466276e-05, 'epoch': 2.52}
{'loss': 2.3167, 'grad_norm': 1.2376418113708496, 'learning_rate': 9.890909090909092e-05, 'epoch': 2.53}
{'loss': 2.351, 'grad_norm': 0.9125887751579285, 'learning_rate': 9.867448680351906e-05, 'epoch': 2.53}
{'loss': 2.2085, 'grad_norm': 1.0195059776306152, 'learning_rate': 9.843988269794722e-05, 'epoch': 2.54}
{'loss': 2.1229, 'grad_norm': 1.0657366514205933, 'learning_rate': 9.820527859237538e-05, 'epoch': 2.55}
{'loss': 2.2688, 'grad_norm': 1.3662362098693848, 'learning_rate': 9.797067448680353e-05, 'epoch': 2.55}
{'loss': 2.3322, 'grad_norm': 1.3371707201004028, 'learning_rate': 9.773607038123169e-05, 'epoch': 2.56}
{'loss': 2.2313, 'grad_norm': 1.0937968492507935, 'learning_rate': 9.750146627565982e-05, 'epoch': 2.56}
{'loss': 2.2532, 'grad_norm': 0.6551443338394165, 'learning_rate': 9.726686217008798e-05, 'epoch': 2.57}
{'loss': 2.3425, 'grad_norm': 0.6946558952331543, 'learning_rate': 9.703225806451613e-05, 'epoch': 2.57}
{'loss': 2.097, 'grad_norm': 1.286841869354248, 'learning_rate': 9.679765395894429e-05, 'epoch': 2.58}
{'loss': 2.3088, 'grad_norm': 1.4014943838119507, 'learning_rate': 9.656304985337244e-05, 'epoch': 2.59}
{'loss': 2.2258, 'grad_norm': 0.8442418575286865, 'learning_rate': 9.632844574780059e-05, 'epoch': 2.59}
{'loss': 2.2984, 'grad_norm': 0.8405269384384155, 'learning_rate': 9.609384164222875e-05, 'epoch': 2.6}
{'loss': 2.2222, 'grad_norm': 1.2199091911315918, 'learning_rate': 9.58592375366569e-05, 'epoch': 2.6}
{'loss': 2.2298, 'grad_norm': 1.1416401863098145, 'learning_rate': 9.562463343108505e-05, 'epoch': 2.61}
{'loss': 2.2387, 'grad_norm': 0.8416999578475952, 'learning_rate': 9.53900293255132e-05, 'epoch': 2.62}
{'loss': 2.301, 'grad_norm': 1.5553234815597534, 'learning_rate': 9.515542521994135e-05, 'epoch': 2.62}
{'loss': 2.2695, 'grad_norm': 0.8479667901992798, 'learning_rate': 9.492082111436951e-05, 'epoch': 2.63}
{'loss': 2.3017, 'grad_norm': 0.8429226279258728, 'learning_rate': 9.468621700879766e-05, 'epoch': 2.63}
{'loss': 2.2099, 'grad_norm': 0.9631931781768799, 'learning_rate': 9.44516129032258e-05, 'epoch': 2.64}
{'loss': 2.2494, 'grad_norm': 1.2076265811920166, 'learning_rate': 9.421700879765397e-05, 'epoch': 2.65}
{'loss': 2.1987, 'grad_norm': 1.4007169008255005, 'learning_rate': 9.398240469208211e-05, 'epoch': 2.65}
{'loss': 2.2586, 'grad_norm': 1.0186161994934082, 'learning_rate': 9.374780058651028e-05, 'epoch': 2.66}
{'loss': 2.2086, 'grad_norm': 1.8979864120483398, 'learning_rate': 9.351319648093842e-05, 'epoch': 2.66}
{'loss': 2.1643, 'grad_norm': 1.2193629741668701, 'learning_rate': 9.327859237536657e-05, 'epoch': 2.67}
{'loss': 2.1362, 'grad_norm': 1.0149495601654053, 'learning_rate': 9.304398826979472e-05, 'epoch': 2.67}
{'loss': 2.3011, 'grad_norm': 0.8590795397758484, 'learning_rate': 9.280938416422288e-05, 'epoch': 2.68}
{'loss': 2.3285, 'grad_norm': 1.023908019065857, 'learning_rate': 9.257478005865104e-05, 'epoch': 2.69}
{'loss': 2.2241, 'grad_norm': 0.7424337863922119, 'learning_rate': 9.234017595307919e-05, 'epoch': 2.69}
{'loss': 2.3507, 'grad_norm': 1.186236023902893, 'learning_rate': 9.210557184750734e-05, 'epoch': 2.7}
{'loss': 2.2852, 'grad_norm': 1.1305729150772095, 'learning_rate': 9.187096774193548e-05, 'epoch': 2.7}
{'loss': 2.3222, 'grad_norm': 0.9690381288528442, 'learning_rate': 9.163636363636364e-05, 'epoch': 2.71}
{'loss': 2.1844, 'grad_norm': 1.308359980583191, 'learning_rate': 9.140175953079179e-05, 'epoch': 2.72}
{'loss': 2.3287, 'grad_norm': 1.3532485961914062, 'learning_rate': 9.116715542521994e-05, 'epoch': 2.72}
{'loss': 2.2891, 'grad_norm': 1.348634958267212, 'learning_rate': 9.09325513196481e-05, 'epoch': 2.73}
{'loss': 2.2023, 'grad_norm': 1.220538854598999, 'learning_rate': 9.069794721407625e-05, 'epoch': 2.73}
{'loss': 2.3288, 'grad_norm': 1.0248973369598389, 'learning_rate': 9.046334310850441e-05, 'epoch': 2.74}
{'loss': 2.3762, 'grad_norm': 1.5025714635849, 'learning_rate': 9.022873900293256e-05, 'epoch': 2.74}
{'loss': 2.2368, 'grad_norm': 0.9433495402336121, 'learning_rate': 8.99941348973607e-05, 'epoch': 2.75}
{'loss': 1.9752, 'grad_norm': 0.9064700603485107, 'learning_rate': 8.975953079178886e-05, 'epoch': 2.76}
{'loss': 2.3478, 'grad_norm': 1.2900789976119995, 'learning_rate': 8.952492668621701e-05, 'epoch': 2.76}
{'loss': 2.1699, 'grad_norm': 1.3785418272018433, 'learning_rate': 8.929032258064517e-05, 'epoch': 2.77}
{'loss': 2.3137, 'grad_norm': 0.8378555774688721, 'learning_rate': 8.905571847507331e-05, 'epoch': 2.77}
{'loss': 2.2777, 'grad_norm': 0.82390296459198, 'learning_rate': 8.882111436950147e-05, 'epoch': 2.78}
{'loss': 2.114, 'grad_norm': 1.138825535774231, 'learning_rate': 8.858651026392963e-05, 'epoch': 2.79}
{'loss': 2.2862, 'grad_norm': 0.9676710963249207, 'learning_rate': 8.835190615835778e-05, 'epoch': 2.79}
{'loss': 2.2668, 'grad_norm': 0.9166737794876099, 'learning_rate': 8.811730205278594e-05, 'epoch': 2.8}
{'loss': 2.3448, 'grad_norm': 1.0162076950073242, 'learning_rate': 8.788269794721407e-05, 'epoch': 2.8}
{'loss': 2.1919, 'grad_norm': 1.1864019632339478, 'learning_rate': 8.764809384164223e-05, 'epoch': 2.81}
{'loss': 2.2963, 'grad_norm': 0.980250895023346, 'learning_rate': 8.741348973607038e-05, 'epoch': 2.82}
{'loss': 2.3527, 'grad_norm': 1.1953567266464233, 'learning_rate': 8.717888563049854e-05, 'epoch': 2.82}
{'loss': 2.1584, 'grad_norm': 1.0225454568862915, 'learning_rate': 8.694428152492669e-05, 'epoch': 2.83}
{'loss': 2.2554, 'grad_norm': 1.2124682664871216, 'learning_rate': 8.670967741935484e-05, 'epoch': 2.83}
{'loss': 2.337, 'grad_norm': 1.2594462633132935, 'learning_rate': 8.6475073313783e-05, 'epoch': 2.84}
{'loss': 2.3015, 'grad_norm': 1.0127215385437012, 'learning_rate': 8.624046920821114e-05, 'epoch': 2.84}
{'loss': 2.4316, 'grad_norm': 1.4011601209640503, 'learning_rate': 8.60058651026393e-05, 'epoch': 2.85}
{'loss': 2.3059, 'grad_norm': 1.9949390888214111, 'learning_rate': 8.577126099706745e-05, 'epoch': 2.86}
{'loss': 2.18, 'grad_norm': 1.3551697731018066, 'learning_rate': 8.55366568914956e-05, 'epoch': 2.86}
{'loss': 2.2112, 'grad_norm': 1.352373480796814, 'learning_rate': 8.530205278592376e-05, 'epoch': 2.87}
{'loss': 2.3551, 'grad_norm': 0.9503017663955688, 'learning_rate': 8.506744868035191e-05, 'epoch': 2.87}
{'loss': 2.321, 'grad_norm': 1.0586313009262085, 'learning_rate': 8.483284457478007e-05, 'epoch': 2.88}
{'loss': 2.2212, 'grad_norm': 0.975156843662262, 'learning_rate': 8.459824046920822e-05, 'epoch': 2.89}
{'loss': 2.1718, 'grad_norm': 1.3109499216079712, 'learning_rate': 8.436363636363637e-05, 'epoch': 2.89}
{'loss': 2.1174, 'grad_norm': 1.131850242614746, 'learning_rate': 8.412903225806453e-05, 'epoch': 2.9}
{'loss': 2.235, 'grad_norm': 0.9569428563117981, 'learning_rate': 8.389442815249267e-05, 'epoch': 2.9}
{'loss': 2.2607, 'grad_norm': 1.0743542909622192, 'learning_rate': 8.365982404692082e-05, 'epoch': 2.91}
{'loss': 2.1634, 'grad_norm': 1.4550663232803345, 'learning_rate': 8.342521994134897e-05, 'epoch': 2.91}
{'loss': 1.8915, 'grad_norm': 1.7683796882629395, 'learning_rate': 8.319061583577713e-05, 'epoch': 2.92}
{'loss': 2.3166, 'grad_norm': 1.3560806512832642, 'learning_rate': 8.295601173020529e-05, 'epoch': 2.93}
{'loss': 2.1884, 'grad_norm': 1.2110958099365234, 'learning_rate': 8.272140762463344e-05, 'epoch': 2.93}
{'loss': 2.1483, 'grad_norm': 1.664935827255249, 'learning_rate': 8.248680351906159e-05, 'epoch': 2.94}
{'loss': 2.0718, 'grad_norm': 1.381536841392517, 'learning_rate': 8.225219941348973e-05, 'epoch': 2.94}
{'loss': 2.1908, 'grad_norm': 0.7652603983879089, 'learning_rate': 8.20175953079179e-05, 'epoch': 2.95}
{'loss': 2.1975, 'grad_norm': 1.1487077474594116, 'learning_rate': 8.178299120234604e-05, 'epoch': 2.96}
{'loss': 2.3308, 'grad_norm': 1.0764217376708984, 'learning_rate': 8.154838709677419e-05, 'epoch': 2.96}
{'loss': 2.2748, 'grad_norm': 1.5830439329147339, 'learning_rate': 8.131378299120235e-05, 'epoch': 2.97}
{'loss': 2.2434, 'grad_norm': 1.0821375846862793, 'learning_rate': 8.10791788856305e-05, 'epoch': 2.97}
{'loss': 2.279, 'grad_norm': 0.7827737927436829, 'learning_rate': 8.084457478005866e-05, 'epoch': 2.98}
{'loss': 2.2273, 'grad_norm': 1.1583116054534912, 'learning_rate': 8.06099706744868e-05, 'epoch': 2.99}
{'loss': 2.3146, 'grad_norm': 1.4048655033111572, 'learning_rate': 8.037536656891495e-05, 'epoch': 2.99}
{'loss': 2.2091, 'grad_norm': 1.1828962564468384, 'learning_rate': 8.014076246334312e-05, 'epoch': 3.0}
{'loss': 2.2484, 'grad_norm': 1.2482656240463257, 'learning_rate': 7.990615835777126e-05, 'epoch': 3.0}
{'loss': 2.1991, 'grad_norm': 1.3052085638046265, 'learning_rate': 7.967155425219942e-05, 'epoch': 3.01}
{'loss': 2.1275, 'grad_norm': 1.2515826225280762, 'learning_rate': 7.943695014662756e-05, 'epoch': 3.01}
{'loss': 2.1853, 'grad_norm': 1.6624177694320679, 'learning_rate': 7.920234604105572e-05, 'epoch': 3.02}
{'loss': 2.0571, 'grad_norm': 0.7479844093322754, 'learning_rate': 7.896774193548388e-05, 'epoch': 3.03}
{'loss': 2.1292, 'grad_norm': 2.661433696746826, 'learning_rate': 7.873313782991203e-05, 'epoch': 3.03}
{'loss': 2.0607, 'grad_norm': 1.060417652130127, 'learning_rate': 7.849853372434019e-05, 'epoch': 3.04}
{'loss': 2.1374, 'grad_norm': 1.4123570919036865, 'learning_rate': 7.826392961876832e-05, 'epoch': 3.04}
{'loss': 2.1116, 'grad_norm': 0.7400150895118713, 'learning_rate': 7.802932551319648e-05, 'epoch': 3.05}
{'loss': 2.263, 'grad_norm': 1.2508336305618286, 'learning_rate': 7.779472140762463e-05, 'epoch': 3.06}
{'loss': 2.0913, 'grad_norm': 1.1823680400848389, 'learning_rate': 7.756011730205279e-05, 'epoch': 3.06}
{'loss': 2.1885, 'grad_norm': 1.3236044645309448, 'learning_rate': 7.732551319648095e-05, 'epoch': 3.07}
{'loss': 2.0255, 'grad_norm': 1.456978440284729, 'learning_rate': 7.709090909090909e-05, 'epoch': 3.07}
{'loss': 2.0367, 'grad_norm': 0.7524832487106323, 'learning_rate': 7.685630498533725e-05, 'epoch': 3.08}
{'loss': 2.2278, 'grad_norm': 1.594438910484314, 'learning_rate': 7.66217008797654e-05, 'epoch': 3.09}
{'loss': 2.214, 'grad_norm': 1.4358233213424683, 'learning_rate': 7.638709677419356e-05, 'epoch': 3.09}
{'loss': 2.1708, 'grad_norm': 1.6056584119796753, 'learning_rate': 7.61524926686217e-05, 'epoch': 3.1}
{'loss': 2.1078, 'grad_norm': 0.960113525390625, 'learning_rate': 7.591788856304985e-05, 'epoch': 3.1}
{'loss': 2.1399, 'grad_norm': 1.1880006790161133, 'learning_rate': 7.568328445747801e-05, 'epoch': 3.11}
{'loss': 2.2408, 'grad_norm': 1.231284737586975, 'learning_rate': 7.544868035190616e-05, 'epoch': 3.11}
{'loss': 2.0799, 'grad_norm': 1.045640230178833, 'learning_rate': 7.521407624633432e-05, 'epoch': 3.12}
{'loss': 2.2065, 'grad_norm': 1.3879388570785522, 'learning_rate': 7.497947214076247e-05, 'epoch': 3.13}
{'loss': 2.2476, 'grad_norm': 1.4021384716033936, 'learning_rate': 7.474486803519062e-05, 'epoch': 3.13}
{'loss': 2.2355, 'grad_norm': 1.458465814590454, 'learning_rate': 7.451026392961878e-05, 'epoch': 3.14}
{'loss': 2.1394, 'grad_norm': 1.4615349769592285, 'learning_rate': 7.427565982404692e-05, 'epoch': 3.14}
{'loss': 2.1513, 'grad_norm': 1.5935138463974, 'learning_rate': 7.404105571847507e-05, 'epoch': 3.15}
{'loss': 2.0948, 'grad_norm': 1.4014910459518433, 'learning_rate': 7.380645161290323e-05, 'epoch': 3.16}
{'loss': 2.2613, 'grad_norm': 1.0166211128234863, 'learning_rate': 7.357184750733138e-05, 'epoch': 3.16}
{'loss': 2.1413, 'grad_norm': 1.0091841220855713, 'learning_rate': 7.333724340175954e-05, 'epoch': 3.17}
{'loss': 2.1735, 'grad_norm': 1.4124492406845093, 'learning_rate': 7.310263929618769e-05, 'epoch': 3.17}
{'loss': 2.2042, 'grad_norm': 1.0006322860717773, 'learning_rate': 7.286803519061584e-05, 'epoch': 3.18}
{'loss': 2.2618, 'grad_norm': 0.8748531937599182, 'learning_rate': 7.263343108504398e-05, 'epoch': 3.18}
{'loss': 2.0894, 'grad_norm': 1.7501996755599976, 'learning_rate': 7.239882697947215e-05, 'epoch': 3.19}
{'loss': 2.2099, 'grad_norm': 0.9247914552688599, 'learning_rate': 7.21642228739003e-05, 'epoch': 3.2}
{'loss': 2.2461, 'grad_norm': 1.426888346672058, 'learning_rate': 7.192961876832844e-05, 'epoch': 3.2}
{'loss': 2.2769, 'grad_norm': 1.4375897645950317, 'learning_rate': 7.16950146627566e-05, 'epoch': 3.21}
{'loss': 2.2814, 'grad_norm': 0.9766659140586853, 'learning_rate': 7.146041055718475e-05, 'epoch': 3.21}
{'loss': 2.1458, 'grad_norm': 1.3623814582824707, 'learning_rate': 7.122580645161291e-05, 'epoch': 3.22}
{'loss': 2.1754, 'grad_norm': 1.508257508277893, 'learning_rate': 7.099120234604106e-05, 'epoch': 3.23}
{'loss': 2.1987, 'grad_norm': 1.3806506395339966, 'learning_rate': 7.07565982404692e-05, 'epoch': 3.23}
{'loss': 2.2434, 'grad_norm': 1.095550775527954, 'learning_rate': 7.052199413489737e-05, 'epoch': 3.24}
{'loss': 2.2112, 'grad_norm': 1.1787546873092651, 'learning_rate': 7.028739002932551e-05, 'epoch': 3.24}
{'loss': 2.1971, 'grad_norm': 1.2250093221664429, 'learning_rate': 7.005278592375367e-05, 'epoch': 3.25}
{'loss': 2.2284, 'grad_norm': 1.5016642808914185, 'learning_rate': 6.981818181818182e-05, 'epoch': 3.26}
{'loss': 1.986, 'grad_norm': 1.3760120868682861, 'learning_rate': 6.958357771260997e-05, 'epoch': 3.26}
{'loss': 2.2838, 'grad_norm': 1.5112335681915283, 'learning_rate': 6.934897360703813e-05, 'epoch': 3.27}
{'loss': 2.1598, 'grad_norm': 1.3794251680374146, 'learning_rate': 6.911436950146628e-05, 'epoch': 3.27}
{'loss': 2.264, 'grad_norm': 1.3435423374176025, 'learning_rate': 6.887976539589444e-05, 'epoch': 3.28}
{'loss': 2.0749, 'grad_norm': 1.392935872077942, 'learning_rate': 6.864516129032257e-05, 'epoch': 3.28}
{'loss': 2.3298, 'grad_norm': 1.176635503768921, 'learning_rate': 6.841055718475073e-05, 'epoch': 3.29}
{'loss': 2.1725, 'grad_norm': 1.4924782514572144, 'learning_rate': 6.81759530791789e-05, 'epoch': 3.3}
{'loss': 2.2222, 'grad_norm': 0.8658713102340698, 'learning_rate': 6.794134897360704e-05, 'epoch': 3.3}
{'loss': 1.9664, 'grad_norm': 1.462195634841919, 'learning_rate': 6.77067448680352e-05, 'epoch': 3.31}
{'loss': 2.1046, 'grad_norm': 1.0749605894088745, 'learning_rate': 6.747214076246334e-05, 'epoch': 3.31}
{'loss': 2.1431, 'grad_norm': 1.3138844966888428, 'learning_rate': 6.72375366568915e-05, 'epoch': 3.32}
{'loss': 2.0765, 'grad_norm': 1.2299699783325195, 'learning_rate': 6.700293255131965e-05, 'epoch': 3.33}
{'loss': 2.174, 'grad_norm': 1.345921516418457, 'learning_rate': 6.676832844574781e-05, 'epoch': 3.33}
{'loss': 2.1058, 'grad_norm': 1.044785976409912, 'learning_rate': 6.653372434017596e-05, 'epoch': 3.34}
{'loss': 2.1908, 'grad_norm': 1.4367899894714355, 'learning_rate': 6.62991202346041e-05, 'epoch': 3.34}
{'loss': 2.0192, 'grad_norm': 1.400431513786316, 'learning_rate': 6.606451612903226e-05, 'epoch': 3.35}
{'loss': 2.2637, 'grad_norm': 1.4128398895263672, 'learning_rate': 6.582991202346041e-05, 'epoch': 3.35}
{'loss': 2.1762, 'grad_norm': 1.3769677877426147, 'learning_rate': 6.559530791788857e-05, 'epoch': 3.36}
{'loss': 2.1032, 'grad_norm': 1.67084801197052, 'learning_rate': 6.536070381231672e-05, 'epoch': 3.37}
{'loss': 2.1337, 'grad_norm': 1.6238062381744385, 'learning_rate': 6.512609970674487e-05, 'epoch': 3.37}
{'loss': 1.963, 'grad_norm': 1.9227899312973022, 'learning_rate': 6.489149560117303e-05, 'epoch': 3.38}
{'loss': 2.071, 'grad_norm': 1.367823600769043, 'learning_rate': 6.465689149560118e-05, 'epoch': 3.38}
{'loss': 2.2077, 'grad_norm': 1.184704065322876, 'learning_rate': 6.442228739002932e-05, 'epoch': 3.39}
{'loss': 2.1342, 'grad_norm': 1.4154949188232422, 'learning_rate': 6.418768328445748e-05, 'epoch': 3.4}
{'loss': 2.1433, 'grad_norm': 1.2332655191421509, 'learning_rate': 6.395307917888563e-05, 'epoch': 3.4}
{'loss': 2.1662, 'grad_norm': 1.3038939237594604, 'learning_rate': 6.371847507331379e-05, 'epoch': 3.41}
{'loss': 2.1934, 'grad_norm': 1.3131510019302368, 'learning_rate': 6.348387096774194e-05, 'epoch': 3.41}
{'loss': 2.2371, 'grad_norm': 1.1078146696090698, 'learning_rate': 6.324926686217009e-05, 'epoch': 3.42}
{'loss': 2.1698, 'grad_norm': 1.533913493156433, 'learning_rate': 6.301466275659824e-05, 'epoch': 3.43}
{'loss': 2.2535, 'grad_norm': 1.3864086866378784, 'learning_rate': 6.27800586510264e-05, 'epoch': 3.43}
{'loss': 2.1123, 'grad_norm': 1.5116229057312012, 'learning_rate': 6.254545454545456e-05, 'epoch': 3.44}
{'loss': 2.1964, 'grad_norm': 0.9370641708374023, 'learning_rate': 6.23108504398827e-05, 'epoch': 3.44}
{'loss': 2.1177, 'grad_norm': 1.209194302558899, 'learning_rate': 6.207624633431085e-05, 'epoch': 3.45}
{'loss': 2.173, 'grad_norm': 1.00803542137146, 'learning_rate': 6.1841642228739e-05, 'epoch': 3.45}
{'loss': 2.0243, 'grad_norm': 1.1558760404586792, 'learning_rate': 6.160703812316716e-05, 'epoch': 3.46}
{'loss': 2.2345, 'grad_norm': 1.893157720565796, 'learning_rate': 6.137243401759531e-05, 'epoch': 3.47}
{'loss': 2.2134, 'grad_norm': 1.850250005722046, 'learning_rate': 6.113782991202346e-05, 'epoch': 3.47}
{'loss': 2.1113, 'grad_norm': 1.744876503944397, 'learning_rate': 6.090322580645161e-05, 'epoch': 3.48}
{'loss': 2.2172, 'grad_norm': 1.4910472631454468, 'learning_rate': 6.066862170087977e-05, 'epoch': 3.48}
{'loss': 2.0918, 'grad_norm': 1.1965423822402954, 'learning_rate': 6.0434017595307926e-05, 'epoch': 3.49}
{'loss': 2.0826, 'grad_norm': 1.4393563270568848, 'learning_rate': 6.019941348973608e-05, 'epoch': 3.5}
{'loss': 2.1758, 'grad_norm': 1.5221011638641357, 'learning_rate': 5.996480938416422e-05, 'epoch': 3.5}
{'loss': 2.2221, 'grad_norm': 1.197675108909607, 'learning_rate': 5.9730205278592375e-05, 'epoch': 3.51}
{'loss': 2.2815, 'grad_norm': 1.9131371974945068, 'learning_rate': 5.949560117302053e-05, 'epoch': 3.51}
{'loss': 2.1703, 'grad_norm': 1.372627854347229, 'learning_rate': 5.9260997067448684e-05, 'epoch': 3.52}
{'loss': 2.1479, 'grad_norm': 1.0978535413742065, 'learning_rate': 5.902639296187683e-05, 'epoch': 3.52}
{'loss': 2.1485, 'grad_norm': 1.1607328653335571, 'learning_rate': 5.8791788856304986e-05, 'epoch': 3.53}
{'loss': 2.1151, 'grad_norm': 1.3478736877441406, 'learning_rate': 5.855718475073314e-05, 'epoch': 3.54}
{'loss': 2.0779, 'grad_norm': 1.3499383926391602, 'learning_rate': 5.8322580645161294e-05, 'epoch': 3.54}
{'loss': 2.0929, 'grad_norm': 1.1435139179229736, 'learning_rate': 5.808797653958945e-05, 'epoch': 3.55}
{'loss': 2.1268, 'grad_norm': 1.100484848022461, 'learning_rate': 5.7853372434017596e-05, 'epoch': 3.55}
{'loss': 2.2126, 'grad_norm': 1.3060675859451294, 'learning_rate': 5.761876832844575e-05, 'epoch': 3.56}
{'loss': 2.1502, 'grad_norm': 1.0367780923843384, 'learning_rate': 5.7384164222873904e-05, 'epoch': 3.57}
{'loss': 2.2084, 'grad_norm': 1.9027963876724243, 'learning_rate': 5.714956011730206e-05, 'epoch': 3.57}
{'loss': 2.1985, 'grad_norm': 0.9841747283935547, 'learning_rate': 5.69149560117302e-05, 'epoch': 3.58}
{'loss': 1.9639, 'grad_norm': 0.8569101095199585, 'learning_rate': 5.668035190615836e-05, 'epoch': 3.58}
{'loss': 2.039, 'grad_norm': 1.162040114402771, 'learning_rate': 5.6445747800586515e-05, 'epoch': 3.59}
{'loss': 2.2017, 'grad_norm': 1.1177548170089722, 'learning_rate': 5.621114369501467e-05, 'epoch': 3.6}
{'loss': 2.114, 'grad_norm': 1.317996859550476, 'learning_rate': 5.5976539589442823e-05, 'epoch': 3.6}
{'loss': 2.3124, 'grad_norm': 1.1076582670211792, 'learning_rate': 5.5741935483870964e-05, 'epoch': 3.61}
{'loss': 2.2253, 'grad_norm': 1.0410970449447632, 'learning_rate': 5.550733137829912e-05, 'epoch': 3.61}
{'loss': 2.0873, 'grad_norm': 1.2962372303009033, 'learning_rate': 5.527272727272727e-05, 'epoch': 3.62}
{'loss': 2.2418, 'grad_norm': 1.8419991731643677, 'learning_rate': 5.5038123167155434e-05, 'epoch': 3.62}
{'loss': 2.2299, 'grad_norm': 1.5927413702011108, 'learning_rate': 5.480351906158359e-05, 'epoch': 3.63}
{'loss': 2.0131, 'grad_norm': 1.1056127548217773, 'learning_rate': 5.456891495601173e-05, 'epoch': 3.64}
{'loss': 2.1392, 'grad_norm': 1.0518120527267456, 'learning_rate': 5.433431085043988e-05, 'epoch': 3.64}
{'loss': 2.2038, 'grad_norm': 0.9005225300788879, 'learning_rate': 5.409970674486804e-05, 'epoch': 3.65}
{'loss': 2.1735, 'grad_norm': 1.5536531209945679, 'learning_rate': 5.386510263929619e-05, 'epoch': 3.65}
{'loss': 2.0625, 'grad_norm': 1.4038704633712769, 'learning_rate': 5.363049853372434e-05, 'epoch': 3.66}
{'loss': 2.1683, 'grad_norm': 1.471039891242981, 'learning_rate': 5.3395894428152493e-05, 'epoch': 3.67}
{'loss': 2.1614, 'grad_norm': 1.587020993232727, 'learning_rate': 5.316129032258065e-05, 'epoch': 3.67}
{'loss': 2.2493, 'grad_norm': 1.0636268854141235, 'learning_rate': 5.29266862170088e-05, 'epoch': 3.68}
{'loss': 2.2369, 'grad_norm': 1.2700884342193604, 'learning_rate': 5.2692082111436956e-05, 'epoch': 3.68}
{'loss': 2.2595, 'grad_norm': 1.7862608432769775, 'learning_rate': 5.2457478005865104e-05, 'epoch': 3.69}
{'loss': 2.0673, 'grad_norm': 1.6216586828231812, 'learning_rate': 5.222287390029326e-05, 'epoch': 3.7}
{'loss': 2.0809, 'grad_norm': 1.2663995027542114, 'learning_rate': 5.198826979472141e-05, 'epoch': 3.7}
{'loss': 2.0927, 'grad_norm': 0.7189158797264099, 'learning_rate': 5.1753665689149567e-05, 'epoch': 3.71}
{'loss': 2.1925, 'grad_norm': 1.0738141536712646, 'learning_rate': 5.151906158357771e-05, 'epoch': 3.71}
{'loss': 2.2293, 'grad_norm': 1.3595068454742432, 'learning_rate': 5.128445747800587e-05, 'epoch': 3.72}
{'loss': 2.1664, 'grad_norm': 1.0295716524124146, 'learning_rate': 5.104985337243402e-05, 'epoch': 3.72}
{'loss': 2.2941, 'grad_norm': 1.552843689918518, 'learning_rate': 5.081524926686218e-05, 'epoch': 3.73}
{'loss': 2.0492, 'grad_norm': 1.2327215671539307, 'learning_rate': 5.058064516129033e-05, 'epoch': 3.74}
{'loss': 2.2141, 'grad_norm': 1.4015761613845825, 'learning_rate': 5.034604105571847e-05, 'epoch': 3.74}
{'loss': 2.0723, 'grad_norm': 1.0384079217910767, 'learning_rate': 5.0111436950146626e-05, 'epoch': 3.75}
{'loss': 2.1575, 'grad_norm': 1.1127420663833618, 'learning_rate': 4.987683284457478e-05, 'epoch': 3.75}
{'loss': 2.1786, 'grad_norm': 0.9008902907371521, 'learning_rate': 4.9642228739002935e-05, 'epoch': 3.76}
{'loss': 2.1719, 'grad_norm': 1.765419363975525, 'learning_rate': 4.940762463343109e-05, 'epoch': 3.77}
{'loss': 2.151, 'grad_norm': 1.542603611946106, 'learning_rate': 4.917302052785924e-05, 'epoch': 3.77}
{'loss': 2.3023, 'grad_norm': 1.5729331970214844, 'learning_rate': 4.893841642228739e-05, 'epoch': 3.78}
{'loss': 2.1591, 'grad_norm': 1.5908633470535278, 'learning_rate': 4.8703812316715545e-05, 'epoch': 3.78}
{'loss': 2.1823, 'grad_norm': 1.3831783533096313, 'learning_rate': 4.84692082111437e-05, 'epoch': 3.79}
{'loss': 2.0786, 'grad_norm': 1.3782798051834106, 'learning_rate': 4.8234604105571854e-05, 'epoch': 3.79}
{'loss': 2.0843, 'grad_norm': 1.654531478881836, 'learning_rate': 4.8e-05, 'epoch': 3.8}
{'loss': 2.1796, 'grad_norm': 1.634837031364441, 'learning_rate': 4.7765395894428155e-05, 'epoch': 3.81}
{'loss': 2.1796, 'grad_norm': 1.4008623361587524, 'learning_rate': 4.75307917888563e-05, 'epoch': 3.81}
{'loss': 2.156, 'grad_norm': 1.1596084833145142, 'learning_rate': 4.729618768328446e-05, 'epoch': 3.82}
{'loss': 2.0673, 'grad_norm': 1.87087881565094, 'learning_rate': 4.706158357771261e-05, 'epoch': 3.82}
{'loss': 2.1552, 'grad_norm': 1.0243926048278809, 'learning_rate': 4.6826979472140766e-05, 'epoch': 3.83}
{'loss': 2.1537, 'grad_norm': 1.6092702150344849, 'learning_rate': 4.659237536656892e-05, 'epoch': 3.84}
{'loss': 2.2039, 'grad_norm': 1.1335153579711914, 'learning_rate': 4.635777126099707e-05, 'epoch': 3.84}
{'loss': 2.1836, 'grad_norm': 1.3633908033370972, 'learning_rate': 4.612316715542522e-05, 'epoch': 3.85}
{'loss': 2.0969, 'grad_norm': 0.9770193099975586, 'learning_rate': 4.588856304985337e-05, 'epoch': 3.85}
{'loss': 2.2226, 'grad_norm': 1.7140247821807861, 'learning_rate': 4.565395894428153e-05, 'epoch': 3.86}
{'loss': 2.1043, 'grad_norm': 1.0591161251068115, 'learning_rate': 4.5419354838709685e-05, 'epoch': 3.87}
{'loss': 2.0368, 'grad_norm': 1.1010947227478027, 'learning_rate': 4.518475073313783e-05, 'epoch': 3.87}
{'loss': 2.1475, 'grad_norm': 1.321555733680725, 'learning_rate': 4.4950146627565987e-05, 'epoch': 3.88}
{'loss': 2.0535, 'grad_norm': 0.9539027214050293, 'learning_rate': 4.4715542521994134e-05, 'epoch': 3.88}
{'loss': 1.9989, 'grad_norm': 1.098419189453125, 'learning_rate': 4.448093841642229e-05, 'epoch': 3.89}
{'loss': 2.114, 'grad_norm': 1.0807284116744995, 'learning_rate': 4.424633431085044e-05, 'epoch': 3.89}
{'loss': 2.2026, 'grad_norm': 2.011263847351074, 'learning_rate': 4.40117302052786e-05, 'epoch': 3.9}
{'loss': 2.1517, 'grad_norm': 1.3301680088043213, 'learning_rate': 4.3777126099706744e-05, 'epoch': 3.91}
{'loss': 2.169, 'grad_norm': 1.158600091934204, 'learning_rate': 4.35425219941349e-05, 'epoch': 3.91}
{'loss': 2.1392, 'grad_norm': 1.4743324518203735, 'learning_rate': 4.330791788856305e-05, 'epoch': 3.92}
{'loss': 2.1381, 'grad_norm': 1.5474637746810913, 'learning_rate': 4.30733137829912e-05, 'epoch': 3.92}
{'loss': 2.2796, 'grad_norm': 1.533035159111023, 'learning_rate': 4.283870967741936e-05, 'epoch': 3.93}
{'loss': 2.1252, 'grad_norm': 1.6329357624053955, 'learning_rate': 4.260410557184751e-05, 'epoch': 3.94}
{'loss': 2.2998, 'grad_norm': 1.8921055793762207, 'learning_rate': 4.236950146627566e-05, 'epoch': 3.94}
{'loss': 2.1013, 'grad_norm': 1.077438235282898, 'learning_rate': 4.213489736070381e-05, 'epoch': 3.95}
{'loss': 2.1958, 'grad_norm': 1.1676137447357178, 'learning_rate': 4.1900293255131965e-05, 'epoch': 3.95}
{'loss': 2.1126, 'grad_norm': 1.2213534116744995, 'learning_rate': 4.166568914956012e-05, 'epoch': 3.96}
{'loss': 2.1317, 'grad_norm': 1.2279366254806519, 'learning_rate': 4.1431085043988274e-05, 'epoch': 3.96}
{'loss': 2.2101, 'grad_norm': 1.3841607570648193, 'learning_rate': 4.119648093841643e-05, 'epoch': 3.97}
{'loss': 2.0336, 'grad_norm': 0.8932822942733765, 'learning_rate': 4.0961876832844575e-05, 'epoch': 3.98}
{'loss': 2.0656, 'grad_norm': 0.8381808996200562, 'learning_rate': 4.072727272727273e-05, 'epoch': 3.98}
{'loss': 2.2255, 'grad_norm': 1.1580569744110107, 'learning_rate': 4.049266862170088e-05, 'epoch': 3.99}
{'loss': 1.9945, 'grad_norm': 1.2383612394332886, 'learning_rate': 4.025806451612903e-05, 'epoch': 3.99}
{'loss': 2.0359, 'grad_norm': 2.5606181621551514, 'learning_rate': 4.0023460410557186e-05, 'epoch': 4.0}
{'loss': 2.2579, 'grad_norm': 1.270327091217041, 'learning_rate': 3.978885630498534e-05, 'epoch': 4.01}
{'loss': 2.0996, 'grad_norm': 1.3467363119125366, 'learning_rate': 3.9554252199413494e-05, 'epoch': 4.01}
{'loss': 2.0767, 'grad_norm': 1.746813178062439, 'learning_rate': 3.931964809384164e-05, 'epoch': 4.02}
{'loss': 2.2268, 'grad_norm': 1.2352879047393799, 'learning_rate': 3.9085043988269796e-05, 'epoch': 4.02}
{'loss': 2.1417, 'grad_norm': 1.0478171110153198, 'learning_rate': 3.885043988269795e-05, 'epoch': 4.03}
{'loss': 2.1874, 'grad_norm': 1.1709094047546387, 'learning_rate': 3.8615835777126105e-05, 'epoch': 4.04}
{'loss': 2.017, 'grad_norm': 1.2777509689331055, 'learning_rate': 3.838123167155425e-05, 'epoch': 4.04}
{'loss': 1.9669, 'grad_norm': 1.6864951848983765, 'learning_rate': 3.8146627565982407e-05, 'epoch': 4.05}
{'loss': 2.0465, 'grad_norm': 1.4420549869537354, 'learning_rate': 3.791202346041056e-05, 'epoch': 4.05}
{'loss': 2.2133, 'grad_norm': 1.7705878019332886, 'learning_rate': 3.767741935483871e-05, 'epoch': 4.06}
{'loss': 1.9992, 'grad_norm': 1.305729627609253, 'learning_rate': 3.744281524926687e-05, 'epoch': 4.06}
{'loss': 1.9939, 'grad_norm': 1.6831064224243164, 'learning_rate': 3.720821114369502e-05, 'epoch': 4.07}
{'loss': 2.1484, 'grad_norm': 0.8815931677818298, 'learning_rate': 3.697360703812317e-05, 'epoch': 4.08}
{'loss': 2.2016, 'grad_norm': 1.793208360671997, 'learning_rate': 3.673900293255132e-05, 'epoch': 4.08}
{'loss': 2.166, 'grad_norm': 1.6293573379516602, 'learning_rate': 3.650439882697947e-05, 'epoch': 4.09}
{'loss': 2.1768, 'grad_norm': 1.2264870405197144, 'learning_rate': 3.626979472140763e-05, 'epoch': 4.09}
{'loss': 2.2135, 'grad_norm': 1.2070376873016357, 'learning_rate': 3.603519061583578e-05, 'epoch': 4.1}
{'loss': 2.1341, 'grad_norm': 1.7034053802490234, 'learning_rate': 3.5800586510263936e-05, 'epoch': 4.11}
{'loss': 2.035, 'grad_norm': 1.10824453830719, 'learning_rate': 3.556598240469208e-05, 'epoch': 4.11}
{'loss': 2.0392, 'grad_norm': 1.689494252204895, 'learning_rate': 3.533137829912024e-05, 'epoch': 4.12}
{'loss': 2.1385, 'grad_norm': 1.5344632863998413, 'learning_rate': 3.5096774193548385e-05, 'epoch': 4.12}
{'loss': 1.9678, 'grad_norm': 1.5814929008483887, 'learning_rate': 3.486217008797654e-05, 'epoch': 4.13}
{'loss': 2.0473, 'grad_norm': 1.3406668901443481, 'learning_rate': 3.4627565982404694e-05, 'epoch': 4.13}
{'loss': 2.1464, 'grad_norm': 1.5139058828353882, 'learning_rate': 3.439296187683285e-05, 'epoch': 4.14}
{'loss': 2.1202, 'grad_norm': 1.6362593173980713, 'learning_rate': 3.4158357771261e-05, 'epoch': 4.15}
{'loss': 1.9935, 'grad_norm': 1.2437505722045898, 'learning_rate': 3.392375366568915e-05, 'epoch': 4.15}
{'loss': 2.0999, 'grad_norm': 1.2310891151428223, 'learning_rate': 3.3689149560117304e-05, 'epoch': 4.16}
{'loss': 2.008, 'grad_norm': 1.7252159118652344, 'learning_rate': 3.345454545454546e-05, 'epoch': 4.16}
{'loss': 2.0967, 'grad_norm': 1.1858901977539062, 'learning_rate': 3.321994134897361e-05, 'epoch': 4.17}
{'loss': 2.025, 'grad_norm': 1.2572972774505615, 'learning_rate': 3.298533724340176e-05, 'epoch': 4.18}
{'loss': 2.1116, 'grad_norm': 1.222801685333252, 'learning_rate': 3.2750733137829914e-05, 'epoch': 4.18}
{'loss': 1.9799, 'grad_norm': 1.2661904096603394, 'learning_rate': 3.251612903225806e-05, 'epoch': 4.19}
{'loss': 2.0133, 'grad_norm': 1.387162685394287, 'learning_rate': 3.2281524926686216e-05, 'epoch': 4.19}
{'loss': 2.0929, 'grad_norm': 1.4754835367202759, 'learning_rate': 3.204692082111437e-05, 'epoch': 4.2}
{'loss': 2.1059, 'grad_norm': 1.1976646184921265, 'learning_rate': 3.1812316715542525e-05, 'epoch': 4.21}
{'loss': 2.0814, 'grad_norm': 1.7851998805999756, 'learning_rate': 3.157771260997068e-05, 'epoch': 4.21}
{'loss': 2.1066, 'grad_norm': 1.752128005027771, 'learning_rate': 3.1343108504398826e-05, 'epoch': 4.22}
{'loss': 2.1586, 'grad_norm': 1.8377450704574585, 'learning_rate': 3.110850439882698e-05, 'epoch': 4.22}
{'loss': 2.0751, 'grad_norm': 1.8330458402633667, 'learning_rate': 3.087390029325513e-05, 'epoch': 4.23}
{'loss': 2.0999, 'grad_norm': 1.7555603981018066, 'learning_rate': 3.063929618768329e-05, 'epoch': 4.23}
{'loss': 2.1808, 'grad_norm': 1.6360901594161987, 'learning_rate': 3.040469208211144e-05, 'epoch': 4.24}
{'loss': 2.099, 'grad_norm': 1.2530964612960815, 'learning_rate': 3.017008797653959e-05, 'epoch': 4.25}
{'loss': 2.0477, 'grad_norm': 1.3422799110412598, 'learning_rate': 2.9935483870967745e-05, 'epoch': 4.25}
{'loss': 2.1107, 'grad_norm': 1.3061593770980835, 'learning_rate': 2.9700879765395896e-05, 'epoch': 4.26}
{'loss': 1.8716, 'grad_norm': 1.2781144380569458, 'learning_rate': 2.946627565982405e-05, 'epoch': 4.26}
{'loss': 2.1433, 'grad_norm': 1.6963719129562378, 'learning_rate': 2.9231671554252198e-05, 'epoch': 4.27}
{'loss': 1.9679, 'grad_norm': 0.8372530937194824, 'learning_rate': 2.8997067448680352e-05, 'epoch': 4.28}
{'loss': 2.0795, 'grad_norm': 1.6841185092926025, 'learning_rate': 2.8762463343108503e-05, 'epoch': 4.28}
{'loss': 2.131, 'grad_norm': 1.01340913772583, 'learning_rate': 2.8527859237536658e-05, 'epoch': 4.29}
{'loss': 2.0971, 'grad_norm': 1.758395791053772, 'learning_rate': 2.8293255131964812e-05, 'epoch': 4.29}
{'loss': 2.1248, 'grad_norm': 1.4088529348373413, 'learning_rate': 2.8058651026392963e-05, 'epoch': 4.3}
{'loss': 1.9085, 'grad_norm': 1.739983081817627, 'learning_rate': 2.7824046920821117e-05, 'epoch': 4.3}
{'loss': 2.074, 'grad_norm': 1.559936285018921, 'learning_rate': 2.7589442815249268e-05, 'epoch': 4.31}
{'loss': 2.2358, 'grad_norm': 1.3680440187454224, 'learning_rate': 2.7354838709677422e-05, 'epoch': 4.32}
{'loss': 2.0412, 'grad_norm': 0.9672175049781799, 'learning_rate': 2.712023460410557e-05, 'epoch': 4.32}
{'loss': 1.9705, 'grad_norm': 1.7398862838745117, 'learning_rate': 2.6885630498533727e-05, 'epoch': 4.33}
{'loss': 2.0987, 'grad_norm': 1.3348900079727173, 'learning_rate': 2.665102639296188e-05, 'epoch': 4.33}
{'loss': 2.0964, 'grad_norm': 1.5679640769958496, 'learning_rate': 2.641642228739003e-05, 'epoch': 4.34}
{'loss': 2.1106, 'grad_norm': 1.4794570207595825, 'learning_rate': 2.6181818181818187e-05, 'epoch': 4.35}
{'loss': 2.0444, 'grad_norm': 1.0915635824203491, 'learning_rate': 2.5947214076246334e-05, 'epoch': 4.35}
{'loss': 2.085, 'grad_norm': 1.7503182888031006, 'learning_rate': 2.571260997067449e-05, 'epoch': 4.36}
{'loss': 2.1462, 'grad_norm': 1.4554790258407593, 'learning_rate': 2.547800586510264e-05, 'epoch': 4.36}
{'loss': 2.1608, 'grad_norm': 1.2864586114883423, 'learning_rate': 2.5243401759530794e-05, 'epoch': 4.37}
{'loss': 2.1684, 'grad_norm': 1.4227986335754395, 'learning_rate': 2.5008797653958945e-05, 'epoch': 4.38}
{'loss': 2.192, 'grad_norm': 1.3111741542816162, 'learning_rate': 2.47741935483871e-05, 'epoch': 4.38}
{'loss': 2.0282, 'grad_norm': 1.0556477308273315, 'learning_rate': 2.453958944281525e-05, 'epoch': 4.39}
{'loss': 2.1263, 'grad_norm': 1.0532149076461792, 'learning_rate': 2.43049853372434e-05, 'epoch': 4.39}
{'loss': 2.1064, 'grad_norm': 1.6677196025848389, 'learning_rate': 2.4070381231671555e-05, 'epoch': 4.4}
{'loss': 2.0724, 'grad_norm': 1.823264241218567, 'learning_rate': 2.383577712609971e-05, 'epoch': 4.4}
{'loss': 2.0432, 'grad_norm': 1.17649245262146, 'learning_rate': 2.360117302052786e-05, 'epoch': 4.41}
{'loss': 2.012, 'grad_norm': 2.018087863922119, 'learning_rate': 2.3366568914956014e-05, 'epoch': 4.42}
{'loss': 1.9872, 'grad_norm': 1.5106045007705688, 'learning_rate': 2.3131964809384165e-05, 'epoch': 4.42}
{'loss': 2.1522, 'grad_norm': 1.3386417627334595, 'learning_rate': 2.2897360703812316e-05, 'epoch': 4.43}
{'loss': 2.0342, 'grad_norm': 1.8166207075119019, 'learning_rate': 2.266275659824047e-05, 'epoch': 4.43}
{'loss': 2.0876, 'grad_norm': 2.0956852436065674, 'learning_rate': 2.242815249266862e-05, 'epoch': 4.44}
{'loss': 1.9492, 'grad_norm': 1.8382337093353271, 'learning_rate': 2.2193548387096776e-05, 'epoch': 4.45}
{'loss': 2.1643, 'grad_norm': 1.7348369359970093, 'learning_rate': 2.195894428152493e-05, 'epoch': 4.45}
{'loss': 2.2439, 'grad_norm': 1.5799378156661987, 'learning_rate': 2.172434017595308e-05, 'epoch': 4.46}
{'loss': 2.2463, 'grad_norm': 1.3175246715545654, 'learning_rate': 2.1489736070381232e-05, 'epoch': 4.46}
{'loss': 2.0734, 'grad_norm': 1.656500220298767, 'learning_rate': 2.1255131964809386e-05, 'epoch': 4.47}
{'loss': 2.0531, 'grad_norm': 1.514129877090454, 'learning_rate': 2.1020527859237537e-05, 'epoch': 4.48}
{'loss': 2.0538, 'grad_norm': 2.382478952407837, 'learning_rate': 2.078592375366569e-05, 'epoch': 4.48}
{'loss': 2.0847, 'grad_norm': 1.5589491128921509, 'learning_rate': 2.0551319648093842e-05, 'epoch': 4.49}
{'loss': 2.1117, 'grad_norm': 1.473257303237915, 'learning_rate': 2.0316715542521993e-05, 'epoch': 4.49}
{'loss': 2.0812, 'grad_norm': 1.613311767578125, 'learning_rate': 2.0082111436950147e-05, 'epoch': 4.5}
{'loss': 2.014, 'grad_norm': 1.6198598146438599, 'learning_rate': 1.98475073313783e-05, 'epoch': 4.5}
{'loss': 2.1467, 'grad_norm': 1.7522433996200562, 'learning_rate': 1.9612903225806452e-05, 'epoch': 4.51}
{'loss': 2.0256, 'grad_norm': 1.9404733180999756, 'learning_rate': 1.9378299120234607e-05, 'epoch': 4.52}
{'loss': 1.9767, 'grad_norm': 1.5563111305236816, 'learning_rate': 1.9143695014662758e-05, 'epoch': 4.52}
{'loss': 2.0119, 'grad_norm': 1.4242064952850342, 'learning_rate': 1.890909090909091e-05, 'epoch': 4.53}
{'loss': 2.1092, 'grad_norm': 1.8822499513626099, 'learning_rate': 1.8674486803519063e-05, 'epoch': 4.53}
{'loss': 2.1611, 'grad_norm': 1.0561200380325317, 'learning_rate': 1.8439882697947214e-05, 'epoch': 4.54}
{'loss': 2.1879, 'grad_norm': 1.0306402444839478, 'learning_rate': 1.8205278592375368e-05, 'epoch': 4.55}
{'loss': 2.1377, 'grad_norm': 2.1178507804870605, 'learning_rate': 1.7970674486803522e-05, 'epoch': 4.55}
{'loss': 2.0749, 'grad_norm': 1.2736579179763794, 'learning_rate': 1.7736070381231673e-05, 'epoch': 4.56}
{'loss': 2.0219, 'grad_norm': 1.3062570095062256, 'learning_rate': 1.7501466275659824e-05, 'epoch': 4.56}
{'loss': 2.1717, 'grad_norm': 1.3185021877288818, 'learning_rate': 1.726686217008798e-05, 'epoch': 4.57}
{'loss': 2.0876, 'grad_norm': 2.069225788116455, 'learning_rate': 1.703225806451613e-05, 'epoch': 4.57}
{'loss': 2.1631, 'grad_norm': 1.3103725910186768, 'learning_rate': 1.679765395894428e-05, 'epoch': 4.58}
{'loss': 2.201, 'grad_norm': 1.3863321542739868, 'learning_rate': 1.6563049853372434e-05, 'epoch': 4.59}
{'loss': 2.0535, 'grad_norm': 1.214586615562439, 'learning_rate': 1.632844574780059e-05, 'epoch': 4.59}
{'loss': 2.0083, 'grad_norm': 1.0616631507873535, 'learning_rate': 1.609384164222874e-05, 'epoch': 4.6}
{'loss': 2.0354, 'grad_norm': 1.7871025800704956, 'learning_rate': 1.5859237536656894e-05, 'epoch': 4.6}
{'loss': 2.165, 'grad_norm': 1.5776293277740479, 'learning_rate': 1.5624633431085045e-05, 'epoch': 4.61}
{'loss': 2.0508, 'grad_norm': 1.4898773431777954, 'learning_rate': 1.5390029325513196e-05, 'epoch': 4.62}
{'loss': 2.1352, 'grad_norm': 1.15936279296875, 'learning_rate': 1.515542521994135e-05, 'epoch': 4.62}
{'loss': 2.2559, 'grad_norm': 1.2416890859603882, 'learning_rate': 1.49208211143695e-05, 'epoch': 4.63}
{'loss': 2.1866, 'grad_norm': 2.3328323364257812, 'learning_rate': 1.4686217008797653e-05, 'epoch': 4.63}
{'loss': 2.0536, 'grad_norm': 1.286208987236023, 'learning_rate': 1.4451612903225808e-05, 'epoch': 4.64}
{'loss': 2.1744, 'grad_norm': 1.445184350013733, 'learning_rate': 1.421700879765396e-05, 'epoch': 4.65}
{'loss': 2.1528, 'grad_norm': 1.2591649293899536, 'learning_rate': 1.3982404692082113e-05, 'epoch': 4.65}
{'loss': 2.1502, 'grad_norm': 1.4570627212524414, 'learning_rate': 1.3747800586510265e-05, 'epoch': 4.66}
{'loss': 2.0919, 'grad_norm': 1.3688993453979492, 'learning_rate': 1.3513196480938416e-05, 'epoch': 4.66}
{'loss': 2.1608, 'grad_norm': 1.51345956325531, 'learning_rate': 1.3278592375366569e-05, 'epoch': 4.67}
{'loss': 2.126, 'grad_norm': 1.7708606719970703, 'learning_rate': 1.3043988269794722e-05, 'epoch': 4.67}
{'loss': 2.1031, 'grad_norm': 1.124830961227417, 'learning_rate': 1.2809384164222874e-05, 'epoch': 4.68}
{'loss': 2.0253, 'grad_norm': 1.7480536699295044, 'learning_rate': 1.2574780058651028e-05, 'epoch': 4.69}
{'loss': 2.1089, 'grad_norm': 1.5543428659439087, 'learning_rate': 1.234017595307918e-05, 'epoch': 4.69}
{'loss': 2.1296, 'grad_norm': 1.1914962530136108, 'learning_rate': 1.2105571847507332e-05, 'epoch': 4.7}
{'loss': 2.062, 'grad_norm': 1.3128708600997925, 'learning_rate': 1.1870967741935484e-05, 'epoch': 4.7}
{'loss': 2.0877, 'grad_norm': 2.041624069213867, 'learning_rate': 1.1636363636363637e-05, 'epoch': 4.71}
{'loss': 2.2165, 'grad_norm': 1.6787562370300293, 'learning_rate': 1.140175953079179e-05, 'epoch': 4.72}
{'loss': 2.1436, 'grad_norm': 1.0022529363632202, 'learning_rate': 1.1167155425219942e-05, 'epoch': 4.72}
{'loss': 2.0046, 'grad_norm': 1.532678484916687, 'learning_rate': 1.0932551319648095e-05, 'epoch': 4.73}
{'loss': 2.094, 'grad_norm': 1.6495978832244873, 'learning_rate': 1.0697947214076247e-05, 'epoch': 4.73}
{'loss': 2.0811, 'grad_norm': 0.8469219207763672, 'learning_rate': 1.0463343108504398e-05, 'epoch': 4.74}
{'loss': 2.0597, 'grad_norm': 2.691258192062378, 'learning_rate': 1.0228739002932553e-05, 'epoch': 4.74}
{'loss': 1.9886, 'grad_norm': 1.6550500392913818, 'learning_rate': 9.994134897360705e-06, 'epoch': 4.75}
{'loss': 2.238, 'grad_norm': 1.1908514499664307, 'learning_rate': 9.759530791788856e-06, 'epoch': 4.76}
{'loss': 2.003, 'grad_norm': 1.7199530601501465, 'learning_rate': 9.524926686217009e-06, 'epoch': 4.76}
{'loss': 2.1868, 'grad_norm': 1.4836618900299072, 'learning_rate': 9.290322580645163e-06, 'epoch': 4.77}
{'loss': 1.937, 'grad_norm': 2.145766496658325, 'learning_rate': 9.055718475073314e-06, 'epoch': 4.77}
{'loss': 2.1085, 'grad_norm': 1.1237727403640747, 'learning_rate': 8.821114369501466e-06, 'epoch': 4.78}
{'loss': 1.8967, 'grad_norm': 1.3422690629959106, 'learning_rate': 8.586510263929619e-06, 'epoch': 4.79}
{'loss': 2.0834, 'grad_norm': 1.8698573112487793, 'learning_rate': 8.351906158357772e-06, 'epoch': 4.79}
{'loss': 2.0146, 'grad_norm': 2.1140806674957275, 'learning_rate': 8.117302052785924e-06, 'epoch': 4.8}
{'loss': 2.1461, 'grad_norm': 1.8322124481201172, 'learning_rate': 7.882697947214077e-06, 'epoch': 4.8}
{'loss': 2.2371, 'grad_norm': 1.5520596504211426, 'learning_rate': 7.64809384164223e-06, 'epoch': 4.81}
{'loss': 2.0098, 'grad_norm': 1.5332363843917847, 'learning_rate': 7.413489736070382e-06, 'epoch': 4.82}
{'loss': 2.0736, 'grad_norm': 1.6362106800079346, 'learning_rate': 7.1788856304985345e-06, 'epoch': 4.82}
{'loss': 2.1133, 'grad_norm': 1.459755301475525, 'learning_rate': 6.944281524926686e-06, 'epoch': 4.83}
{'loss': 2.0048, 'grad_norm': 1.5121272802352905, 'learning_rate': 6.709677419354839e-06, 'epoch': 4.83}
{'loss': 2.1191, 'grad_norm': 1.9420394897460938, 'learning_rate': 6.475073313782992e-06, 'epoch': 4.84}
{'loss': 2.0086, 'grad_norm': 1.1402100324630737, 'learning_rate': 6.240469208211144e-06, 'epoch': 4.84}
{'loss': 1.9541, 'grad_norm': 1.6633785963058472, 'learning_rate': 6.005865102639297e-06, 'epoch': 4.85}
{'loss': 2.1264, 'grad_norm': 1.6722835302352905, 'learning_rate': 5.771260997067449e-06, 'epoch': 4.86}
{'loss': 2.125, 'grad_norm': 1.5250293016433716, 'learning_rate': 5.536656891495602e-06, 'epoch': 4.86}
{'loss': 2.081, 'grad_norm': 1.8471755981445312, 'learning_rate': 5.302052785923754e-06, 'epoch': 4.87}
{'loss': 1.9903, 'grad_norm': 1.607595443725586, 'learning_rate': 5.067448680351906e-06, 'epoch': 4.87}
{'loss': 2.0199, 'grad_norm': 1.6590989828109741, 'learning_rate': 4.8328445747800596e-06, 'epoch': 4.88}
{'loss': 2.1076, 'grad_norm': 1.6501381397247314, 'learning_rate': 4.598240469208211e-06, 'epoch': 4.89}
{'loss': 1.9842, 'grad_norm': 1.617186427116394, 'learning_rate': 4.363636363636364e-06, 'epoch': 4.89}
{'loss': 2.0138, 'grad_norm': 1.378125786781311, 'learning_rate': 4.1290322580645165e-06, 'epoch': 4.9}
{'loss': 2.0874, 'grad_norm': 1.7960914373397827, 'learning_rate': 3.894428152492669e-06, 'epoch': 4.9}
{'loss': 2.1678, 'grad_norm': 1.9771363735198975, 'learning_rate': 3.6598240469208212e-06, 'epoch': 4.91}
{'loss': 2.1357, 'grad_norm': 1.333699345588684, 'learning_rate': 3.4252199413489743e-06, 'epoch': 4.91}
{'loss': 2.0304, 'grad_norm': 1.502416968345642, 'learning_rate': 3.1906158357771264e-06, 'epoch': 4.92}
{'loss': 2.1879, 'grad_norm': 1.1824589967727661, 'learning_rate': 2.9560117302052786e-06, 'epoch': 4.93}
{'loss': 2.0951, 'grad_norm': 1.1869854927062988, 'learning_rate': 2.721407624633431e-06, 'epoch': 4.93}
{'loss': 2.0713, 'grad_norm': 2.083475351333618, 'learning_rate': 2.4868035190615838e-06, 'epoch': 4.94}
{'loss': 1.9839, 'grad_norm': 1.3378541469573975, 'learning_rate': 2.2521994134897363e-06, 'epoch': 4.94}
{'loss': 2.0822, 'grad_norm': 1.607909083366394, 'learning_rate': 2.0175953079178885e-06, 'epoch': 4.95}
{'loss': 2.0828, 'grad_norm': 1.402923345565796, 'learning_rate': 1.782991202346041e-06, 'epoch': 4.96}
{'loss': 2.1275, 'grad_norm': 1.1274679899215698, 'learning_rate': 1.5483870967741937e-06, 'epoch': 4.96}
{'loss': 2.0185, 'grad_norm': 1.7955429553985596, 'learning_rate': 1.313782991202346e-06, 'epoch': 4.97}
{'loss': 2.1151, 'grad_norm': 1.5013691186904907, 'learning_rate': 1.0791788856304986e-06, 'epoch': 4.97}
{'loss': 1.9734, 'grad_norm': 2.3259780406951904, 'learning_rate': 8.44574780058651e-07, 'epoch': 4.98}
{'loss': 2.0381, 'grad_norm': 2.29379940032959, 'learning_rate': 6.099706744868035e-07, 'epoch': 4.99}
{'loss': 1.9488, 'grad_norm': 1.3229440450668335, 'learning_rate': 3.7536656891495604e-07, 'epoch': 4.99}
{'loss': 2.094, 'grad_norm': 1.3463647365570068, 'learning_rate': 1.4076246334310852e-07, 'epoch': 5.0}
{'train_runtime': 8379.609, 'train_samples_per_second': 4.068, 'train_steps_per_second': 1.017, 'train_loss': 2.264497283980294, 'epoch': 5.0}
   [Save] Saving adapter to /gpfs/data/fs71186/ziegler/ThesisProject/results/adapters/llama2_darkreddit
   [System] Renaming adapters to *_5ep...
>>> [5/5] Evaluating LoRA (5 Epochs)...
   [Config] Detected CLUSTER Environment (Linux).
========================================
   STARTING JOB: llama2_reuters (LoRA)
   Device: cuda
========================================
   [Data] Loading Reuters (C50train)...
   [Data] Loading Reuters (C50test)...
   [Data] Final Test Size: 2500 samples
   [llama2] Loading Llama (Decoder) from: /gpfs/data/fs71186/ziegler/ThesisProject/models/Llama-2-7b-hf
   [llama2] [DEBUG] Attempting to load LoRA from: /gpfs/data/fs71186/ziegler/ThesisProject/results/adapters/llama2_reuters
   [llama2] [SUCCESS] LoRA Adapter active (Keys matched).
   [Pipeline] Generating Train Embeddings...
   [Pipeline] Generating Test Embeddings...
   [Save] Saving embeddings to: /gpfs/data/fs71186/ziegler/ThesisProject/results/embeddings/llama2_reuters_lora_5ep.pt
   [Eval] Calculating metrics for llama2 on reuters...
   [Eval] Report saved: /gpfs/data/fs71186/ziegler/ThesisProject/results/logs/llama2_reuters_2026-01-28_10-14-24_report.txt
   [Eval] Plot saved: /gpfs/data/fs71186/ziegler/ThesisProject/results/plots/llama2_reuters_2026-01-28_10-14-24_matrix.png
------------------------------------------------

========================================
   JOB COMPLETE: llama2_reuters (LoRA)
==========================================
   [Config] Detected CLUSTER Environment (Linux).
========================================
   STARTING JOB: llama2_darkreddit (LoRA)
   Device: cuda
========================================
   [Data] Loading DarkReddit (darkreddit_authorship_attribution_train_anon.jsonl)...
   [Info] Detected keys - Text: 'comment', Author: 'author'
   [Data] Loading DarkReddit (darkreddit_authorship_attribution_test_anon.jsonl)...
   [Info] Detected keys - Text: 'comment', Author: 'author'
   [Data] Final Test Size: 2276 samples
   [llama2] Loading Llama (Decoder) from: /gpfs/data/fs71186/ziegler/ThesisProject/models/Llama-2-7b-hf
   [llama2] [DEBUG] Attempting to load LoRA from: /gpfs/data/fs71186/ziegler/ThesisProject/results/adapters/llama2_darkreddit
   [llama2] [SUCCESS] LoRA Adapter active (Keys matched).
   [Pipeline] Generating Train Embeddings...
   [Pipeline] Generating Test Embeddings...
   [Save] Saving embeddings to: /gpfs/data/fs71186/ziegler/ThesisProject/results/embeddings/llama2_darkreddit_lora_5ep.pt
   [Eval] Calculating metrics for llama2 on darkreddit...
   [Eval] Report saved: /gpfs/data/fs71186/ziegler/ThesisProject/results/logs/llama2_darkreddit_2026-01-28_10-22-50_report.txt
   [Eval] Plot saved: /gpfs/data/fs71186/ziegler/ThesisProject/results/plots/llama2_darkreddit_2026-01-28_10-22-50_matrix.png
------------------------------------------------

========================================
   JOB COMPLETE: llama2_darkreddit (LoRA)
==========================================

=== MULTI-EPOCH PIPELINE FINISHED ===
Results available in results/embeddings/
total 859M
-rw-r--r-- 1 ziegler p71186  36M Jan 28 04:52 e5_large_darkreddit_base.pt
-rw-r--r-- 1 ziegler p71186  36M Jan 28 05:10 e5_large_darkreddit_lora_3ep.pt
-rw-r--r-- 1 ziegler p71186  36M Jan 28 05:36 e5_large_darkreddit_lora_5ep.pt
-rw-r--r-- 1 ziegler p71186  20M Jan 28 04:49 e5_large_reuters_base.pt
-rw-r--r-- 1 ziegler p71186  20M Jan 28 05:07 e5_large_reuters_lora_3ep.pt
-rw-r--r-- 1 ziegler p71186  20M Jan 28 05:33 e5_large_reuters_lora_5ep.pt
-rw-r--r-- 1 ziegler p71186  14M Jan 28 04:33 e5_small_darkreddit_base.pt
-rw-r--r-- 1 ziegler p71186  14M Jan 28 04:39 e5_small_darkreddit_lora_3ep.pt
-rw-r--r-- 1 ziegler p71186  14M Jan 28 04:47 e5_small_darkreddit_lora_5ep.pt
-rw-r--r-- 1 ziegler p71186 7.4M Jan 28 04:33 e5_small_reuters_base.pt
-rw-r--r-- 1 ziegler p71186 7.4M Jan 28 04:38 e5_small_reuters_lora_3ep.pt
-rw-r--r-- 1 ziegler p71186 7.4M Jan 28 04:46 e5_small_reuters_lora_5ep.pt
-rw-r--r-- 1 ziegler p71186 143M Jan 28 04:48 llama2_darkreddit_base.pt
-rw-r--r-- 1 ziegler p71186 143M Jan 28 06:58 llama2_darkreddit_lora_3ep.pt
-rw-r--r-- 1 ziegler p71186 143M Jan 28 10:22 llama2_darkreddit_lora_5ep.pt
-rw-r--r-- 1 ziegler p71186  79M Jan 28 04:40 llama2_reuters_base.pt
-rw-r--r-- 1 ziegler p71186  79M Jan 28 06:49 llama2_reuters_lora_3ep.pt
-rw-r--r-- 1 ziegler p71186  79M Jan 28 10:14 llama2_reuters_lora_5ep.pt
